keyword,cluster,page,source,business_fit
what he thinks,interest,TBD,round3 editorial seed,85
what is he thinking,interest,TBD,round3 editorial seed,85
what does he think of me,interest,TBD,round3 editorial seed,85
does he find me attractive,interest,TBD,round3 editorial seed,85
signs of attraction,interest,TBD,round3 editorial seed,85
signs of mutual attraction,interest,TBD,round3 editorial seed,85
does he have feelings for me,interest,TBD,round3 editorial seed,85
signs he wants you,interest,TBD,round3 editorial seed,85
signs he is falling for you,interest,TBD,round3 editorial seed,85
signs he loves you,interest,TBD,round3 editorial seed,85
signs he likes you but is scared,interest,TBD,round3 editorial seed,85
is he interested or just being nice,interest,TBD,round3 editorial seed,85
is he worth it,interest,TBD,round3 editorial seed,85
how to know if someone likes you,interest,TBD,round3 editorial seed,85
how to tell if someone is flirting,interest,TBD,round3 editorial seed,85
how to tell if a guy is flirting over text,interest,TBD,round3 editorial seed,85
conversation starters,conversation,TBD,round3 editorial seed,75
deep conversation starters,conversation,TBD,round3 editorial seed,75
conversation starters for couples,conversation,TBD,round3 editorial seed,75
conversation starters with your crush,conversation,TBD,round3 editorial seed,75
questions to ask your crush,conversation,TBD,round3 editorial seed,75
questions to ask a guy,conversation,TBD,round3 editorial seed,75
questions to ask your boyfriend,conversation,TBD,round3 editorial seed,75
deep questions to ask your boyfriend,conversation,TBD,round3 editorial seed,75
flirty questions to ask a guy,conversation,TBD,round3 editorial seed,75
relationship questions,conversation,TBD,round3 editorial seed,75
questions to ask before dating,conversation,TBD,round3 editorial seed,75
questions to ask in a new relationship,conversation,TBD,round3 editorial seed,75
how to keep a conversation going,conversation,TBD,round3 editorial seed,75
how to start a conversation over text,conversation,TBD,round3 editorial seed,75
how to text a guy,conversation,TBD,round3 editorial seed,75
what to text your crush,conversation,TBD,round3 editorial seed,75
what to talk about with your boyfriend,conversation,TBD,round3 editorial seed,75
how to get to know someone,conversation,TBD,round3 editorial seed,75
getting to know you questions,conversation,TBD,round3 editorial seed,75
how to ask a guy out,conversation,TBD,round3 editorial seed,75
how to respond to hey,responses,TBD,round3 editorial seed,85
how to respond to i miss you,responses,TBD,round3 editorial seed,85
how to respond to a compliment,responses,TBD,round3 editorial seed,85
how to respond to a flirty text,responses,TBD,round3 editorial seed,85
how to respond to good morning text,responses,TBD,round3 editorial seed,85
how to respond to an apology,responses,TBD,round3 editorial seed,85
how to respond to rejection,responses,TBD,round3 editorial seed,85
how to respond to no response,responses,TBD,round3 editorial seed,85
what to say when someone ignores you,responses,TBD,round3 editorial seed,85
how to tell someone you like them,responses,TBD,round3 editorial seed,85
how to tell someone you are not interested,responses,TBD,round3 editorial seed,85
how to ask someone what they want,responses,TBD,round3 editorial seed,85
how to ask are we exclusive,responses,TBD,round3 editorial seed,85
how to ask for clarity in a relationship,responses,TBD,round3 editorial seed,85
dating vs relationship,dating,TBD,round3 editorial seed,75
dating exclusively,dating,TBD,round3 editorial seed,75
exclusive relationship,dating,TBD,round3 editorial seed,75
casual dating,dating,TBD,round3 editorial seed,75
casual relationship,dating,TBD,round3 editorial seed,75
dating intentions,dating,TBD,round3 editorial seed,75
relationship stages,dating,TBD,round3 editorial seed,75
dating stages,dating,TBD,round3 editorial seed,75
relationship labels,dating,TBD,round3 editorial seed,75
friends with benefits,dating,TBD,round3 editorial seed,75
friends with benefits rules,dating,TBD,round3 editorial seed,75
friends with benefits signs he likes you,dating,TBD,round3 editorial seed,75
dating red flags,dating,TBD,round3 editorial seed,75
early dating signs he likes you,dating,TBD,round3 editorial seed,75
dating green flags,dating,TBD,round3 editorial seed,75
first date questions,dating,TBD,round3 editorial seed,75
second date questions,dating,TBD,round3 editorial seed,75
third date,dating,TBD,round3 editorial seed,75
dating communication,dating,TBD,round3 editorial seed,75
how often to see someone you are dating,dating,TBD,round3 editorial seed,75
when to define the relationship,dating,TBD,round3 editorial seed,75
how to know if a date went well,dating,TBD,round3 editorial seed,75
signs of a good first date,dating,TBD,round3 editorial seed,75
he stopped texting but still likes my posts,distance,TBD,round3 editorial seed,85
why do guys pull away,distance,TBD,round3 editorial seed,85
why men pull away,distance,TBD,round3 editorial seed,85
he is distant,distance,TBD,round3 editorial seed,85
he is acting different,distance,TBD,round3 editorial seed,85
he ignores me,distance,TBD,round3 editorial seed,85
why is he ignoring me,distance,TBD,round3 editorial seed,85
left on delivered,distance,TBD,round3 editorial seed,85
left on read,distance,TBD,round3 editorial seed,85
why do guys text less after a while,distance,TBD,round3 editorial seed,85
he texts me everyday,distance,TBD,round3 editorial seed,85
he texts me but never asks me out,distance,TBD,round3 editorial seed,85
he says he is busy,distance,TBD,round3 editorial seed,85
he says he is not ready for a relationship,distance,TBD,round3 editorial seed,85
he needs space,distance,TBD,round3 editorial seed,85
how to give him space,distance,TBD,round3 editorial seed,85
when to stop texting a guy,distance,TBD,round3 editorial seed,85
inconsistent communication,patterns,TBD,round3 editorial seed,75
inconsistent behavior in relationships,patterns,TBD,round3 editorial seed,75
emotional unavailability,patterns,TBD,round3 editorial seed,75
unrequited love,patterns,TBD,round3 editorial seed,75
unreciprocated love,patterns,TBD,round3 editorial seed,75
feeling unwanted in a relationship,patterns,TBD,round3 editorial seed,75
feeling disconnected from partner,patterns,TBD,round3 editorial seed,75
feeling lonely in a relationship,patterns,TBD,round3 editorial seed,75
feeling unappreciated in a relationship,patterns,TBD,round3 editorial seed,75
emotional neglect in relationships,patterns,TBD,round3 editorial seed,75
lack of affection in a relationship,patterns,TBD,round3 editorial seed,75
lack of communication in a relationship,patterns,TBD,round3 editorial seed,75
poor communication in relationships,patterns,TBD,round3 editorial seed,75
relationship doubts,patterns,TBD,round3 editorial seed,75
relationship compatibility signs,patterns,TBD,round3 editorial seed,75
healthy relationship signs,patterns,TBD,round3 editorial seed,75
unhealthy relationship signs,patterns,TBD,round3 editorial seed,75
effort in a relationship,patterns,TBD,round3 editorial seed,75
relationship deal breakers,patterns,TBD,round3 editorial seed,75
relationship needs,patterns,TBD,round3 editorial seed,75
reassurance in a relationship,patterns,TBD,round3 editorial seed,75
should i break up with my boyfriend,breakup,TBD,round3 editorial seed,75
when to end a relationship,breakup,TBD,round3 editorial seed,75
signs a relationship is over,breakup,TBD,round3 editorial seed,75
how to end a relationship,breakup,TBD,round3 editorial seed,75
how to move on from someone,breakup,TBD,round3 editorial seed,75
how to get over a crush,breakup,TBD,round3 editorial seed,75
how to stop liking someone,breakup,TBD,round3 editorial seed,75
how to stop thinking about someone,breakup,TBD,round3 editorial seed,75
how to stop chasing someone,breakup,TBD,round3 editorial seed,75
how to detach from someone,breakup,TBD,round3 editorial seed,75
how to let go of someone,breakup,TBD,round3 editorial seed,75
how to get closure,breakup,TBD,round3 editorial seed,75
why do i miss my ex,breakup,TBD,round3 editorial seed,75
my ex texted me,breakup,TBD,round3 editorial seed,75
my ex wants to be friends,breakup,TBD,round3 editorial seed,75
signs your ex is testing you,breakup,TBD,round3 editorial seed,75
how to know if your ex still loves you,breakup,TBD,round3 editorial seed,75
flirting signs,textmeaning,TBD,round3 editorial seed,85
flirting examples,textmeaning,TBD,round3 editorial seed,85
banter flirting,textmeaning,TBD,round3 editorial seed,85
playful teasing,textmeaning,TBD,round3 editorial seed,85
flirty banter,textmeaning,TBD,round3 editorial seed,85
texting chemistry signs,textmeaning,TBD,round3 editorial seed,85
texting green flags,textmeaning,TBD,round3 editorial seed,85
texting styles,textmeaning,TBD,round3 editorial seed,85
romantic attraction,textmeaning,TBD,round3 editorial seed,85
romantic interest,textmeaning,TBD,round3 editorial seed,85
emotional attraction,textmeaning,TBD,round3 editorial seed,85
emotional connection signs,textmeaning,TBD,round3 editorial seed,85
chemistry between two people,textmeaning,TBD,round3 editorial seed,85
romantic chemistry,textmeaning,TBD,round3 editorial seed,85
platonic vs romantic,textmeaning,TBD,round3 editorial seed,85
pet names meaning,textmeaning,TBD,round3 editorial seed,85
good morning text,textmeaning,TBD,round3 editorial seed,85
good night text,textmeaning,TBD,round3 editorial seed,85
thinking of you text,textmeaning,TBD,round3 editorial seed,85
miss you text,textmeaning,TBD,round3 editorial seed,85
heart emoji meaning from a guy,textmeaning,TBD,round3 editorial seed,85
he calls me cute,textmeaning,TBD,round3 editorial seed,85
he calls me beautiful,textmeaning,TBD,round3 editorial seed,85
what he thinks about us,interest,TBD,Google autocomplete: what he thinks,85
what he thinks about us gumball,interest,TBD,Google autocomplete: what he thinks,85
what he thinks when you go silent,interest,TBD,Google autocomplete: what he thinks,85
what he thinks i see vs what i see,interest,TBD,Google autocomplete: what he thinks,85
what he thinks when you stop chasing him,interest,TBD,Google autocomplete: what he thinks,85
what he thinks when you apologize,interest,TBD,Google autocomplete: what he thinks,85
what he thinks about,interest,TBD,Google autocomplete: what he thinks a,85
what he said about me,interest,TBD,Google autocomplete: what he thinks a,85
what he has said is right,interest,TBD,Google autocomplete: what he thinks h,85
what is she thinks his name is john about,interest,TBD,Google autocomplete: what he thinks h,85
what he thinks after you sleep with him,interest,TBD,Google autocomplete: what he thinks h,85
what he thinks when you block him,interest,TBD,Google autocomplete: what he thinks w,85
what he thinks when you walk away,interest,TBD,Google autocomplete: what he thinks w,85
what is he thinking during no contact,interest,TBD,Google autocomplete: what is he thinking,85
what is he thinking the streets,interest,TBD,Google autocomplete: what is he thinking,85
what is he thinking about,interest,TBD,Google autocomplete: what is he thinking a,85
what is he thinking about me,interest,TBD,Google autocomplete: what is he thinking a,85
what does he think about,interest,TBD,Google autocomplete: what is he thinking a,85
what is the thinking about you emoji,interest,TBD,Google autocomplete: what is he thinking a,85
what is it you are thinking,interest,TBD,Google autocomplete: what is he thinking a,85
what is thinking about you by radiohead about,interest,TBD,Google autocomplete: what is he thinking a,85
what is thinking about you by katy perry about,interest,TBD,Google autocomplete: what is he thinking a,85
what is she thinks his name was john about,interest,TBD,Google autocomplete: what is he thinking h,85
what is the heritage think tank,interest,TBD,Google autocomplete: what is he thinking h,85
what is the six thinking hats,interest,TBD,Google autocomplete: what is he thinking h,85
what is the six thinking hats technique,interest,TBD,Google autocomplete: what is he thinking h,85
what is the six thinking hats model,interest,TBD,Google autocomplete: what is he thinking h,85
what is the six thinking hats by edward de bono,interest,TBD,Google autocomplete: what is he thinking h,85
what is the word for thinking highly of yourself,interest,TBD,Google autocomplete: what is he thinking h,85
what is the world thinking day,interest,TBD,Google autocomplete: what is he thinking w,85
what does he think of me quiz,interest,TBD,Google autocomplete: what does he think of me,85
what does he think of me queen of wands,interest,TBD,Google autocomplete: what does he think of me,85
what is man that you think of him,interest,TBD,Google autocomplete: what does he think of me,85
if i think of someone do they think of me,interest,TBD,Google autocomplete: what does he think of me,85
does he find me attractive quiz,interest,TBD,Google autocomplete: does he find me attractive,85
does he find me physically attractive,interest,TBD,Google autocomplete: does he find me attractive,85
does anyone find me attractive,interest,TBD,Google autocomplete: does he find me attractive,85
do you find me attractive answer,interest,TBD,Google autocomplete: does he find me attractive a,85
what does he find attractive about me,interest,TBD,Google autocomplete: does he find me attractive a,85
does my husband find me attractive,interest,TBD,Google autocomplete: does he find me attractive h,85
why does he find me attractive,interest,TBD,Google autocomplete: does he find me attractive w,85
signs of attraction from a man,interest,TBD,Google autocomplete: signs of attraction,85
signs of attraction from a woman,interest,TBD,Google autocomplete: signs of attraction,85
signs of attraction between two people,interest,TBD,Google autocomplete: signs of attraction,85
signs of attraction from a guy,interest,TBD,Google autocomplete: signs of attraction,85
signs of attraction body language,interest,TBD,Google autocomplete: signs of attraction,85
signs of attraction to someone,interest,TBD,Google autocomplete: signs of attraction,85
signs of attraction between two women,interest,TBD,Google autocomplete: signs of attraction,85
signs of attraction at the gym,interest,TBD,Google autocomplete: signs of attraction a,85
signs of attraction at first sight,interest,TBD,Google autocomplete: signs of attraction a,85
signs of aesthetic attraction,interest,TBD,Google autocomplete: signs of attraction a,85
signs of alterous attraction,interest,TBD,Google autocomplete: signs of attraction a,85
signs of an attractive man,interest,TBD,Google autocomplete: signs of attraction a,85
signs of an attractive woman,interest,TBD,Google autocomplete: signs of attraction a,85
signs of an attractive personality,interest,TBD,Google autocomplete: signs of attraction a,85
signs of hidden attraction,interest,TBD,Google autocomplete: signs of attraction h,85
signs of hidden attraction from a man,interest,TBD,Google autocomplete: signs of attraction h,85
signs of high attraction,interest,TBD,Google autocomplete: signs of attraction h,85
signs of hidden attraction from a woman,interest,TBD,Google autocomplete: signs of attraction h,85
signs of hiding attraction,interest,TBD,Google autocomplete: signs of attraction h,85
signs of healthy attraction,interest,TBD,Google autocomplete: signs of attraction h,85
signs of human attraction,interest,TBD,Google autocomplete: signs of attraction h,85
signs of highly attractive man,interest,TBD,Google autocomplete: signs of attraction h,85
signs of attraction women,interest,TBD,Google autocomplete: signs of attraction w,85
signs of attraction wlw,interest,TBD,Google autocomplete: signs of attraction w,85
signs of attraction wikihow,interest,TBD,Google autocomplete: signs of attraction w,85
signs of attraction when talking,interest,TBD,Google autocomplete: signs of attraction w,85
signs of attraction with eyes,interest,TBD,Google autocomplete: signs of attraction w,85
signs of interest woman,interest,TBD,Google autocomplete: signs of attraction w,85
signs of attraction between women,interest,TBD,Google autocomplete: signs of attraction w,85
signs of mutual attraction wlw,interest,TBD,Google autocomplete: signs of attraction w,85
signs of mutual attraction between friends,interest,TBD,Google autocomplete: signs of mutual attraction,85
signs of mutual attraction between coworkers,interest,TBD,Google autocomplete: signs of mutual attraction,85
signs of mutual attraction between man and woman,interest,TBD,Google autocomplete: signs of mutual attraction,85
signs of mutual attraction between two people,interest,TBD,Google autocomplete: signs of mutual attraction,85
signs of mutual attraction from a man,interest,TBD,Google autocomplete: signs of mutual attraction,85
signs of a mutual attraction,interest,TBD,Google autocomplete: signs of mutual attraction a,85
can you feel mutual attraction,interest,TBD,Google autocomplete: signs of mutual attraction a,85
signs of hidden mutual attraction,interest,TBD,Google autocomplete: signs of mutual attraction h,85
signs of mutual attraction between two women,interest,TBD,Google autocomplete: signs of mutual attraction w,85
what are signs of mutual attraction,interest,TBD,Google autocomplete: signs of mutual attraction w,85
does he have feelings for me quiz,interest,TBD,Google autocomplete: does he have feelings for me,85
does he have feelings for me or just lust,interest,TBD,Google autocomplete: does he have feelings for me,85
does she have feelings for me,interest,TBD,Google autocomplete: does he have feelings for me,85
does she have feelings for me quiz,interest,TBD,Google autocomplete: does he have feelings for me,85
did he have feelings for me,interest,TBD,Google autocomplete: does he have feelings for me,85
does he still have feelings for me,interest,TBD,Google autocomplete: does he have feelings for me,85
does he have romantic feelings for me,interest,TBD,Google autocomplete: does he have feelings for me,85
does he still have feelings for me quiz,interest,TBD,Google autocomplete: does he have feelings for me,85
signs he wants you badly,interest,TBD,Google autocomplete: signs he wants you,85
signs he wants you to leave him alone,interest,TBD,Google autocomplete: signs he wants you,85
signs he wants you to notice him,interest,TBD,Google autocomplete: signs he wants you,85
signs he wants you to chase him,interest,TBD,Google autocomplete: signs he wants you,85
signs he wants you to call him,interest,TBD,Google autocomplete: signs he wants you,85
signs he wants you back but is scared,interest,TBD,Google autocomplete: signs he wants you,85
signs he wants you to stop texting him,interest,TBD,Google autocomplete: signs he wants you,85
signs he wants you back,interest,TBD,Google autocomplete: signs he wants you,85
signs he wants you as his girlfriend,interest,TBD,Google autocomplete: signs he wants you a,85
signs she wants you ask her out,interest,TBD,Google autocomplete: signs he wants you a,85
signs he wants you as a wife,interest,TBD,Google autocomplete: signs he wants you a,85
signs he wants to ask you out but is shy,interest,TBD,Google autocomplete: signs he wants you a,85
signs she wants you to approach her,interest,TBD,Google autocomplete: signs he wants you a,85
signs he still loves you after breakup,interest,TBD,Google autocomplete: signs he wants you a,85
signs he wants to ask you out,interest,TBD,Google autocomplete: signs he wants you a,85
signs he wants you back after a fight,interest,TBD,Google autocomplete: signs he wants you a,85
signs he doesn't want you anymore,interest,TBD,Google autocomplete: signs he wants you a,85
signs she wants you to make a move,interest,TBD,Google autocomplete: signs he wants you a,85
signs he wants you but is holding back,interest,TBD,Google autocomplete: signs he wants you h,85
signs he wants you to be his girlfriend soon,interest,TBD,Google autocomplete: signs he wants you h,85
signs he wants you to leave his house,interest,TBD,Google autocomplete: signs he wants you h,85
signs he wants to make you his second wife,interest,TBD,Google autocomplete: signs he wants you h,85
signs he loves you while cuddling,interest,TBD,Google autocomplete: signs he wants you w,85
signs he loves you without saying,interest,TBD,Google autocomplete: signs he wants you w,85
signs she loves you without saying,interest,TBD,Google autocomplete: signs he wants you w,85
signs he wants to wife you,interest,TBD,Google autocomplete: signs he wants you w,85
signs he wants a baby with you,interest,TBD,Google autocomplete: signs he wants you w,85
signs he wants to be with you,interest,TBD,Google autocomplete: signs he wants you w,85
you know he loves you when,interest,TBD,Google autocomplete: signs he wants you w,85
signs he wants a serious relationship with you,interest,TBD,Google autocomplete: signs he wants you w,85
signs he secretly wants to be with you,interest,TBD,Google autocomplete: signs he wants you w,85
signs to know he is using you,interest,TBD,Google autocomplete: signs he wants you w,85
signs he is falling for you deeply,interest,TBD,Google autocomplete: signs he is falling for you,85
signs he is falling for you but hiding it,interest,TBD,Google autocomplete: signs he is falling for you,85
signs he is falling for you in bed,interest,TBD,Google autocomplete: signs he is falling for you,85
signs he's falling for you but scared,interest,TBD,Google autocomplete: signs he is falling for you,85
signs he's falling for you over text,interest,TBD,Google autocomplete: signs he is falling for you,85
signs she is falling for you,interest,TBD,Google autocomplete: signs he is falling for you,85
signs she is falling for you over text,interest,TBD,Google autocomplete: signs he is falling for you,85
how to tell if he is falling for you,interest,TBD,Google autocomplete: signs he is falling for you,85
weird signs he's falling for you after a,interest,TBD,Google autocomplete: signs he is falling for you a,85
signs she is afraid to fall for you,interest,TBD,Google autocomplete: signs he is falling for you a,85
signs your ex is falling for you again,interest,TBD,Google autocomplete: signs he is falling for you a,85
how do you know if he is falling for you,interest,TBD,Google autocomplete: signs he is falling for you a,85
signs he's falling for you hard,interest,TBD,Google autocomplete: signs he is falling for you h,85
signs a man is falling hard for you,interest,TBD,Google autocomplete: signs he is falling for you h,85
signs he has fallen for you,interest,TBD,Google autocomplete: signs he is falling for you h,85
signs he's falling for you but hiding it over,interest,TBD,Google autocomplete: signs he is falling for you h,85
signs he has started falling for you,interest,TBD,Google autocomplete: signs he is falling for you h,85
how to know he's falling for you,interest,TBD,Google autocomplete: signs he is falling for you h,85
signs he is falling in love with you,interest,TBD,Google autocomplete: signs he is falling for you w,85
signs he is falling in love with you but scared,interest,TBD,Google autocomplete: signs he is falling for you w,85
signs when a guy is falling for you,interest,TBD,Google autocomplete: signs he is falling for you w,85
weird signs he's falling for you,interest,TBD,Google autocomplete: signs he is falling for you w,85
weird signs he's falling for you through text,interest,TBD,Google autocomplete: signs he is falling for you w,85
signs he's falling out of love with you,interest,TBD,Google autocomplete: signs he is falling for you w,85
signs he is falling deeply in love with you,interest,TBD,Google autocomplete: signs he is falling for you w,85
signs someone is falling in love with you,interest,TBD,Google autocomplete: signs he is falling for you w,85
signs he loves you more than you think,interest,TBD,Google autocomplete: signs he loves you,85
signs he loves you but not in love with you,interest,TBD,Google autocomplete: signs he loves you,85
signs he loves you without saying it,interest,TBD,Google autocomplete: signs he loves you,85
signs he loves you but is hiding it,interest,TBD,Google autocomplete: signs he loves you,85
signs he loves you deeply,interest,TBD,Google autocomplete: signs he loves you,85
signs he loves you secretly,interest,TBD,Google autocomplete: signs he loves you,85
signs he loves you but not ready to commit,interest,TBD,Google autocomplete: signs he loves you,85
signs he loves you deeply but hiding it,interest,TBD,Google autocomplete: signs he loves you h,85
signs he likes you but has a girlfriend,interest,TBD,Google autocomplete: signs he loves you h,85
signs he likes you but hiding it,interest,TBD,Google autocomplete: signs he loves you h,85
signs he loves you more than his wife,interest,TBD,Google autocomplete: signs he loves you h,85
signs he likes you but is hiding it through text,interest,TBD,Google autocomplete: signs he loves you h,85
signs she likes you but has a boyfriend,interest,TBD,Google autocomplete: signs he loves you h,85
signs she likes you but hiding it,interest,TBD,Google autocomplete: signs he loves you h,85
signs someone likes you but hiding it,interest,TBD,Google autocomplete: signs he loves you h,85
signs a man likes you but hiding it,interest,TBD,Google autocomplete: signs he loves you h,85
signs he likes you but is hiding it body language,interest,TBD,Google autocomplete: signs he loves you h,85
signs he likes you when kissing,interest,TBD,Google autocomplete: signs he loves you w,85
signs she likes you wlw,interest,TBD,Google autocomplete: signs he loves you w,85
signs he likes you but is scared of rejection,interest,TBD,Google autocomplete: signs he likes you but is scared,85
signs he likes you but is scared of getting hurt,interest,TBD,Google autocomplete: signs he likes you but is scared,85
signs he likes you but is scared to admit it,interest,TBD,Google autocomplete: signs he likes you but is scared,85
signs he likes you but is scared to commit,interest,TBD,Google autocomplete: signs he likes you but is scared,85
signs someone likes you but is scared,interest,TBD,Google autocomplete: signs he likes you but is scared,85
signs she likes you but is scared of getting hurt,interest,TBD,Google autocomplete: signs he likes you but is scared,85
signs he loves you but is scared,interest,TBD,Google autocomplete: signs he likes you but is scared,85
signs she likes you but is scared to admit it,interest,TBD,Google autocomplete: signs he likes you but is scared a,85
signs he likes you but he's scared,interest,TBD,Google autocomplete: signs he likes you but is scared h,85
signs he loves you but is afraid of getting hurt,interest,TBD,Google autocomplete: signs he likes you but is scared h,85
signs he loves you but he's scared,interest,TBD,Google autocomplete: signs he likes you but is scared h,85
how to tell if someone likes you but is scared,interest,TBD,Google autocomplete: signs he likes you but is scared h,85
weird signs a guy likes you but is scared,interest,TBD,Google autocomplete: signs he likes you but is scared w,85
is he interested or just being nice quiz,interest,TBD,Google autocomplete: is he interested or just being nice,85
is he interested or just being friendly,interest,TBD,Google autocomplete: is he interested or just being nice,85
is he into me or just being friendly,interest,TBD,Google autocomplete: is he interested or just being nice,85
is he interested or being nice,interest,TBD,Google autocomplete: is he interested or just being nice,85
is a guy just being nice or is he interested,interest,TBD,Google autocomplete: is he interested or just being nice a,85
is he interested or just friendly,interest,TBD,Google autocomplete: is he interested or just being nice a,85
is he interested or is he just being nice,interest,TBD,Google autocomplete: is he interested or just being nice h,85
is he into me or is he just being nice,interest,TBD,Google autocomplete: is he interested or just being nice h,85
is he serious about me or just playing,interest,TBD,Google autocomplete: is he serious about me,85
how to know he's serious about me,interest,TBD,Google autocomplete: is he serious about me h,85
why is he so serious about me,interest,TBD,Google autocomplete: is he serious about me w,85
how will i know if he is serious about me,interest,TBD,Google autocomplete: is he serious about me w,85
is he worth it quiz,interest,TBD,Google autocomplete: is he worth it,85
is he worth it meaning,interest,TBD,Google autocomplete: is he worth it,85
how well does he know you,interest,TBD,Google autocomplete: is he worth it h,85
why is he worth it,interest,TBD,Google autocomplete: is he worth it w,85
is it worth while or worth wild,interest,TBD,Google autocomplete: is he worth it w,85
does he want a relationship with me quiz,interest,TBD,Google autocomplete: does he want a relationship,85
does he want a relationship or something casual,interest,TBD,Google autocomplete: does he want a relationship,85
does he want a relationship or hook up,interest,TBD,Google autocomplete: does he want a relationship,85
does he want a serious relationship with me,interest,TBD,Google autocomplete: does he want a relationship,85
signs he wants a relationship with you,interest,TBD,Google autocomplete: does he want a relationship w,85
should i walk away if he doesn't want a relationship,interest,TBD,Google autocomplete: does he want a relationship w,85
how to know if someone likes you back,interest,TBD,Google autocomplete: how to know if someone likes you,85
how to know if someone likes you over text,interest,TBD,Google autocomplete: how to know if someone likes you,85
how to know if someone likes you quiz,interest,TBD,Google autocomplete: how to know if someone likes you,85
how to know if someone likes you on hinge,interest,TBD,Google autocomplete: how to know if someone likes you,85
how to know if someone likes you romantically,interest,TBD,Google autocomplete: how to know if someone likes you,85
how to know if someone likes you on tinder,interest,TBD,Google autocomplete: how to know if someone likes you,85
how to know if someone likes you as a friend,interest,TBD,Google autocomplete: how to know if someone likes you a,85
how to know if someone likes you at the gym,interest,TBD,Google autocomplete: how to know if someone likes you a,85
how to know if someone likes you as a person,interest,TBD,Google autocomplete: how to know if someone likes you a,85
how to know if a someone likes you,interest,TBD,Google autocomplete: how to know if someone likes you a,85
how to know if someone actually like you,interest,TBD,Google autocomplete: how to know if someone likes you a,85
how to tell if someone likes you but hiding it,interest,TBD,Google autocomplete: how to know if someone likes you h,85
how how to know if a girl likes you,interest,TBD,Google autocomplete: how to know if someone likes you h,85
how to know if he likes you,interest,TBD,Google autocomplete: how to know if someone likes you h,85
how to know how someone likes you,interest,TBD,Google autocomplete: how to know if someone likes you h,85
how to know if someone likes you test,interest,TBD,Google autocomplete: how to know if someone likes you h,85
can you tell if someone likes you,interest,TBD,Google autocomplete: how to know if someone likes you h,85
how to tell if someone likes someone,interest,TBD,Google autocomplete: how to know if someone likes you h,85
how to know if someone likes you wlw,interest,TBD,Google autocomplete: how to know if someone likes you w,85
who to know if someone likes you,interest,TBD,Google autocomplete: how to know if someone likes you w,85
how to tell if someone is flirting with you,interest,TBD,Google autocomplete: how to tell if someone is flirting,85
how to tell if someone is flirting over text,interest,TBD,Google autocomplete: how to tell if someone is flirting,85
how to tell if someone is flirting with me,interest,TBD,Google autocomplete: how to tell if someone is flirting,85
how to tell if someone is flirting with you online,interest,TBD,Google autocomplete: how to tell if someone is flirting,85
how to tell if someone is flirting or joking,interest,TBD,Google autocomplete: how to tell if someone is flirting,85
how to tell if a guy is flirting with you,interest,TBD,Google autocomplete: how to tell if someone is flirting w,85
how to tell if someone was flirting,interest,TBD,Google autocomplete: how to tell if someone is flirting w,85
how to tell if a guy is flirting through text,interest,TBD,Google autocomplete: how to tell if a guy is flirting over text,85
how to tell if someone is into you over text,interest,TBD,Google autocomplete: how to tell if a guy is flirting over text,85
how to tell flirting over text,interest,TBD,Google autocomplete: how to tell if a guy is flirting over text,85
conversation starters for friends,conversation,TBD,Google autocomplete: conversation starters,75
conversation starters for dating,conversation,TBD,Google autocomplete: conversation starters,75
conversation starters with a girl,conversation,TBD,Google autocomplete: conversation starters,75
conversation starters for your crush,conversation,TBD,Google autocomplete: conversation starters,75
conversation starters for adults,conversation,TBD,Google autocomplete: conversation starters,75
conversation starters over text,conversation,TBD,Google autocomplete: conversation starters,75
conversation starters at a party,conversation,TBD,Google autocomplete: conversation starters a,75
conversation starters adults,conversation,TBD,Google autocomplete: conversation starters a,75
conversation starters at a bar,conversation,TBD,Google autocomplete: conversation starters a,75
conversation starters app,conversation,TBD,Google autocomplete: conversation starters a,75
conversation starters at dinner,conversation,TBD,Google autocomplete: conversation starters a,75
conversation starters after hey,conversation,TBD,Google autocomplete: conversation starters a,75
conversation starters about life,conversation,TBD,Google autocomplete: conversation starters a,75
conversation starters hinge,conversation,TBD,Google autocomplete: conversation starters h,75
conversation starters husband and wife,conversation,TBD,Google autocomplete: conversation starters h,75
conversation starters hypotheticals,conversation,TBD,Google autocomplete: conversation starters h,75
conversation starters husband,conversation,TBD,Google autocomplete: conversation starters h,75
conversation starters with crush,conversation,TBD,Google autocomplete: conversation starters w,75
conversation starters with friends,conversation,TBD,Google autocomplete: conversation starters w,75
conversation starters with girlfriend,conversation,TBD,Google autocomplete: conversation starters w,75
conversation starters with strangers,conversation,TBD,Google autocomplete: conversation starters w,75
conversation starters with boyfriend,conversation,TBD,Google autocomplete: conversation starters w,75
conversation starters with husband,conversation,TBD,Google autocomplete: conversation starters w,75
deep conversation starters for couples,conversation,TBD,Google autocomplete: deep conversation starters,75
deep conversation starters for friends,conversation,TBD,Google autocomplete: deep conversation starters,75
deep conversation starters with a girl,conversation,TBD,Google autocomplete: deep conversation starters,75
deep conversation starters with your crush,conversation,TBD,Google autocomplete: deep conversation starters,75
deep conversation starters with girlfriend,conversation,TBD,Google autocomplete: deep conversation starters,75
deep conversation starters philosophy,conversation,TBD,Google autocomplete: deep conversation starters,75
deep conversation starters for christians,conversation,TBD,Google autocomplete: deep conversation starters,75
deep conversation starters about relationships,conversation,TBD,Google autocomplete: deep conversation starters a,75
deep conversation starters about life,conversation,TBD,Google autocomplete: deep conversation starters a,75
deep conversation starters about love,conversation,TBD,Google autocomplete: deep conversation starters a,75
deep conversation starters about your current relationship,conversation,TBD,Google autocomplete: deep conversation starters a,75
deep conversation starters app,conversation,TBD,Google autocomplete: deep conversation starters a,75
deep conversation topics about life,conversation,TBD,Google autocomplete: deep conversation starters a,75
deep conversation topics about love,conversation,TBD,Google autocomplete: deep conversation starters a,75
deep conversation questions about relationships,conversation,TBD,Google autocomplete: deep conversation starters a,75
good conversation starters at dinner,conversation,TBD,Google autocomplete: deep conversation starters a,75
deep conversation starters hinge,conversation,TBD,Google autocomplete: deep conversation starters h,75
good conversation starters hinge,conversation,TBD,Google autocomplete: deep conversation starters h,75
deep conversation starters for her,conversation,TBD,Google autocomplete: deep conversation starters h,75
good conversation topics hinge,conversation,TBD,Google autocomplete: deep conversation starters h,75
deep conversation starters for husband and wife,conversation,TBD,Google autocomplete: deep conversation starters h,75
deep conversation starters with husband,conversation,TBD,Google autocomplete: deep conversation starters h,75
good conversation starters with husband,conversation,TBD,Google autocomplete: deep conversation starters h,75
deep conversation starters with friends,conversation,TBD,Google autocomplete: deep conversation starters w,75
deep conversation starters with boyfriend,conversation,TBD,Google autocomplete: deep conversation starters w,75
deep conversation starters with a boy,conversation,TBD,Google autocomplete: deep conversation starters w,75
deep conversation starters with a girl over text,conversation,TBD,Google autocomplete: deep conversation starters w,75
deep conversation starters with your partner,conversation,TBD,Google autocomplete: deep conversation starters w,75
deep conversation starters with bf,conversation,TBD,Google autocomplete: deep conversation starters w,75
deep conversation starters with a guy,conversation,TBD,Google autocomplete: deep conversation starters w,75
conversation starters for couples married a long time,conversation,TBD,Google autocomplete: conversation starters for couples,75
conversation starters for couples cards,conversation,TBD,Google autocomplete: conversation starters for couples,75
conversation starters for couples fun,conversation,TBD,Google autocomplete: conversation starters for couples,75
conversation starters for couples app,conversation,TBD,Google autocomplete: conversation starters for couples,75
conversation starters for couples long distance,conversation,TBD,Google autocomplete: conversation starters for couples,75
conversation starters for a couple,conversation,TBD,Google autocomplete: conversation starters for couples a,75
conversation topics for couples at dinner,conversation,TBD,Google autocomplete: conversation starters for couples a,75
conversation starters for couples on a road trip,conversation,TBD,Google autocomplete: conversation starters for couples a,75
conversation topics for a couple,conversation,TBD,Google autocomplete: conversation starters for couples a,75
conversation questions for a couple,conversation,TBD,Google autocomplete: conversation starters for couples a,75
conversation starters for a date,conversation,TBD,Google autocomplete: conversation starters for couples a,75
conversation starters for a girl,conversation,TBD,Google autocomplete: conversation starters for couples a,75
heartfelt conversation starters for couples,conversation,TBD,Google autocomplete: conversation starters for couples h,75
conversation starters for hinge,conversation,TBD,Google autocomplete: conversation starters for couples h,75
conversation starters for him,conversation,TBD,Google autocomplete: conversation starters for couples h,75
conversation starters for her,conversation,TBD,Google autocomplete: conversation starters for couples h,75
conversation starters for husband and wife,conversation,TBD,Google autocomplete: conversation starters for couples h,75
conversation starters for hinge matches,conversation,TBD,Google autocomplete: conversation starters for couples h,75
conversation starters with couples,conversation,TBD,Google autocomplete: conversation starters for couples w,75
conversation starters for women,conversation,TBD,Google autocomplete: conversation starters for couples w,75
conversation starters for wife,conversation,TBD,Google autocomplete: conversation starters for couples w,75
conversation starters with your crush over text,conversation,TBD,Google autocomplete: conversation starters with your crush,75
conversation starters with your crush on the phone,conversation,TBD,Google autocomplete: conversation starters with your crush,75
conversation starters with your crush on whatsapp,conversation,TBD,Google autocomplete: conversation starters with your crush,75
conversation starters with your crush for the first time,conversation,TBD,Google autocomplete: conversation starters with your crush,75
conversation starters with a crush,conversation,TBD,Google autocomplete: conversation starters with your crush,75
conversation starters with my crush,conversation,TBD,Google autocomplete: conversation starters with your crush,75
conversation topics with your crush,conversation,TBD,Google autocomplete: conversation starters with your crush,75
conversation topics with your crush over text,conversation,TBD,Google autocomplete: conversation starters with your crush,75
a conversation starter with your crush,conversation,TBD,Google autocomplete: conversation starters with your crush a,75
a good conversation starters with your crush,conversation,TBD,Google autocomplete: conversation starters with your crush a,75
what are some conversation starters with your crush,conversation,TBD,Google autocomplete: conversation starters with your crush a,75
what are good conversation starters with your crush over text,conversation,TBD,Google autocomplete: conversation starters with your crush a,75
deep conversation starters things to talk about with your crush,conversation,TBD,Google autocomplete: conversation starters with your crush a,75
conversation starters to have with your crush,conversation,TBD,Google autocomplete: conversation starters with your crush h,75
what are conversation starters with your crush,conversation,TBD,Google autocomplete: conversation starters with your crush w,75
what are good conversation starters with your crush,conversation,TBD,Google autocomplete: conversation starters with your crush w,75
questions to ask your crush to get to know them,conversation,TBD,Google autocomplete: questions to ask your crush,75
questions to ask your crush over text,conversation,TBD,Google autocomplete: questions to ask your crush,75
questions to ask your crush flirty,conversation,TBD,Google autocomplete: questions to ask your crush,75
questions to ask your crush while texting,conversation,TBD,Google autocomplete: questions to ask your crush,75
questions to ask your crush to start a conversation,conversation,TBD,Google autocomplete: questions to ask your crush,75
questions to ask your crush on call,conversation,TBD,Google autocomplete: questions to ask your crush,75
questions to ask your crush to get to know him,conversation,TBD,Google autocomplete: questions to ask your crush,75
questions to ask your crush without being obvious,conversation,TBD,Google autocomplete: questions to ask your crush,75
questions to ask your crush about yourself,conversation,TBD,Google autocomplete: questions to ask your crush a,75
questions to ask your crush about you,conversation,TBD,Google autocomplete: questions to ask your crush a,75
questions to ask your crush about relationships,conversation,TBD,Google autocomplete: questions to ask your crush a,75
questions to ask your crush about herself,conversation,TBD,Google autocomplete: questions to ask your crush a,75
questions to ask your crush anonymously,conversation,TBD,Google autocomplete: questions to ask your crush a,75
questions to ask your crush at night,conversation,TBD,Google autocomplete: questions to ask your crush a,75
questions to ask your crush about love,conversation,TBD,Google autocomplete: questions to ask your crush a,75
questions to ask your crush about themselves,conversation,TBD,Google autocomplete: questions to ask your crush a,75
questions to ask your crush about the future,conversation,TBD,Google autocomplete: questions to ask your crush a,75
questions to ask your crush about himself,conversation,TBD,Google autocomplete: questions to ask your crush h,75
questions to ask your crush if he likes you,conversation,TBD,Google autocomplete: questions to ask your crush h,75
questions to ask your crush about him,conversation,TBD,Google autocomplete: questions to ask your crush h,75
questions to ask your crush to make him blush,conversation,TBD,Google autocomplete: questions to ask your crush h,75
questions to ask your crush to know him better,conversation,TBD,Google autocomplete: questions to ask your crush h,75
questions to ask your crush to test his love,conversation,TBD,Google autocomplete: questions to ask your crush h,75
questions to ask your crush wlw,conversation,TBD,Google autocomplete: questions to ask your crush w,75
questions to ask your crush while on call,conversation,TBD,Google autocomplete: questions to ask your crush w,75
questions to ask your crush when bored,conversation,TBD,Google autocomplete: questions to ask your crush w,75
questions to ask your crush when playing truth or dare,conversation,TBD,Google autocomplete: questions to ask your crush w,75
questions to ask your crush when getting to know them,conversation,TBD,Google autocomplete: questions to ask your crush w,75
questions to ask your crush when chatting,conversation,TBD,Google autocomplete: questions to ask your crush w,75
what deep questions to ask your crush,conversation,TBD,Google autocomplete: questions to ask your crush w,75
questions to ask a guy to get to know him,conversation,TBD,Google autocomplete: questions to ask a guy,75
questions to ask a guy your getting to know,conversation,TBD,Google autocomplete: questions to ask a guy,75
questions to ask a guy you like,conversation,TBD,Google autocomplete: questions to ask a guy,75
questions to ask a guy flirty,conversation,TBD,Google autocomplete: questions to ask a guy,75
questions to ask a guy over text,conversation,TBD,Google autocomplete: questions to ask a guy,75
questions to ask a guy your talking to,conversation,TBD,Google autocomplete: questions to ask a guy,75
questions to ask a guy friend,conversation,TBD,Google autocomplete: questions to ask a guy,75
questions to ask a guy on a first date,conversation,TBD,Google autocomplete: questions to ask a guy,75
questions to ask a guy about relationships,conversation,TBD,Google autocomplete: questions to ask a guy a,75
questions to ask a guy about girls,conversation,TBD,Google autocomplete: questions to ask a guy a,75
questions to ask a guy about himself,conversation,TBD,Google autocomplete: questions to ask a guy a,75
questions to ask a guy about his past relationships,conversation,TBD,Google autocomplete: questions to ask a guy a,75
questions to ask a guy about his day,conversation,TBD,Google autocomplete: questions to ask a guy a,75
questions to ask a guy after first date,conversation,TBD,Google autocomplete: questions to ask a guy a,75
questions to ask a guy about yourself,conversation,TBD,Google autocomplete: questions to ask a guy a,75
questions to ask a guy about me,conversation,TBD,Google autocomplete: questions to ask a guy a,75
questions to ask a guy about golf,conversation,TBD,Google autocomplete: questions to ask a guy a,75
questions to ask a guy how he feels about you,conversation,TBD,Google autocomplete: questions to ask a guy h,75
questions to ask a guy hard,conversation,TBD,Google autocomplete: questions to ask a guy h,75
questions to ask a guy hinge,conversation,TBD,Google autocomplete: questions to ask a guy h,75
questions to ask a hood guy,conversation,TBD,Google autocomplete: questions to ask a guy h,75
questions to ask a handsome guy,conversation,TBD,Google autocomplete: questions to ask a guy h,75
questions to ask a guy if he's serious about you,conversation,TBD,Google autocomplete: questions to ask a guy h,75
questions to ask a guy if he likes you,conversation,TBD,Google autocomplete: questions to ask a guy h,75
questions to ask a guy when getting to know him,conversation,TBD,Google autocomplete: questions to ask a guy w,75
questions to ask a guy when getting to know them,conversation,TBD,Google autocomplete: questions to ask a guy w,75
questions to ask a guy who likes you,conversation,TBD,Google autocomplete: questions to ask a guy w,75
questions to ask a guy who is interested in you,conversation,TBD,Google autocomplete: questions to ask a guy w,75
questions to ask a guy when dating,conversation,TBD,Google autocomplete: questions to ask a guy w,75
questions to ask a guy when you first start talking,conversation,TBD,Google autocomplete: questions to ask a guy w,75
questions to ask a guy when conversation gets boring,conversation,TBD,Google autocomplete: questions to ask a guy w,75
questions to ask your boyfriend to test his love,conversation,TBD,Google autocomplete: questions to ask your boyfriend,75
questions to ask your boyfriend to know him better,conversation,TBD,Google autocomplete: questions to ask your boyfriend,75
questions to ask your boyfriend about yourself,conversation,TBD,Google autocomplete: questions to ask your boyfriend,75
questions to ask your boyfriend for fun,conversation,TBD,Google autocomplete: questions to ask your boyfriend,75
questions to ask your boyfriend flirty,conversation,TBD,Google autocomplete: questions to ask your boyfriend,75
questions to ask your boyfriend when bored,conversation,TBD,Google autocomplete: questions to ask your boyfriend,75
questions to ask your boyfriend to get to know him,conversation,TBD,Google autocomplete: questions to ask your boyfriend,75
questions to ask your boyfriend about your relationship,conversation,TBD,Google autocomplete: questions to ask your boyfriend a,75
questions to ask your boyfriend about me,conversation,TBD,Google autocomplete: questions to ask your boyfriend a,75
questions to ask your boyfriend about you,conversation,TBD,Google autocomplete: questions to ask your boyfriend a,75
questions to ask your boyfriend about his past relationships,conversation,TBD,Google autocomplete: questions to ask your boyfriend a,75
questions to ask your boyfriend about the future,conversation,TBD,Google autocomplete: questions to ask your boyfriend a,75
questions to ask your boyfriend about girl stuff,conversation,TBD,Google autocomplete: questions to ask your boyfriend a,75
questions to ask your boyfriend about himself,conversation,TBD,Google autocomplete: questions to ask your boyfriend a,75
questions to ask your boyfriend and girlfriend,conversation,TBD,Google autocomplete: questions to ask your boyfriend a,75
questions to ask your boyfriend about his ex,conversation,TBD,Google autocomplete: questions to ask your boyfriend a,75
questions to ask your boyfriend how well he knows me,conversation,TBD,Google autocomplete: questions to ask your boyfriend h,75
questions to ask your boyfriend hypothetical,conversation,TBD,Google autocomplete: questions to ask your boyfriend h,75
questions to ask your boyfriend hard,conversation,TBD,Google autocomplete: questions to ask your boyfriend h,75
questions to ask your boyfriend hot seat,conversation,TBD,Google autocomplete: questions to ask your boyfriend h,75
questions to ask your boyfriend he should know,conversation,TBD,Google autocomplete: questions to ask your boyfriend h,75
questions to ask your partner how well they know you,conversation,TBD,Google autocomplete: questions to ask your boyfriend h,75
questions to ask your partner hard,conversation,TBD,Google autocomplete: questions to ask your boyfriend h,75
questions to ask your partner hypothetical,conversation,TBD,Google autocomplete: questions to ask your boyfriend h,75
questions to ask your partner high,conversation,TBD,Google autocomplete: questions to ask your boyfriend h,75
questions to ask your boyfriend when he's tired,conversation,TBD,Google autocomplete: questions to ask your boyfriend w,75
questions to ask your boyfriend when he's tired or busy,conversation,TBD,Google autocomplete: questions to ask your boyfriend w,75
questions to ask your boyfriend with no right answer,conversation,TBD,Google autocomplete: questions to ask your boyfriend w,75
questions to ask your boyfriend with answers,conversation,TBD,Google autocomplete: questions to ask your boyfriend w,75
questions to ask your boyfriend when you feel insecure,conversation,TBD,Google autocomplete: questions to ask your boyfriend w,75
questions to ask your boyfriend would you rather,conversation,TBD,Google autocomplete: questions to ask your boyfriend w,75
questions to ask your boyfriend when you first start dating,conversation,TBD,Google autocomplete: questions to ask your boyfriend w,75
questions to ask your boyfriend when hes busy,conversation,TBD,Google autocomplete: questions to ask your boyfriend w,75
deep questions to ask your boyfriend about your relationship,conversation,TBD,Google autocomplete: deep questions to ask your boyfriend,75
deep questions to ask your boyfriend over text,conversation,TBD,Google autocomplete: deep questions to ask your boyfriend,75
deep questions to ask your boyfriend to test his love,conversation,TBD,Google autocomplete: deep questions to ask your boyfriend,75
deep questions to ask your boyfriend about yourself,conversation,TBD,Google autocomplete: deep questions to ask your boyfriend,75
deep questions to ask your boyfriend about the future,conversation,TBD,Google autocomplete: deep questions to ask your boyfriend,75
deep questions to ask your boyfriend about his past,conversation,TBD,Google autocomplete: deep questions to ask your boyfriend,75
deep questions to ask your boyfriend at night,conversation,TBD,Google autocomplete: deep questions to ask your boyfriend,75
deep questions to ask your boyfriend about his past relationships,conversation,TBD,Google autocomplete: deep questions to ask your boyfriend a,75
deep questions to ask your boyfriend about love,conversation,TBD,Google autocomplete: deep questions to ask your boyfriend a,75
deep questions to ask your boyfriend about me,conversation,TBD,Google autocomplete: deep questions to ask your boyfriend a,75
deep questions to ask your boyfriend about you,conversation,TBD,Google autocomplete: deep questions to ask your boyfriend a,75
deep questions to ask your boyfriend about himself,conversation,TBD,Google autocomplete: deep questions to ask your boyfriend a,75
deep questions to ask your boyfriend about his ex,conversation,TBD,Google autocomplete: deep questions to ask your boyfriend h,75
deep questions to ask your boyfriend about his family,conversation,TBD,Google autocomplete: deep questions to ask your boyfriend h,75
deep questions to ask your boyfriend about his life,conversation,TBD,Google autocomplete: deep questions to ask your boyfriend h,75
deep hypothetical questions to ask your boyfriend,conversation,TBD,Google autocomplete: deep questions to ask your boyfriend h,75
deep questions to ask your boyfriend when you feel insecure,conversation,TBD,Google autocomplete: deep questions to ask your boyfriend w,75
deep questions to ask your boyfriend with answers,conversation,TBD,Google autocomplete: deep questions to ask your boyfriend w,75
deep questions to ask your boyfriend when bored,conversation,TBD,Google autocomplete: deep questions to ask your boyfriend w,75
deep questions to ask your lover when chatting,conversation,TBD,Google autocomplete: deep questions to ask your boyfriend w,75
deep questions to ask your partner when you feel disconnected,conversation,TBD,Google autocomplete: deep questions to ask your boyfriend w,75
deep questions to ask your partner wlw,conversation,TBD,Google autocomplete: deep questions to ask your boyfriend w,75
deep questions to ask your lover when chatting over text,conversation,TBD,Google autocomplete: deep questions to ask your boyfriend w,75
deep questions to ask your ex boyfriend when chatting,conversation,TBD,Google autocomplete: deep questions to ask your boyfriend w,75
flirty questions to ask a guy to make him laugh,conversation,TBD,Google autocomplete: flirty questions to ask a guy,75
flirty questions to ask a guy over text,conversation,TBD,Google autocomplete: flirty questions to ask a guy,75
flirty questions to ask a guy you like,conversation,TBD,Google autocomplete: flirty questions to ask a guy,75
flirty questions to ask a guy to make him blush,conversation,TBD,Google autocomplete: flirty questions to ask a guy,75
flirty questions to ask a guy you just met,conversation,TBD,Google autocomplete: flirty questions to ask a guy,75
flirty questions to ask a guy friend,conversation,TBD,Google autocomplete: flirty questions to ask a guy,75
flirty questions to ask a guy on a first date,conversation,TBD,Google autocomplete: flirty questions to ask a guy a,75
flirty questions to ask a guy on a date,conversation,TBD,Google autocomplete: flirty questions to ask a guy a,75
flirty questions to ask a guy in a talking stage,conversation,TBD,Google autocomplete: flirty questions to ask a guy a,75
flirty questions to ask a guy on dating app,conversation,TBD,Google autocomplete: flirty questions to ask a guy a,75
flirty questions to ask a boy with answers,conversation,TBD,Google autocomplete: flirty questions to ask a guy a,75
flirty questions to ask men about women,conversation,TBD,Google autocomplete: flirty questions to ask a guy a,75
flirty questions to ask him at night,conversation,TBD,Google autocomplete: flirty questions to ask a guy a,75
flirty questions to ask a guy over the phone,conversation,TBD,Google autocomplete: flirty questions to ask a guy a,75
a flirty question to ask a guy,conversation,TBD,Google autocomplete: flirty questions to ask a guy a,75
flirty questions to ask the guy you like,conversation,TBD,Google autocomplete: flirty questions to ask a guy a,75
flirty questions to ask a guy on hinge,conversation,TBD,Google autocomplete: flirty questions to ask a guy h,75
flirty questions to ask a guy to know him better,conversation,TBD,Google autocomplete: flirty questions to ask a guy h,75
flirty questions to ask someone on hot seat,conversation,TBD,Google autocomplete: flirty questions to ask a guy h,75
flirty questions to ask someone on hinge,conversation,TBD,Google autocomplete: flirty questions to ask a guy h,75
flirty questions to ask a guy without being obvious,conversation,TBD,Google autocomplete: flirty questions to ask a guy w,75
what flirty questions to ask a guy,conversation,TBD,Google autocomplete: flirty questions to ask a guy w,75
what flirty questions to ask a guy you like,conversation,TBD,Google autocomplete: flirty questions to ask a guy w,75
weird flirty questions to ask a guy,conversation,TBD,Google autocomplete: flirty questions to ask a guy w,75
what flirty questions to ask a guy over text,conversation,TBD,Google autocomplete: flirty questions to ask a guy w,75
questions to ask a guy when flirting,conversation,TBD,Google autocomplete: flirty questions to ask a guy w,75
flirty what if questions to ask a guy,conversation,TBD,Google autocomplete: flirty questions to ask a guy w,75
flirty would you rather questions to ask a guy,conversation,TBD,Google autocomplete: flirty questions to ask a guy w,75
what are some flirty questions to ask a guy,conversation,TBD,Google autocomplete: flirty questions to ask a guy w,75
relationship questions to ask,conversation,TBD,Google autocomplete: relationship questions,75
relationship questions for couples,conversation,TBD,Google autocomplete: relationship questions,75
relationship questions to ask your partner,conversation,TBD,Google autocomplete: relationship questions,75
relationship questions to ask a guy,conversation,TBD,Google autocomplete: relationship questions,75
relationship questions to ask a girl,conversation,TBD,Google autocomplete: relationship questions,75
relationship questions to ask your boyfriend,conversation,TBD,Google autocomplete: relationship questions,75
relationship questions to ask friends,conversation,TBD,Google autocomplete: relationship questions,75
relationship questions to ask your girlfriend,conversation,TBD,Google autocomplete: relationship questions,75
relationship questions app,conversation,TBD,Google autocomplete: relationship questions a,75
relationship questions and answers,conversation,TBD,Google autocomplete: relationship questions a,75
relationship questions about each other,conversation,TBD,Google autocomplete: relationship questions a,75
relationship questions app for couples,conversation,TBD,Google autocomplete: relationship questions a,75
relationship questions after 1 year,conversation,TBD,Google autocomplete: relationship questions a,75
relationship questions after 2 years,conversation,TBD,Google autocomplete: relationship questions a,75
relationship questions and answers for competitive exams,conversation,TBD,Google autocomplete: relationship questions a,75
relationship questions about trust,conversation,TBD,Google autocomplete: relationship questions a,75
relationship questions hard,conversation,TBD,Google autocomplete: relationship questions h,75
relationship questions how well you know,conversation,TBD,Google autocomplete: relationship questions h,75
relationship questions him or her,conversation,TBD,Google autocomplete: relationship questions h,75
relationship hypothetical questions,conversation,TBD,Google autocomplete: relationship questions h,75
relationship history questions,conversation,TBD,Google autocomplete: relationship questions h,75
relationship health questions,conversation,TBD,Google autocomplete: relationship questions h,75
relationship honesty questions,conversation,TBD,Google autocomplete: relationship questions h,75
relationship history questions to ask,conversation,TBD,Google autocomplete: relationship questions h,75
relationship help questions,conversation,TBD,Google autocomplete: relationship questions h,75
relationship questions would you rather,conversation,TBD,Google autocomplete: relationship questions w,75
relationship questions who is more,conversation,TBD,Google autocomplete: relationship questions w,75
relationship questions who is more likely to,conversation,TBD,Google autocomplete: relationship questions w,75
relationship questions with friends,conversation,TBD,Google autocomplete: relationship questions w,75
relationship questions with answers,conversation,TBD,Google autocomplete: relationship questions w,75
relationship questions when getting to know someone,conversation,TBD,Google autocomplete: relationship questions w,75
relationship questions website,conversation,TBD,Google autocomplete: relationship questions w,75
relationship questions with your partner,conversation,TBD,Google autocomplete: relationship questions w,75
relationship questions who knows who better,conversation,TBD,Google autocomplete: relationship questions w,75
questions to ask before dating someone,conversation,TBD,Google autocomplete: questions to ask before dating,75
questions to ask before dating a guy,conversation,TBD,Google autocomplete: questions to ask before dating,75
questions to ask before dating a girl,conversation,TBD,Google autocomplete: questions to ask before dating,75
questions to ask before dating him,conversation,TBD,Google autocomplete: questions to ask before dating,75
questions to ask when dating,conversation,TBD,Google autocomplete: questions to ask before dating,75
questions to ask while dating,conversation,TBD,Google autocomplete: questions to ask before dating,75
questions to ask when dating a pastor,conversation,TBD,Google autocomplete: questions to ask before dating a,75
questions to ask when dating a guy,conversation,TBD,Google autocomplete: questions to ask before dating a,75
questions to ask when dating a single dad,conversation,TBD,Google autocomplete: questions to ask before dating a,75
questions to ask while dating a guy,conversation,TBD,Google autocomplete: questions to ask before dating a,75
questions to ask when dating a girl,conversation,TBD,Google autocomplete: questions to ask before dating a,75
questions to ask before a date,conversation,TBD,Google autocomplete: questions to ask before dating a,75
questions to ask about dating history,conversation,TBD,Google autocomplete: questions to ask before dating h,75
questions to ask before hinge date,conversation,TBD,Google autocomplete: questions to ask before dating h,75
questions to ask a man before dating him,conversation,TBD,Google autocomplete: questions to ask before dating h,75
questions to ask a girl before dating her,conversation,TBD,Google autocomplete: questions to ask before dating h,75
questions to ask a man before dating him over text,conversation,TBD,Google autocomplete: questions to ask before dating h,75
questions to ask her before dating,conversation,TBD,Google autocomplete: questions to ask before dating h,75
questions to ask a divorced man before dating him,conversation,TBD,Google autocomplete: questions to ask before dating h,75
questions to ask a married man before dating him,conversation,TBD,Google autocomplete: questions to ask before dating h,75
hard questions to ask before dating,conversation,TBD,Google autocomplete: questions to ask before dating h,75
questions to ask when dating with intention,conversation,TBD,Google autocomplete: questions to ask before dating w,75
questions to ask when dating someone with a child,conversation,TBD,Google autocomplete: questions to ask before dating w,75
questions to ask when dating a woman,conversation,TBD,Google autocomplete: questions to ask before dating w,75
what questions to ask before dating,conversation,TBD,Google autocomplete: questions to ask before dating w,75
what questions to ask before dating someone,conversation,TBD,Google autocomplete: questions to ask before dating w,75
questions to ask when dating an older woman,conversation,TBD,Google autocomplete: questions to ask before dating w,75
questions to ask dating website,conversation,TBD,Google autocomplete: questions to ask before dating w,75
questions to ask a woman before dating,conversation,TBD,Google autocomplete: questions to ask before dating w,75
what questions to ask when dating,conversation,TBD,Google autocomplete: questions to ask before dating w,75
what questions to ask when dating someone new,conversation,TBD,Google autocomplete: questions to ask before dating w,75
things to ask in a new relationship,conversation,TBD,Google autocomplete: questions to ask in a new relationship,75
questions to ask in a fresh relationship,conversation,TBD,Google autocomplete: questions to ask in a new relationship,75
serious questions to ask in a new relationship,conversation,TBD,Google autocomplete: questions to ask in a new relationship,75
fun questions to ask in a new relationship,conversation,TBD,Google autocomplete: questions to ask in a new relationship,75
good questions to ask in a new relationship,conversation,TBD,Google autocomplete: questions to ask in a new relationship,75
important questions to ask in a new relationship,conversation,TBD,Google autocomplete: questions to ask in a new relationship,75
deep questions to ask in a new relationship,conversation,TBD,Google autocomplete: questions to ask in a new relationship,75
questions to ask him in a new relationship,conversation,TBD,Google autocomplete: questions to ask in a new relationship,75
questions to ask about new relationship,conversation,TBD,Google autocomplete: questions to ask in a new relationship a,75
questions to ask a man in a new relationship,conversation,TBD,Google autocomplete: questions to ask in a new relationship a,75
what are good questions to ask in a new relationship,conversation,TBD,Google autocomplete: questions to ask in a new relationship a,75
questions to ask about in a relationship,conversation,TBD,Google autocomplete: questions to ask in a new relationship a,75
hard questions to ask in a new relationship,conversation,TBD,Google autocomplete: questions to ask in a new relationship h,75
questions to ask her in a new relationship,conversation,TBD,Google autocomplete: questions to ask in a new relationship h,75
questions to ask in a healthy relationship,conversation,TBD,Google autocomplete: questions to ask in a new relationship h,75
what questions to ask in a new relationship,conversation,TBD,Google autocomplete: questions to ask in a new relationship w,75
what important questions to ask in a new relationship,conversation,TBD,Google autocomplete: questions to ask in a new relationship w,75
questions to ask when you are in a new relationship,conversation,TBD,Google autocomplete: questions to ask in a new relationship w,75
questions to ask in a wlw relationship,conversation,TBD,Google autocomplete: questions to ask in a new relationship w,75
questions to ask when starting a new relationship,conversation,TBD,Google autocomplete: questions to ask in a new relationship w,75
questions to ask when entering a new relationship,conversation,TBD,Google autocomplete: questions to ask in a new relationship w,75
important questions to ask in a relationship with your girlfriend,conversation,TBD,Google autocomplete: questions to ask in a new relationship w,75
questions to ask relationship wise,conversation,TBD,Google autocomplete: questions to ask in a new relationship w,75
how to keep a conversation going with a girl,conversation,TBD,Google autocomplete: how to keep a conversation going,75
how to keep a conversation going with a guy,conversation,TBD,Google autocomplete: how to keep a conversation going,75
how to keep a conversation going over text,conversation,TBD,Google autocomplete: how to keep a conversation going,75
how to keep a conversation going with your crush,conversation,TBD,Google autocomplete: how to keep a conversation going,75
how to keep a conversation going on a dating app,conversation,TBD,Google autocomplete: how to keep a conversation going,75
how to keep a conversation going on hinge,conversation,TBD,Google autocomplete: how to keep a conversation going,75
how to keep a conversation going with a boy,conversation,TBD,Google autocomplete: how to keep a conversation going,75
how to keep a conversation going after how are you,conversation,TBD,Google autocomplete: how to keep a conversation going a,75
how to keep a conversation going and not be awkward,conversation,TBD,Google autocomplete: how to keep a conversation going a,75
how to keep a conversation going after saying good morning,conversation,TBD,Google autocomplete: how to keep a conversation going a,75
how to keep a conversation going and interesting,conversation,TBD,Google autocomplete: how to keep a conversation going a,75
how to keep a conversation going after saying hi,conversation,TBD,Google autocomplete: how to keep a conversation going a,75
how to keep the conversation going after first date,conversation,TBD,Google autocomplete: how to keep a conversation going a,75
how to keep a conversation going hinge,conversation,TBD,Google autocomplete: how to keep a conversation going h,75
how to keep a chat hidden in whatsapp,conversation,TBD,Google autocomplete: how to keep a conversation going h,75
how to continue a conversation hinge,conversation,TBD,Google autocomplete: how to keep a conversation going h,75
how can i keep the conversation going,conversation,TBD,Google autocomplete: how to keep a conversation going h,75
should i keep the conversation going,conversation,TBD,Google autocomplete: how to keep a conversation going h,75
what to do to keep a conversation going,conversation,TBD,Google autocomplete: how to keep a conversation going h,75
what to keep the conversation going,conversation,TBD,Google autocomplete: how to keep a conversation going h,75
how to keep a conversation going with your girlfriend,conversation,TBD,Google autocomplete: how to keep a conversation going w,75
how to keep a conversation going with a friend,conversation,TBD,Google autocomplete: how to keep a conversation going w,75
how to start a conversation over text with a girl,conversation,TBD,Google autocomplete: how to start a conversation over text,75
how to start a conversation over text with a stranger,conversation,TBD,Google autocomplete: how to start a conversation over text,75
how to start a conversation over text with a guy,conversation,TBD,Google autocomplete: how to start a conversation over text,75
how to start a conversation over text with a friend,conversation,TBD,Google autocomplete: how to start a conversation over text,75
how to start a conversation over text without being awkward,conversation,TBD,Google autocomplete: how to start a conversation over text,75
how to start a conversation over text with your crush,conversation,TBD,Google autocomplete: how to start a conversation over text,75
how to start a conversation over text with your boyfriend,conversation,TBD,Google autocomplete: how to start a conversation over text,75
how to start a conversation over a text,conversation,TBD,Google autocomplete: how to start a conversation over text a,75
how to start a conversation over text to a girl,conversation,TBD,Google autocomplete: how to start a conversation over text a,75
how to start a conversation over text with your girlfriend,conversation,TBD,Google autocomplete: how to start a conversation over text a,75
how to start a conversation over text with your friend,conversation,TBD,Google autocomplete: how to start a conversation over text a,75
how to hold a conversation over text,conversation,TBD,Google autocomplete: how to start a conversation over text h,75
how to have a conversation over text,conversation,TBD,Google autocomplete: how to start a conversation over text h,75
how to start a text conversation,conversation,TBD,Google autocomplete: how to start a conversation over text h,75
how to start a new text conversation,conversation,TBD,Google autocomplete: how to start a conversation over text h,75
how to start a good conversation over text,conversation,TBD,Google autocomplete: how to start a conversation over text h,75
how to text a guy you like,conversation,TBD,Google autocomplete: how to text a guy,75
how to text a guy first,conversation,TBD,Google autocomplete: how to text a guy,75
how to text a guy to get his attention,conversation,TBD,Google autocomplete: how to text a guy,75
how to text a guy to keep him interested,conversation,TBD,Google autocomplete: how to text a guy,75
how to text a guy good morning,conversation,TBD,Google autocomplete: how to text a guy,75
how to text a guy flirty,conversation,TBD,Google autocomplete: how to text a guy,75
how to text a guy that you like him,conversation,TBD,Google autocomplete: how to text a guy,75
how to text a guy your interested in,conversation,TBD,Google autocomplete: how to text a guy,75
how to text a guy u like,conversation,TBD,Google autocomplete: how to text a guy,75
how to text a guy after getting his number,conversation,TBD,Google autocomplete: how to text a guy a,75
how to text a guy after first date,conversation,TBD,Google autocomplete: how to text a guy a,75
how to text a guy and not seem desperate,conversation,TBD,Google autocomplete: how to text a guy a,75
how to text a guy after he ignores you,conversation,TBD,Google autocomplete: how to text a guy a,75
how to text a guy and keep him interested,conversation,TBD,Google autocomplete: how to text a guy a,75
how to text as a guy,conversation,TBD,Google autocomplete: how to text a guy a,75
how to text a guy to start a conversation,conversation,TBD,Google autocomplete: how to text a guy a,75
how to text first as a guy,conversation,TBD,Google autocomplete: how to text a guy a,75
how to text flirty as a guy,conversation,TBD,Google autocomplete: how to text a guy a,75
how to text a guy friend happy birthday,conversation,TBD,Google autocomplete: how to text a guy h,75
how to text a guy to make him want you,conversation,TBD,Google autocomplete: how to text a guy h,75
how to text a guy you like him,conversation,TBD,Google autocomplete: how to text a guy h,75
how to text a guy to keep him interested examples,conversation,TBD,Google autocomplete: how to text a guy h,75
how to text a guy you miss him,conversation,TBD,Google autocomplete: how to text a guy h,75
how to text a guy to make him miss you,conversation,TBD,Google autocomplete: how to text a guy h,75
how to text a guy without seeming desperate,conversation,TBD,Google autocomplete: how to text a guy w,75
how to text a guy who is pulling away,conversation,TBD,Google autocomplete: how to text a guy w,75
how to text a guy without looking desperate,conversation,TBD,Google autocomplete: how to text a guy w,75
how to text a guy who ghosted you,conversation,TBD,Google autocomplete: how to text a guy w,75
how to text a guy who is ignoring you,conversation,TBD,Google autocomplete: how to text a guy w,75
how to text a guy who lost interest,conversation,TBD,Google autocomplete: how to text a guy w,75
what to text a guy who has gone cold,conversation,TBD,Google autocomplete: how to text a guy w,75
what to text a guy who used you,conversation,TBD,Google autocomplete: how to text a guy w,75
what to text a guy who is giving mixed signals,conversation,TBD,Google autocomplete: how to text a guy w,75
what to text a guy who's stringing you along,conversation,TBD,Google autocomplete: how to text a guy w,75
what to text your crush to start a conversation,conversation,TBD,Google autocomplete: what to text your crush,75
what to text your crush for the first time,conversation,TBD,Google autocomplete: what to text your crush,75
what to text your crush in the morning,conversation,TBD,Google autocomplete: what to text your crush,75
what to text your crush over text,conversation,TBD,Google autocomplete: what to text your crush,75
what to text your crush at night,conversation,TBD,Google autocomplete: what to text your crush,75
what to text your crush when your bored,conversation,TBD,Google autocomplete: what to text your crush,75
what to text your crush about,conversation,TBD,Google autocomplete: what to text your crush a,75
what to text your crush after hanging out,conversation,TBD,Google autocomplete: what to text your crush a,75
what to text your crush the first time,conversation,TBD,Google autocomplete: what to text your crush a,75
what to text your crush as a girl,conversation,TBD,Google autocomplete: what to text your crush a,75
what to text your crush after a long time,conversation,TBD,Google autocomplete: what to text your crush a,75
what to text your crush when he is ignoring you,conversation,TBD,Google autocomplete: what to text your crush h,75
what to text your crush on his birthday,conversation,TBD,Google autocomplete: what to text your crush h,75
what to text your crush on her birthday,conversation,TBD,Google autocomplete: what to text your crush h,75
what to text your crush after hey,conversation,TBD,Google autocomplete: what to text your crush h,75
what to text your crush to give him butterflies,conversation,TBD,Google autocomplete: what to text your crush h,75
what to text your crush to make him smile,conversation,TBD,Google autocomplete: what to text your crush h,75
what to text your crush to make her smile,conversation,TBD,Google autocomplete: what to text your crush h,75
what to text your crush when she is ignoring you,conversation,TBD,Google autocomplete: what to text your crush w,75
what to text your crush without being obvious,conversation,TBD,Google autocomplete: what to text your crush w,75
what to text your crush without being boring,conversation,TBD,Google autocomplete: what to text your crush w,75
what to text your crush when you miss him,conversation,TBD,Google autocomplete: what to text your crush w,75
what to talk about with your boyfriend on the phone,conversation,TBD,Google autocomplete: what to talk about with your boyfriend,75
what to talk about with your boyfriend over text,conversation,TBD,Google autocomplete: what to talk about with your boyfriend,75
what to talk about with your boyfriend on call,conversation,TBD,Google autocomplete: what to talk about with your boyfriend,75
what to talk about with your boyfriend when your bored,conversation,TBD,Google autocomplete: what to talk about with your boyfriend,75
what to talk about with your boyfriend at night,conversation,TBD,Google autocomplete: what to talk about with your boyfriend,75
what can i talk about with my boyfriend,conversation,TBD,Google autocomplete: what to talk about with your boyfriend,75
what to talk about with your boyfriend on a call,conversation,TBD,Google autocomplete: what to talk about with your boyfriend a,75
what to talk about about with your boyfriend,conversation,TBD,Google autocomplete: what to talk about with your boyfriend a,75
what are topics to talk about with your boyfriend,conversation,TBD,Google autocomplete: what to talk about with your boyfriend a,75
what are fun things to talk about with your boyfriend,conversation,TBD,Google autocomplete: what to talk about with your boyfriend a,75
what are interesting topics to talk about with your boyfriend,conversation,TBD,Google autocomplete: what to talk about with your boyfriend a,75
what are fun topics to talk about with your boyfriend,conversation,TBD,Google autocomplete: what to talk about with your boyfriend a,75
what to talk about with a boyfriend,conversation,TBD,Google autocomplete: what to talk about with your boyfriend a,75
what to tell your boyfriend happy birthday,conversation,TBD,Google autocomplete: what to talk about with your boyfriend h,75
what to say your boyfriend on his birthday,conversation,TBD,Google autocomplete: what to talk about with your boyfriend h,75
what to talk about with my boyfriend on the phone,conversation,TBD,Google autocomplete: what to talk about with your boyfriend h,75
what to talk about when with your boyfriend,conversation,TBD,Google autocomplete: what to talk about with your boyfriend w,75
what to tell your boyfriend when,conversation,TBD,Google autocomplete: what to talk about with your boyfriend w,75
what to tell your boyfriend when you need a break,conversation,TBD,Google autocomplete: what to talk about with your boyfriend w,75
what to say to your boyfriend when he feels insecure,conversation,TBD,Google autocomplete: what to talk about with your boyfriend w,75
how to get to know someone over text,conversation,TBD,Google autocomplete: how to get to know someone,75
how to get to know someone better,conversation,TBD,Google autocomplete: how to get to know someone,75
how to get to know someone on a deeper level,conversation,TBD,Google autocomplete: how to get to know someone,75
how to get to know someone questions,conversation,TBD,Google autocomplete: how to get to know someone,75
how to get to know someone long distance,conversation,TBD,Google autocomplete: how to get to know someone,75
how to get to know someone deeply,conversation,TBD,Google autocomplete: how to get to know someone,75
how to get to know someone better over text,conversation,TBD,Google autocomplete: how to get to know someone,75
how to get to know someone romantically,conversation,TBD,Google autocomplete: how to get to know someone,75
how to get to know someone as a friend,conversation,TBD,Google autocomplete: how to get to know someone a,75
how to get to know someone again,conversation,TBD,Google autocomplete: how to get to know someone a,75
how to get to know about someone,conversation,TBD,Google autocomplete: how to get to know someone a,75
how to get to know someone questions to ask,conversation,TBD,Google autocomplete: how to get to know someone a,75
how to get to know someone what to ask,conversation,TBD,Google autocomplete: how to get to know someone a,75
things to get to know about someone,conversation,TBD,Google autocomplete: how to get to know someone a,75
questions to get to know about someone,conversation,TBD,Google autocomplete: how to get to know someone a,75
how to know someone have a crush on you,conversation,TBD,Google autocomplete: how to get to know someone a,75
how to get to know someone without asking questions,conversation,TBD,Google autocomplete: how to get to know someone w,75
how to get to know someone with questions,conversation,TBD,Google autocomplete: how to get to know someone w,75
how to get to know someone what questions to ask,conversation,TBD,Google autocomplete: how to get to know someone w,75
questions to get to know someone when dating,conversation,TBD,Google autocomplete: how to get to know someone w,75
how long does it take to get to know someone,conversation,TBD,Google autocomplete: how to get to know someone w,75
getting to know you questions for adults,conversation,TBD,Google autocomplete: getting to know you questions,75
getting to know you questions dating,conversation,TBD,Google autocomplete: getting to know you questions,75
getting to know you questions for couples,conversation,TBD,Google autocomplete: getting to know you questions,75
getting to know you questions for friends,conversation,TBD,Google autocomplete: getting to know you questions,75
getting to know you questions adults,conversation,TBD,Google autocomplete: getting to know you questions a,75
get to know you questions app,conversation,TBD,Google autocomplete: getting to know you questions a,75
get to know you questions about family,conversation,TBD,Google autocomplete: getting to know you questions a,75
get to know you questions about christmas,conversation,TBD,Google autocomplete: getting to know you questions a,75
get to know you questions about summer,conversation,TBD,Google autocomplete: getting to know you questions a,75
get to know you questions about thanksgiving,conversation,TBD,Google autocomplete: getting to know you questions a,75
get to know you questions about fall,conversation,TBD,Google autocomplete: getting to know you questions a,75
getting to know you questions esl adults,conversation,TBD,Google autocomplete: getting to know you questions a,75
get to know you questions hard,conversation,TBD,Google autocomplete: getting to know you questions h,75
get to know you questions holiday,conversation,TBD,Google autocomplete: getting to know you questions h,75
how to get to know you questions,conversation,TBD,Google autocomplete: getting to know you questions h,75
what are good get to know you questions,conversation,TBD,Google autocomplete: getting to know you questions h,75
getting to know you questions when dating,conversation,TBD,Google autocomplete: getting to know you questions w,75
get to know you questions with friends,conversation,TBD,Google autocomplete: getting to know you questions w,75
get to know you questions weird,conversation,TBD,Google autocomplete: getting to know you questions w,75
fun get to know you questions when dating,conversation,TBD,Google autocomplete: getting to know you questions w,75
how to ask a guy out over text,conversation,TBD,Google autocomplete: how to ask a guy out,75
how to ask a guy out as a girl,conversation,TBD,Google autocomplete: how to ask a guy out,75
how to ask a guy out on a date,conversation,TBD,Google autocomplete: how to ask a guy out,75
how to ask a guy out without sounding desperate,conversation,TBD,Google autocomplete: how to ask a guy out,75
how to ask a guy out that you barely know,conversation,TBD,Google autocomplete: how to ask a guy out,75
how to ask a guy out without getting rejected,conversation,TBD,Google autocomplete: how to ask a guy out,75
how to ask a guy out on hinge,conversation,TBD,Google autocomplete: how to ask a guy out,75
how to ask a guy out at the gym,conversation,TBD,Google autocomplete: how to ask a guy out,75
how to ask a guy out as a guy,conversation,TBD,Google autocomplete: how to ask a guy out a,75
how to ask a guy out as a friend,conversation,TBD,Google autocomplete: how to ask a guy out a,75
how to ask a guy out again,conversation,TBD,Google autocomplete: how to ask a guy out a,75
how to ask a guy out after rejecting him,conversation,TBD,Google autocomplete: how to ask a guy out a,75
how to ask a guy to hang out,conversation,TBD,Google autocomplete: how to ask a guy out h,75
how to ask a guy his intentions without scaring him,conversation,TBD,Google autocomplete: how to ask a guy out h,75
how to ask a guy his intentions,conversation,TBD,Google autocomplete: how to ask a guy out h,75
how to ask a guy his number,conversation,TBD,Google autocomplete: how to ask a guy out h,75
how to ask a guy if he likes you,conversation,TBD,Google autocomplete: how to ask a guy out h,75
how to ask a guy if he likes you indirectly,conversation,TBD,Google autocomplete: how to ask a guy out h,75
how to ask a guy out without asking him out,conversation,TBD,Google autocomplete: how to ask a guy out w,75
how to ask a guy out without being awkward,conversation,TBD,Google autocomplete: how to ask a guy out w,75
how to ask a guy out without asking,conversation,TBD,Google autocomplete: how to ask a guy out w,75
how to ask a guy out who you barely know,conversation,TBD,Google autocomplete: how to ask a guy out w,75
how to ask a guy out over text without being,conversation,TBD,Google autocomplete: how to ask a guy out w,75
how to respond to hey on tinder,responses,TBD,Google autocomplete: how to respond to hey,85
how to respond to heyy,responses,TBD,Google autocomplete: how to respond to hey,85
how to respond to hey on hinge,responses,TBD,Google autocomplete: how to respond to hey,85
how to respond to hey from a girl,responses,TBD,Google autocomplete: how to respond to hey,85
how to respond to hey how are you,responses,TBD,Google autocomplete: how to respond to hey,85
how to respond to hey what's up,responses,TBD,Google autocomplete: how to respond to hey,85
how to respond to hey beautiful,responses,TBD,Google autocomplete: how to respond to hey,85
how to respond to hey how's it going,responses,TBD,Google autocomplete: how to respond to hey,85
how to respond to heyyy,responses,TBD,Google autocomplete: how to respond to hey,85
how to respond to hey after being ghosted,responses,TBD,Google autocomplete: how to respond to hey a,85
how to respond to hey as a guy,responses,TBD,Google autocomplete: how to respond to hey a,85
how to respond to a hey text,responses,TBD,Google autocomplete: how to respond to hey a,85
how to respond to a hey,responses,TBD,Google autocomplete: how to respond to hey a,85
how to respond to a hey on hinge,responses,TBD,Google autocomplete: how to respond to hey a,85
how to respond to a hey message,responses,TBD,Google autocomplete: how to respond to hey a,85
how to respond to a hey beautiful text,responses,TBD,Google autocomplete: how to respond to hey a,85
how to respond to a hey on tinder,responses,TBD,Google autocomplete: how to respond to hey a,85
how to respond to a hey text from your crush,responses,TBD,Google autocomplete: how to respond to hey a,85
how to respond to a hey stranger text,responses,TBD,Google autocomplete: how to respond to hey a,85
how to respond to hey handsome,responses,TBD,Google autocomplete: how to respond to hey h,85
how to respond to hey hey,responses,TBD,Google autocomplete: how to respond to hey h,85
how to respond to hey how's it going on hinge,responses,TBD,Google autocomplete: how to respond to hey h,85
how to respond to hey how are you doing,responses,TBD,Google autocomplete: how to respond to hey h,85
how to respond to hey handsome on a dating app,responses,TBD,Google autocomplete: how to respond to hey h,85
how to respond to hey handsome on tinder,responses,TBD,Google autocomplete: how to respond to hey h,85
how to respond to hey wassup,responses,TBD,Google autocomplete: how to respond to hey w,85
how to respond to hey whats good,responses,TBD,Google autocomplete: how to respond to hey w,85
how to respond to hey what's up from a girl,responses,TBD,Google autocomplete: how to respond to hey w,85
how to respond to hey what's up from a guy,responses,TBD,Google autocomplete: how to respond to hey w,85
how to respond to hey what's up on hinge,responses,TBD,Google autocomplete: how to respond to hey w,85
how to respond to hey with rizz,responses,TBD,Google autocomplete: how to respond to hey w,85
how to respond to hope you are doing well,responses,TBD,Google autocomplete: how to respond to wyd h,85
how to respond to i miss you text,responses,TBD,Google autocomplete: how to respond to i miss you,85
how to respond to i miss you more,responses,TBD,Google autocomplete: how to respond to i miss you,85
how to respond to i miss you after no contact,responses,TBD,Google autocomplete: how to respond to i miss you,85
how to respond to i miss you too,responses,TBD,Google autocomplete: how to respond to i miss you,85
how to respond to i miss you from a friend,responses,TBD,Google autocomplete: how to respond to i miss you,85
how to respond to i miss you from an ex,responses,TBD,Google autocomplete: how to respond to i miss you,85
how to respond to i miss your face,responses,TBD,Google autocomplete: how to respond to i miss you,85
how to respond to i miss you already,responses,TBD,Google autocomplete: how to respond to i miss you a,85
how to respond to i miss you a lot,responses,TBD,Google autocomplete: how to respond to i miss you a,85
how to respond to i miss you after being ghosted,responses,TBD,Google autocomplete: how to respond to i miss you a,85
how to respond to i miss you after a breakup,responses,TBD,Google autocomplete: how to respond to i miss you a,85
how to reply to i miss you alot,responses,TBD,Google autocomplete: how to respond to i miss you a,85
how to respond to i miss you from a guy,responses,TBD,Google autocomplete: how to respond to i miss you a,85
how to respond to i miss you from him,responses,TBD,Google autocomplete: how to respond to i miss you h,85
how to respond to i miss you from her,responses,TBD,Google autocomplete: how to respond to i miss you h,85
how to respond to i miss you text from him,responses,TBD,Google autocomplete: how to respond to i miss you h,85
how to respond to hey i miss you,responses,TBD,Google autocomplete: how to respond to i miss you h,85
how to respond to his i miss you text,responses,TBD,Google autocomplete: how to respond to i miss you h,85
how to respond to her saying i miss you,responses,TBD,Google autocomplete: how to respond to i miss you h,85
how to respond to how much i miss you,responses,TBD,Google autocomplete: how to respond to i miss you h,85
how to respond to him saying i miss you,responses,TBD,Google autocomplete: how to respond to i miss you h,85
how to respond to i have been missing you,responses,TBD,Google autocomplete: how to respond to i miss you h,85
how to respond to i miss you without sounding desperate,responses,TBD,Google autocomplete: how to respond to i miss you w,85
how to respond to i miss you when you're mad,responses,TBD,Google autocomplete: how to respond to i miss you w,85
how to respond to i miss you without being rude,responses,TBD,Google autocomplete: how to respond to i miss you w,85
how to respond to i miss you way more,responses,TBD,Google autocomplete: how to respond to i miss you w,85
how to respond to a compliment from a guy,responses,TBD,Google autocomplete: how to respond to a compliment,85
how to respond to a compliment humbly,responses,TBD,Google autocomplete: how to respond to a compliment,85
how to respond to a compliment over text,responses,TBD,Google autocomplete: how to respond to a compliment,85
how to respond to a compliment flirty,responses,TBD,Google autocomplete: how to respond to a compliment,85
how to respond to a compliment on instagram,responses,TBD,Google autocomplete: how to respond to a compliment,85
how to respond to a compliment on a dating app,responses,TBD,Google autocomplete: how to respond to a compliment,85
how to respond to a compliment on hinge,responses,TBD,Google autocomplete: how to respond to a compliment,85
how to respond to a compliment about your looks,responses,TBD,Google autocomplete: how to respond to a compliment a,85
how to respond to a compliment about your appearance,responses,TBD,Google autocomplete: how to respond to a compliment a,85
how to respond to a compliment and give one back,responses,TBD,Google autocomplete: how to respond to a compliment a,85
how to respond to a compliment about your child,responses,TBD,Google autocomplete: how to respond to a compliment a,85
how to respond to a compliment about your eyes,responses,TBD,Google autocomplete: how to respond to a compliment a,85
how to respond to a compliment about your smile,responses,TBD,Google autocomplete: how to respond to a compliment a,85
how to respond to compliment about eyes,responses,TBD,Google autocomplete: how to respond to a compliment a,85
how to respond to a compliment hinge,responses,TBD,Google autocomplete: how to respond to a compliment h,85
how to respond to a hot compliment,responses,TBD,Google autocomplete: how to respond to a compliment h,85
how to respond to a handsome compliment,responses,TBD,Google autocomplete: how to respond to a compliment h,85
how to respond to a huge compliment,responses,TBD,Google autocomplete: how to respond to a compliment h,85
how to respond to a heartfelt compliment,responses,TBD,Google autocomplete: how to respond to a compliment h,85
how to respond to a compliment with humility,responses,TBD,Google autocomplete: how to respond to a compliment h,85
how to respond to a back handed compliment,responses,TBD,Google autocomplete: how to respond to a compliment h,85
how to respond to a compliment without saying thank you,responses,TBD,Google autocomplete: how to respond to a compliment w,85
how to respond to a compliment when flirting,responses,TBD,Google autocomplete: how to respond to a compliment w,85
how to respond to a compliment without sounding conceited,responses,TBD,Google autocomplete: how to respond to a compliment w,85
how to respond to a compliment without flirting,responses,TBD,Google autocomplete: how to respond to a compliment w,85
how to respond to a compliment wlw,responses,TBD,Google autocomplete: how to respond to a compliment w,85
how to respond to a woman's compliment,responses,TBD,Google autocomplete: how to respond to a compliment w,85
how to respond to a flirty text from a guy,responses,TBD,Google autocomplete: how to respond to a flirty text,85
how to respond to a flirty text from your boyfriend,responses,TBD,Google autocomplete: how to respond to a flirty text,85
how to respond to a flirty compliment text,responses,TBD,Google autocomplete: how to respond to a flirty text,85
how to respond to a flirty message,responses,TBD,Google autocomplete: how to respond to a flirty text,85
how to respond to a flirty text from a girl,responses,TBD,Google autocomplete: how to respond to a flirty text,85
how to respond to a good morning text flirty,responses,TBD,Google autocomplete: how to respond to a flirty text,85
how to reply to a flirty text from a guy,responses,TBD,Google autocomplete: how to respond to a flirty text a,85
how to respond to a flirty message from a guy,responses,TBD,Google autocomplete: how to respond to a flirty text a,85
how to respond to yes ma am flirty text,responses,TBD,Google autocomplete: how to respond to a flirty text a,85
how to respond to a text in a flirty way,responses,TBD,Google autocomplete: how to respond to a flirty text a,85
how to respond to a how are you text flirty,responses,TBD,Google autocomplete: how to respond to a flirty text h,85
how to respond to hey in a flirty way text,responses,TBD,Google autocomplete: how to respond to a flirty text h,85
how to respond to hey text from a guy flirty,responses,TBD,Google autocomplete: how to respond to a flirty text h,85
how to respond to hey text from a girl flirty,responses,TBD,Google autocomplete: how to respond to a flirty text h,85
how to respond to sarcasm in a flirty way text,responses,TBD,Google autocomplete: how to respond to a flirty text w,85
how to respond with a flirty text,responses,TBD,Google autocomplete: how to respond to a flirty text w,85
how to respond morning text in a flirty way,responses,TBD,Google autocomplete: how to respond to a flirty text w,85
how to respond to good morning text from a guy,responses,TBD,Google autocomplete: how to respond to good morning text,85
how to respond to good morning text from your crush,responses,TBD,Google autocomplete: how to respond to good morning text,85
how to respond to good morning text from boyfriend,responses,TBD,Google autocomplete: how to respond to good morning text,85
how to respond to good morning text from a girl,responses,TBD,Google autocomplete: how to respond to good morning text,85
how to respond to good morning text from him,responses,TBD,Google autocomplete: how to respond to good morning text,85
how to respond to good morning text from her,responses,TBD,Google autocomplete: how to respond to good morning text,85
how to respond to good evening text from a guy,responses,TBD,Google autocomplete: how to respond to good morning text a,85
how to respond to good evening text from a girl,responses,TBD,Google autocomplete: how to respond to good morning text a,85
how to respond to good morning text from your boyfriend,responses,TBD,Google autocomplete: how to respond to good morning text a,85
how to respond to a good morning text,responses,TBD,Google autocomplete: how to respond to good morning text a,85
how to respond to his good morning text,responses,TBD,Google autocomplete: how to respond to good morning text h,85
how to reply to a good morning text for him,responses,TBD,Google autocomplete: how to respond to good morning text h,85
how to respond to have a good day text,responses,TBD,Google autocomplete: how to respond to good morning text h,85
how to respond to how are you this morning text,responses,TBD,Google autocomplete: how to respond to good morning text h,85
how to respond to have a great day text,responses,TBD,Google autocomplete: how to respond to good morning text h,85
how to respond to have a nice day text,responses,TBD,Google autocomplete: how to respond to good morning text h,85
how to reply to have a good day text,responses,TBD,Google autocomplete: how to respond to good morning text h,85
how to reply to good morning text on whatsapp,responses,TBD,Google autocomplete: how to respond to good morning text w,85
ways to respond to good morning text,responses,TBD,Google autocomplete: how to respond to good morning text w,85
how do you respond to good morning text,responses,TBD,Google autocomplete: how to respond to good morning text w,85
what to reply after good morning text,responses,TBD,Google autocomplete: how to respond to good morning text w,85
what should i reply after good morning text,responses,TBD,Google autocomplete: how to respond to good morning text w,85
how to respond to an apology when you're still hurt,responses,TBD,Google autocomplete: how to respond to an apology,85
how to respond to an apology text,responses,TBD,Google autocomplete: how to respond to an apology,85
how to respond to an apology you don't accept,responses,TBD,Google autocomplete: how to respond to an apology,85
how to respond to an apology acceptance,responses,TBD,Google autocomplete: how to respond to an apology a,85
how to respond to an apology without accepting it,responses,TBD,Google autocomplete: how to respond to an apology a,85
how to respond to an apology from a guy,responses,TBD,Google autocomplete: how to respond to an apology a,85
how to respond to an apology from a friend,responses,TBD,Google autocomplete: how to respond to an apology a,85
how to respond to an apology from your husband,responses,TBD,Google autocomplete: how to respond to an apology h,85
how to respond to an apology when still hurt,responses,TBD,Google autocomplete: how to respond to an apology h,85
how to respond to his apology,responses,TBD,Google autocomplete: how to respond to an apology h,85
how to respond to her apology,responses,TBD,Google autocomplete: how to respond to an apology h,85
how to respond to a heartfelt apology,responses,TBD,Google autocomplete: how to respond to an apology h,85
how to respond to a half apology,responses,TBD,Google autocomplete: how to respond to an apology h,85
how to respond to a half hearted apology,responses,TBD,Google autocomplete: how to respond to an apology h,85
how to reply to an apology,responses,TBD,Google autocomplete: how to respond to an apology h,85
how do i reply to an apology,responses,TBD,Google autocomplete: how to respond to an apology h,85
how to respond to an apology without saying it's ok,responses,TBD,Google autocomplete: how to respond to an apology w,85
how to respond to an apology without saying it's okay,responses,TBD,Google autocomplete: how to respond to an apology w,85
how to respond to an apology when you're still mad,responses,TBD,Google autocomplete: how to respond to an apology w,85
how to respond to an apology when it's not okay,responses,TBD,Google autocomplete: how to respond to an apology w,85
how to respond to an apology when you're still upset,responses,TBD,Google autocomplete: how to respond to an apology w,85
how to respond to rejection text,responses,TBD,Google autocomplete: how to respond to rejection,85
how to respond to rejection from a girl,responses,TBD,Google autocomplete: how to respond to rejection,85
how to respond to rejection from crush text,responses,TBD,Google autocomplete: how to respond to rejection,85
how to respond to rejection from crush,responses,TBD,Google autocomplete: how to respond to rejection,85
how to respond to rejection after first date,responses,TBD,Google autocomplete: how to respond to rejection a,85
how to respond to rejected applicants who ask for feedback,responses,TBD,Google autocomplete: how to respond to rejection a,85
how to respond to a rejection text,responses,TBD,Google autocomplete: how to respond to rejection a,85
how to respond to a rejection,responses,TBD,Google autocomplete: how to respond to rejection a,85
how to respond when he rejects you,responses,TBD,Google autocomplete: how to respond to rejection h,85
how to deal with rejection healthily,responses,TBD,Google autocomplete: how to respond to rejection h,85
how to deal with husband rejection,responses,TBD,Google autocomplete: how to respond to rejection h,85
how to deal with high rejection sensitivity,responses,TBD,Google autocomplete: how to respond to rejection h,85
how to respond to hiring manager after rejection,responses,TBD,Google autocomplete: how to respond to rejection h,85
how to respond to rejection with dignity,responses,TBD,Google autocomplete: how to respond to rejection w,85
how to respond to rejection without being immature,responses,TBD,Google autocomplete: how to respond to rejection w,85
how to respond to someone with rejection sensitive dysphoria,responses,TBD,Google autocomplete: how to respond to rejection w,85
how to respond to someone who rejected you,responses,TBD,Google autocomplete: how to respond to rejection w,85
how to respond with rejection,responses,TBD,Google autocomplete: how to respond to rejection w,85
how to respond to no response text,responses,TBD,Google autocomplete: how to respond to no response,85
how to deal with no response text,responses,TBD,Google autocomplete: how to respond to no response,85
why no response is the best response,responses,TBD,Google autocomplete: how to respond to no response,85
why no response is a response,responses,TBD,Google autocomplete: how to respond to no response,85
how to respond to a no response,responses,TBD,Google autocomplete: how to respond to no response a,85
is no response a response,responses,TBD,Google autocomplete: how to respond to no response a,85
is no response the best response,responses,TBD,Google autocomplete: how to respond to no response a,85
how do you respond when someone doesn't reply,responses,TBD,Google autocomplete: how to respond to no response a,85
what to say when someone ignores your text,responses,TBD,Google autocomplete: what to say when someone ignores you,85
what to say when someone ignores your message,responses,TBD,Google autocomplete: what to say when someone ignores you,85
what to say when someone ignores your calls,responses,TBD,Google autocomplete: what to say when someone ignores you,85
what to say when someone ignores you on purpose,responses,TBD,Google autocomplete: what to say when someone ignores you,85
what to say when a man ignores you,responses,TBD,Google autocomplete: what to say when someone ignores you,85
what to reply when someone ignores your text,responses,TBD,Google autocomplete: what to say when someone ignores you,85
what to say when people ignore you,responses,TBD,Google autocomplete: what to say when someone ignores you,85
what to do if someone ignores you in a relationship,responses,TBD,Google autocomplete: what to say when someone ignores you a,85
what to do when someone ignores you,responses,TBD,Google autocomplete: what to say when someone ignores you a,85
what to say to someone you've been ignoring,responses,TBD,Google autocomplete: what to say when someone ignores you a,85
how to say when someone ignores you,responses,TBD,Google autocomplete: what to say when someone ignores you h,85
what to say when he ignores you,responses,TBD,Google autocomplete: what to say when someone ignores you h,85
what to say to someone who ignores you,responses,TBD,Google autocomplete: what to say when someone ignores you w,85
what to say to someone who ignores you on purpose,responses,TBD,Google autocomplete: what to say when someone ignores you w,85
what to say to someone who ignores your text,responses,TBD,Google autocomplete: what to say when someone ignores you w,85
what to say to someone who's ignoring you,responses,TBD,Google autocomplete: what to say when someone ignores you w,85
what to do when someone ignores you on whatsapp,responses,TBD,Google autocomplete: what to say when someone ignores you w,85
what to say to a friend who is ignoring you,responses,TBD,Google autocomplete: what to say when someone ignores you w,85
what to say when being ignored,responses,TBD,Google autocomplete: what to say when someone ignores you w,85
how to tell someone you like them without telling them,responses,TBD,Google autocomplete: how to tell someone you like them,85
how to tell someone you like them over text,responses,TBD,Google autocomplete: how to tell someone you like them,85
how to tell someone you like them a lot,responses,TBD,Google autocomplete: how to tell someone you like them,85
how to tell someone you like them romantically,responses,TBD,Google autocomplete: how to tell someone you like them,85
how to tell someone you like them as a friend,responses,TBD,Google autocomplete: how to tell someone you like them a,85
how to tell someone you like them as an adult,responses,TBD,Google autocomplete: how to tell someone you like them a,85
how to tell someone you like them and why,responses,TBD,Google autocomplete: how to tell someone you like them a,85
how to tell someone you love them and why,responses,TBD,Google autocomplete: how to tell someone you like them a,85
how should i tell someone i like them,responses,TBD,Google autocomplete: how to tell someone you like them a,85
how to tell someone you like them examples,responses,TBD,Google autocomplete: how to tell someone you like them a,85
how to tell someone you like them without getting rejected,responses,TBD,Google autocomplete: how to tell someone you like them w,85
how to tell someone you're not interested text examples,responses,TBD,Google autocomplete: how to tell someone you are not interested,85
how to tell someone you're not interested anymore,responses,TBD,Google autocomplete: how to tell someone you are not interested,85
how to tell someone you're not interested in them romantically,responses,TBD,Google autocomplete: how to tell someone you are not interested,85
how to tell someone you're not interested in dating them,responses,TBD,Google autocomplete: how to tell someone you are not interested,85
how to tell someone you're not interested in being friends,responses,TBD,Google autocomplete: how to tell someone you are not interested,85
how to tell someone you're not interested over text,responses,TBD,Google autocomplete: how to tell someone you are not interested,85
how to tell someone you're not interested politely via text,responses,TBD,Google autocomplete: how to tell someone you are not interested,85
how to tell someone you re not interested anymore,responses,TBD,Google autocomplete: how to tell someone you are not interested a,85
how to tell someone you re not interested after date,responses,TBD,Google autocomplete: how to tell someone you are not interested a,85
how to tell recruiter you are not interested anymore,responses,TBD,Google autocomplete: how to tell someone you are not interested a,85
how to tell someone you re not interested in the,responses,TBD,Google autocomplete: how to tell someone you are not interested a,85
how to tell a guy you re not interested anymore,responses,TBD,Google autocomplete: how to tell someone you are not interested a,85
how to tell someone you re not interested hinge,responses,TBD,Google autocomplete: how to tell someone you are not interested h,85
how to tell someone you're not interested,responses,TBD,Google autocomplete: how to tell someone you are not interested h,85
how to politely tell someone you're not interested,responses,TBD,Google autocomplete: how to tell someone you are not interested h,85
how to ask someone what they want for their birthday,responses,TBD,Google autocomplete: how to ask someone what they want,85
how to ask someone what they want in a relationship,responses,TBD,Google autocomplete: how to ask someone what they want,85
how to ask someone what they want from you,responses,TBD,Google autocomplete: how to ask someone what they want,85
how to ask someone what they want to eat,responses,TBD,Google autocomplete: how to ask someone what they want,85
how to ask someone what they want without being rude,responses,TBD,Google autocomplete: how to ask someone what they want,85
how to politely ask someone what they want,responses,TBD,Google autocomplete: how to ask someone what they want,85
how to ask someone if they want a relationship,responses,TBD,Google autocomplete: how to ask someone what they want a,85
how to tell someone what you like about them,responses,TBD,Google autocomplete: how to ask someone what they want a,85
how to tell someone you want a divorce,responses,TBD,Google autocomplete: how to ask someone what they want a,85
how to tell someone you want a relationship over text,responses,TBD,Google autocomplete: how to ask someone what they want a,85
how to tell someone they need a shower,responses,TBD,Google autocomplete: how to ask someone what they want a,85
how to tell someone you want a break up,responses,TBD,Google autocomplete: how to ask someone what they want a,85
how to tell someone you need a break,responses,TBD,Google autocomplete: how to ask someone what they want a,85
how to tell a girl what you like about her,responses,TBD,Google autocomplete: how to ask someone what they want h,85
how do you ask someone what they are looking for,responses,TBD,Google autocomplete: how to ask someone what they want h,85
how to ask if we are exclusive,responses,TBD,Google autocomplete: how to ask are we exclusive,85
how to ask someone if we are exclusive,responses,TBD,Google autocomplete: how to ask are we exclusive,85
how to ask him if we are exclusive,responses,TBD,Google autocomplete: how to ask are we exclusive,85
how to ask a guy if we are exclusive,responses,TBD,Google autocomplete: how to ask are we exclusive,85
how to ask a girl if we are exclusive,responses,TBD,Google autocomplete: how to ask are we exclusive,85
how to ask a guy if we are dating exclusively,responses,TBD,Google autocomplete: how to ask are we exclusive,85
how to ask to be exclusive,responses,TBD,Google autocomplete: how to ask are we exclusive a,85
how to ask for clarity in a relationship via text,responses,TBD,Google autocomplete: how to ask for clarity in a relationship,85
how to ask a man for clarity in a relationship,responses,TBD,Google autocomplete: how to ask for clarity in a relationship,85
how to seek clarity in a relationship,responses,TBD,Google autocomplete: how to ask for clarity in a relationship,85
questions to ask for clarity in a relationship,responses,TBD,Google autocomplete: how to ask for clarity in a relationship,85
how to get clarity in a relationship,responses,TBD,Google autocomplete: how to ask for clarity in a relationship,85
how to ask for clarification in a relationship,responses,TBD,Google autocomplete: how to ask for clarity in a relationship,85
how to ask for validation in a relationship,responses,TBD,Google autocomplete: how to ask for clarity in a relationship a,85
when to ask for clarity in a relationship,responses,TBD,Google autocomplete: how to ask for clarity in a relationship w,85
dating vs relationship definition,dating,TBD,Google autocomplete: dating vs relationship,75
dating vs relationship meaning,dating,TBD,Google autocomplete: dating vs relationship,75
dating vs relationship vs situationship,dating,TBD,Google autocomplete: dating vs relationship,75
dating vs relationship boundaries,dating,TBD,Google autocomplete: dating vs relationship,75
dating vs relationship difference,dating,TBD,Google autocomplete: dating vs relationship,75
dating vs relationship timeline,dating,TBD,Google autocomplete: dating vs relationship,75
dating vs relationship psychology,dating,TBD,Google autocomplete: dating vs relationship,75
dating vs a relationship,dating,TBD,Google autocomplete: dating vs relationship a,75
dating versus a relationship,dating,TBD,Google autocomplete: dating vs relationship a,75
dating or a relationship,dating,TBD,Google autocomplete: dating vs relationship a,75
exclusive dating vs a relationship,dating,TBD,Google autocomplete: dating vs relationship a,75
talking vs dating vs in a relationship,dating,TBD,Google autocomplete: dating vs relationship a,75
casual dating vs being in a relationship,dating,TBD,Google autocomplete: dating vs relationship a,75
dating vs together,dating,TBD,Google autocomplete: dating vs relationship a,75
dating vs relationship how long,dating,TBD,Google autocomplete: dating vs relationship h,75
dating relationship difference,dating,TBD,Google autocomplete: dating vs relationship h,75
what is dating vs relationship,dating,TBD,Google autocomplete: dating vs relationship w,75
what is exclusive dating vs relationship,dating,TBD,Google autocomplete: dating vs relationship w,75
what is considered dating vs relationship,dating,TBD,Google autocomplete: dating vs relationship w,75
dating exclusively meaning,dating,TBD,Google autocomplete: dating exclusively,75
dating exclusively but not in a relationship,dating,TBD,Google autocomplete: dating exclusively,75
dating exclusively vs relationship,dating,TBD,Google autocomplete: dating exclusively,75
dating exclusively vs boyfriend girlfriend,dating,TBD,Google autocomplete: dating exclusively,75
dating exclusively rules,dating,TBD,Google autocomplete: dating exclusively,75
dating exclusively vs girlfriend,dating,TBD,Google autocomplete: dating exclusively,75
dating exclusively vs situationship,dating,TBD,Google autocomplete: dating exclusively,75
dating exclusively vs committed relationship,dating,TBD,Google autocomplete: dating exclusively,75
dating exclusive app,dating,TBD,Google autocomplete: dating exclusively a,75
dating app exclusively for celebrities,dating,TBD,Google autocomplete: dating exclusively a,75
exclusive dating app raya,dating,TBD,Google autocomplete: dating exclusively a,75
exclusive dating app for rich people,dating,TBD,Google autocomplete: dating exclusively a,75
exclusive dating apps like raya,dating,TBD,Google autocomplete: dating exclusively a,75
exclusive dating apps in india,dating,TBD,Google autocomplete: dating exclusively a,75
exclusive dating apps uk,dating,TBD,Google autocomplete: dating exclusively a,75
exclusive dating app for professionals,dating,TBD,Google autocomplete: dating exclusively a,75
exclusive dating app australia,dating,TBD,Google autocomplete: dating exclusively a,75
dating exclusively how long,dating,TBD,Google autocomplete: dating exclusively h,75
dating only halal food,dating,TBD,Google autocomplete: dating exclusively h,75
exclusive dating hogwarts mystery,dating,TBD,Google autocomplete: dating exclusively h,75
dating exclusively when,dating,TBD,Google autocomplete: dating exclusively w,75
exclusive dating websites,dating,TBD,Google autocomplete: dating exclusively w,75
exclusive dating without commitment,dating,TBD,Google autocomplete: dating exclusively w,75
only dating website,dating,TBD,Google autocomplete: dating exclusively w,75
only dating white guys,dating,TBD,Google autocomplete: dating exclusively w,75
dating women only,dating,TBD,Google autocomplete: dating exclusively w,75
exclusively dating means what,dating,TBD,Google autocomplete: dating exclusively w,75
exclusive relationship meaning,dating,TBD,Google autocomplete: exclusive relationship,75
exclusive relationship vs committed relationship,dating,TBD,Google autocomplete: exclusive relationship,75
exclusive relationship rules,dating,TBD,Google autocomplete: exclusive relationship,75
exclusive relationship vs situationship,dating,TBD,Google autocomplete: exclusive relationship,75
exclusive relationship example,dating,TBD,Google autocomplete: exclusive relationship,75
exclusive relationship vs inclusive relationship,dating,TBD,Google autocomplete: exclusive relationship,75
exclusive and relationship,dating,TBD,Google autocomplete: exclusive relationship a,75
exclusive dating app,dating,TBD,Google autocomplete: exclusive relationship a,75
exclusive dating app for celebrities,dating,TBD,Google autocomplete: exclusive relationship a,75
exclusive dating how long,dating,TBD,Google autocomplete: exclusive relationship h,75
exclusive vs relationship,dating,TBD,Google autocomplete: exclusive relationship h,75
exclusive relationship without label,dating,TBD,Google autocomplete: exclusive relationship w,75
exclusive relationship with taash,dating,TBD,Google autocomplete: exclusive relationship w,75
exclusive relationship what does it mean,dating,TBD,Google autocomplete: exclusive relationship w,75
exclusive without relationship,dating,TBD,Google autocomplete: exclusive relationship w,75
unique relationship with an insect,dating,TBD,Google autocomplete: exclusive relationship w,75
exclusive dating when,dating,TBD,Google autocomplete: exclusive relationship w,75
casual dating meaning,dating,TBD,Google autocomplete: casual dating,75
casual dating website,dating,TBD,Google autocomplete: casual dating,75
casual dating sites free,dating,TBD,Google autocomplete: casual dating,75
casual dating vs situationship,dating,TBD,Google autocomplete: casual dating,75
casual dating vs dating,dating,TBD,Google autocomplete: casual dating,75
casual dating vs intentional dating,dating,TBD,Google autocomplete: casual dating,75
casual dating vs friends with benefits,dating,TBD,Google autocomplete: casual dating,75
casual dating rules,dating,TBD,Google autocomplete: casual dating,75
casual dating apps,dating,TBD,Google autocomplete: casual dating a,75
casual dating apps 2026,dating,TBD,Google autocomplete: casual dating a,75
casual dating and flirt,dating,TBD,Google autocomplete: casual dating a,75
casual dating after divorce,dating,TBD,Google autocomplete: casual dating a,75
casual dating ads,dating,TBD,Google autocomplete: casual dating a,75
casual dating app review,dating,TBD,Google autocomplete: casual dating a,75
casual dating after breakup,dating,TBD,Google autocomplete: casual dating a,75
casual dating app csl,dating,TBD,Google autocomplete: casual dating a,75
casual dating how often text,dating,TBD,Google autocomplete: casual dating h,75
casual dating how long,dating,TBD,Google autocomplete: casual dating h,75
casual dating how to,dating,TBD,Google autocomplete: casual dating h,75
casual dating hinge,dating,TBD,Google autocomplete: casual dating h,75
casual dating hookup culture,dating,TBD,Google autocomplete: casual dating h,75
casual dating hong kong,dating,TBD,Google autocomplete: casual dating h,75
casual dating with companionship,dating,TBD,Google autocomplete: casual dating w,75
casual dating website reviews,dating,TBD,Google autocomplete: casual dating w,75
casual dating without intimacy,dating,TBD,Google autocomplete: casual dating w,75
casual dating with exclusivity,dating,TBD,Google autocomplete: casual dating w,75
casual dating websites free,dating,TBD,Google autocomplete: casual dating w,75
casual dating what is it,dating,TBD,Google autocomplete: casual dating w,75
casual dating with verified people,dating,TBD,Google autocomplete: casual dating w,75
casual dating while married,dating,TBD,Google autocomplete: casual dating w,75
casual dating women,dating,TBD,Google autocomplete: casual dating w,75
casual relationship meaning,dating,TBD,Google autocomplete: casual relationship,75
casual relationship rules,dating,TBD,Google autocomplete: casual relationship,75
casual relationship definition,dating,TBD,Google autocomplete: casual relationship,75
casual relationship psychology,dating,TBD,Google autocomplete: casual relationship,75
casual relationship vs serious relationship,dating,TBD,Google autocomplete: casual relationship,75
casual relationship vs situationship,dating,TBD,Google autocomplete: casual relationship,75
casual relationship meaning statistics,dating,TBD,Google autocomplete: casual relationship,75
casual relationship app,dating,TBD,Google autocomplete: casual relationship a,75
casual relationship and situationship difference,dating,TBD,Google autocomplete: casual relationship a,75
casual relationship and serious relationship,dating,TBD,Google autocomplete: casual relationship a,75
casual relationship and friends with benefits difference,dating,TBD,Google autocomplete: casual relationship a,75
casual relationship after breakup,dating,TBD,Google autocomplete: casual relationship a,75
casual relationship and separation,dating,TBD,Google autocomplete: casual relationship a,75
casual relationship and situationship,dating,TBD,Google autocomplete: casual relationship a,75
casual relationship another word,dating,TBD,Google autocomplete: casual relationship a,75
casual relationships are bad,dating,TBD,Google autocomplete: casual relationship a,75
casual relationship hinge,dating,TBD,Google autocomplete: casual relationship h,75
casual relationship how long,dating,TBD,Google autocomplete: casual relationship h,75
casual relationship how to,dating,TBD,Google autocomplete: casual relationship h,75
casual relationship with ex,dating,TBD,Google autocomplete: casual relationship w,75
casual relationship with exclusive meaning,dating,TBD,Google autocomplete: casual relationship w,75
casual relationship with a girl,dating,TBD,Google autocomplete: casual relationship w,75
casual relationship with the truth,dating,TBD,Google autocomplete: casual relationship w,75
casual relationship with no strings attached,dating,TBD,Google autocomplete: casual relationship w,75
casual relationship without commitment,dating,TBD,Google autocomplete: casual relationship w,75
casual relationship what does it mean,dating,TBD,Google autocomplete: casual relationship w,75
casual relationship word,dating,TBD,Google autocomplete: casual relationship w,75
casual relationship with feelings,dating,TBD,Google autocomplete: casual relationship w,75
dating intentions hinge,dating,TBD,Google autocomplete: dating intentions,75
dating intentions meaning,dating,TBD,Google autocomplete: dating intentions,75
dating intentions examples,dating,TBD,Google autocomplete: dating intentions,75
dating intentions hinge examples,dating,TBD,Google autocomplete: dating intentions,75
dating intentions examples for her,dating,TBD,Google autocomplete: dating intentions,75
dating intentions bumble,dating,TBD,Google autocomplete: dating intentions,75
dating intentions hinge options,dating,TBD,Google autocomplete: dating intentions,75
intentions dating app,dating,TBD,Google autocomplete: dating intentions a,75
pure intentions dating app,dating,TBD,Google autocomplete: dating intentions a,75
dating intentions examples for a woman,dating,TBD,Google autocomplete: dating intentions a,75
asking dating intentions,dating,TBD,Google autocomplete: dating intentions a,75
what does dating with intention mean,dating,TBD,Google autocomplete: dating intentions a,75
no dating intentions hinge,dating,TBD,Google autocomplete: dating intentions h,75
change dating intentions hinge,dating,TBD,Google autocomplete: dating intentions h,75
best dating intentions hinge,dating,TBD,Google autocomplete: dating intentions h,75
dating with intentions,dating,TBD,Google autocomplete: dating intentions w,75
dating with intentions meaning,dating,TBD,Google autocomplete: dating intentions w,75
dating without intentions,dating,TBD,Google autocomplete: dating intentions w,75
dating with intentions of marriage,dating,TBD,Google autocomplete: dating intentions w,75
dating with intention questions,dating,TBD,Google autocomplete: dating intentions w,75
dating with intention to marry,dating,TBD,Google autocomplete: dating intentions w,75
dating with intention app,dating,TBD,Google autocomplete: dating intentions w,75
relationship stages timeline,dating,TBD,Google autocomplete: relationship stages,75
relationship stages tomodachi life,dating,TBD,Google autocomplete: relationship stages,75
relationship stages by month,dating,TBD,Google autocomplete: relationship stages,75
relationship stages timeline in months,dating,TBD,Google autocomplete: relationship stages,75
relationship stages talking stage,dating,TBD,Google autocomplete: relationship stages,75
relationship stages power struggle,dating,TBD,Google autocomplete: relationship stages,75
relationship stages dating,dating,TBD,Google autocomplete: relationship stages,75
relationship stages and timeline,dating,TBD,Google autocomplete: relationship stages a,75
relationship stages and how long they last,dating,TBD,Google autocomplete: relationship stages a,75
relationship stages and years,dating,TBD,Google autocomplete: relationship stages a,75
relationship stage after honeymoon,dating,TBD,Google autocomplete: relationship stages a,75
relationship arguing stage,dating,TBD,Google autocomplete: relationship stages a,75
relationship argument stage,dating,TBD,Google autocomplete: relationship stages a,75
relationship stages honeymoon,dating,TBD,Google autocomplete: relationship stages h,75
relationship stages honeymoon power struggle,dating,TBD,Google autocomplete: relationship stages h,75
relationship stages how long,dating,TBD,Google autocomplete: relationship stages h,75
relationship levels hades 2,dating,TBD,Google autocomplete: relationship stages h,75
relationship levels hades,dating,TBD,Google autocomplete: relationship stages h,75
relationship phases honeymoon etc,dating,TBD,Google autocomplete: relationship stages h,75
relationships have stages,dating,TBD,Google autocomplete: relationship stages h,75
relationship stages after honeymoon phase,dating,TBD,Google autocomplete: relationship stages h,75
relationship stages warframe,dating,TBD,Google autocomplete: relationship stages w,75
relationship stages with months,dating,TBD,Google autocomplete: relationship stages w,75
relationship stages with time,dating,TBD,Google autocomplete: relationship stages w,75
relationship stage we re talking,dating,TBD,Google autocomplete: relationship stages w,75
relationship levels warframe,dating,TBD,Google autocomplete: relationship stages w,75
relationship levels warframe 1999,dating,TBD,Google autocomplete: relationship stages w,75
relationship passes through stages what are they,dating,TBD,Google autocomplete: relationship stages w,75
what relationship stages are there,dating,TBD,Google autocomplete: relationship stages w,75
dating stages by months,dating,TBD,Google autocomplete: dating stages,75
dating stages of a relationship,dating,TBD,Google autocomplete: dating stages,75
dating stages timeline,dating,TBD,Google autocomplete: dating stages,75
dating stages talking,dating,TBD,Google autocomplete: dating stages,75
dating stages explained,dating,TBD,Google autocomplete: dating stages,75
dating stages gen z,dating,TBD,Google autocomplete: dating stages,75
dating stages in brazil,dating,TBD,Google autocomplete: dating stages,75
dating stages and timeline,dating,TBD,Google autocomplete: dating stages a,75
dating stages for a man,dating,TBD,Google autocomplete: dating stages a,75
early dating stage anxiety,dating,TBD,Google autocomplete: dating stages a,75
early dating stage advice,dating,TBD,Google autocomplete: dating stages a,75
dating stage how long,dating,TBD,Google autocomplete: dating stages h,75
dating phases honeymoon,dating,TBD,Google autocomplete: dating stages h,75
dating levels hogwarts mystery,dating,TBD,Google autocomplete: dating stages h,75
dating honeymoon stage,dating,TBD,Google autocomplete: dating stages h,75
healthy dating stages,dating,TBD,Google autocomplete: dating stages h,75
dating phases women,dating,TBD,Google autocomplete: dating stages w,75
warframe dating stages,dating,TBD,Google autocomplete: dating stages w,75
stages when dating,dating,TBD,Google autocomplete: dating stages w,75
relationship labels list,dating,TBD,Google autocomplete: relationship labels,75
relationship labels paralives,dating,TBD,Google autocomplete: relationship labels,75
relationship labels examples,dating,TBD,Google autocomplete: relationship labels,75
relationship labels sims 4,dating,TBD,Google autocomplete: relationship labels,75
relationship labels meaning,dating,TBD,Google autocomplete: relationship labels,75
relationship without labels,dating,TBD,Google autocomplete: relationship labels,75
relationship anarchy labels,dating,TBD,Google autocomplete: relationship labels a,75
why relationship labels are important,dating,TBD,Google autocomplete: relationship labels a,75
alternative relationship labels,dating,TBD,Google autocomplete: relationship labels a,75
what are relationship labels,dating,TBD,Google autocomplete: relationship labels a,75
relationship without label called,dating,TBD,Google autocomplete: relationship labels w,75
relationship without label meaning,dating,TBD,Google autocomplete: relationship labels w,75
relationship with label,dating,TBD,Google autocomplete: relationship labels w,75
relationship warning label,dating,TBD,Google autocomplete: relationship labels w,75
relationship without tag,dating,TBD,Google autocomplete: relationship labels w,75
having a relationship without labels,dating,TBD,Google autocomplete: relationship labels w,75
friends with benefits benihana,dating,TBD,Google autocomplete: friends with benefits,75
friends with benefits events,dating,TBD,Google autocomplete: friends with benefits,75
friends with benefits where to watch,dating,TBD,Google autocomplete: friends with benefits,75
friends with benefits rewards,dating,TBD,Google autocomplete: friends with benefits,75
friends with benefits actress,dating,TBD,Google autocomplete: friends with benefits a,75
friends with benefits actors,dating,TBD,Google autocomplete: friends with benefits a,75
friends with benefits account,dating,TBD,Google autocomplete: friends with benefits a,75
friends with benefits ashton kutcher,dating,TBD,Google autocomplete: friends with benefits a,75
friends with benefits app benihana,dating,TBD,Google autocomplete: friends with benefits a,75
friends with benefits after breakup,dating,TBD,Google autocomplete: friends with benefits a,75
friends with benefits age rating,dating,TBD,Google autocomplete: friends with benefits a,75
friends with benefits after divorce,dating,TBD,Google autocomplete: friends with benefits a,75
friends with benefits half birthday reward,dating,TBD,Google autocomplete: friends with benefits h,75
friends with benefits hulu,dating,TBD,Google autocomplete: friends with benefits h,75
friends with benefits history,dating,TBD,Google autocomplete: friends with benefits h,75
friends with benefits humboldt cider,dating,TBD,Google autocomplete: friends with benefits h,75
friends with benefits half birthday,dating,TBD,Google autocomplete: friends with benefits h,75
friends with benefits heart emoji,dating,TBD,Google autocomplete: friends with benefits h,75
friends with benefits website,dating,TBD,Google autocomplete: friends with benefits w,75
friends with benefits what does it mean,dating,TBD,Google autocomplete: friends with benefits w,75
friends with benefits website review,dating,TBD,Google autocomplete: friends with benefits w,75
friends with benefits with ex,dating,TBD,Google autocomplete: friends with benefits w,75
friends with benefits what are the benefits,dating,TBD,Google autocomplete: friends with benefits w,75
friends with benefits with my ex,dating,TBD,Google autocomplete: friends with benefits w,75
friends with benefits website legit,dating,TBD,Google autocomplete: friends with benefits w,75
friends with benefits while in a relationship,dating,TBD,Google autocomplete: friends with benefits w,75
friends with benefits rules relationships,dating,TBD,Google autocomplete: friends with benefits rules,75
friends with benefits rules kissing,dating,TBD,Google autocomplete: friends with benefits rules,75
friends with benefits rules for girl,dating,TBD,Google autocomplete: friends with benefits rules,75
friends with benefits rules for guys,dating,TBD,Google autocomplete: friends with benefits rules,75
friends with benefits rules cuddling,dating,TBD,Google autocomplete: friends with benefits rules,75
friends with benefits rules for married couples,dating,TBD,Google autocomplete: friends with benefits rules,75
friends with benefits rules list,dating,TBD,Google autocomplete: friends with benefits rules,75
friends with benefits rules and regulations,dating,TBD,Google autocomplete: friends with benefits rules a,75
friends with benefits meaning and rules,dating,TBD,Google autocomplete: friends with benefits rules a,75
friends with benefits rules of the agreement,dating,TBD,Google autocomplete: friends with benefits rules a,75
what are friends with benefits rules,dating,TBD,Google autocomplete: friends with benefits rules a,75
rules of friends with benefits with an ex,dating,TBD,Google autocomplete: friends with benefits rules a,75
rules of friends with benefits with an ex boyfriend,dating,TBD,Google autocomplete: friends with benefits rules a,75
rules for friends with benefits in a relationship,dating,TBD,Google autocomplete: friends with benefits rules a,75
rules for a friends with benefits situation,dating,TBD,Google autocomplete: friends with benefits rules a,75
are there rules for friends with benefits,dating,TBD,Google autocomplete: friends with benefits rules a,75
definition of friends with benefits rules,dating,TBD,Google autocomplete: friends with benefits rules h,75
friends with benefits with an ex rules,dating,TBD,Google autocomplete: friends with benefits rules w,75
signs he likes you more than friends with benefits,dating,TBD,Google autocomplete: friends with benefits signs he likes you,75
dating red flags in men,dating,TBD,Google autocomplete: dating red flags,75
dating red flags in women,dating,TBD,Google autocomplete: dating red flags,75
dating red flags tier list,dating,TBD,Google autocomplete: dating red flags,75
dating red flags in a man,dating,TBD,Google autocomplete: dating red flags,75
dating red flags checklist,dating,TBD,Google autocomplete: dating red flags,75
dating red flags list,dating,TBD,Google autocomplete: dating red flags,75
dating red flags and green flags,dating,TBD,Google autocomplete: dating red flags a,75
dating red flags app,dating,TBD,Google autocomplete: dating red flags a,75
relationship red flags and deal breakers,dating,TBD,Google autocomplete: dating red flags a,75
dating red flags in a woman,dating,TBD,Google autocomplete: dating red flags a,75
relationship red flags in a girl,dating,TBD,Google autocomplete: dating red flags a,75
red flags dating an inmate,dating,TBD,Google autocomplete: dating red flags a,75
red flags dating after divorce,dating,TBD,Google autocomplete: dating red flags a,75
dating red flags how to recognise and avoid toxic partners,dating,TBD,Google autocomplete: dating red flags h,75
hinge dating red flags,dating,TBD,Google autocomplete: dating red flags h,75
heart of dating red flags,dating,TBD,Google autocomplete: dating red flags h,75
dating haitian men red flags,dating,TBD,Google autocomplete: dating red flags h,75
dating a honduran man red flags,dating,TBD,Google autocomplete: dating red flags h,75
dating a honduran man red flags in bed,dating,TBD,Google autocomplete: dating red flags h,75
dating a homeless man red flags,dating,TBD,Google autocomplete: dating red flags h,75
dating a honduran woman red flags,dating,TBD,Google autocomplete: dating red flags h,75
dating red flags women,dating,TBD,Google autocomplete: dating red flags w,75
relationship red flags women,dating,TBD,Google autocomplete: dating red flags w,75
dating red flags one word,dating,TBD,Google autocomplete: dating red flags w,75
first date red flags women,dating,TBD,Google autocomplete: dating red flags w,75
dating red flags no one warns you about,dating,TBD,Google autocomplete: dating red flags w,75
red flags when dating in your 60s,dating,TBD,Google autocomplete: dating red flags w,75
early dating signs he likes you body language,dating,TBD,Google autocomplete: early dating signs he likes you,75
first date signs he likes you body language,dating,TBD,Google autocomplete: early dating signs he likes you,75
first date signs he likes you,dating,TBD,Google autocomplete: early dating signs he likes you,75
first date signs she likes you,dating,TBD,Google autocomplete: early dating signs he likes you,75
signs he really likes you early dating,dating,TBD,Google autocomplete: early dating signs he likes you,75
dating green flags in men,dating,TBD,Google autocomplete: dating green flags,75
dating green flags in women,dating,TBD,Google autocomplete: dating green flags,75
dating green flags list,dating,TBD,Google autocomplete: dating green flags,75
dating green flag examples,dating,TBD,Google autocomplete: dating green flags,75
early dating green flags,dating,TBD,Google autocomplete: dating green flags,75
online dating green flags,dating,TBD,Google autocomplete: dating green flags,75
dating app green flags,dating,TBD,Google autocomplete: dating green flags,75
dating green flags in a man,dating,TBD,Google autocomplete: dating green flags a,75
dating green flags and red flags,dating,TBD,Google autocomplete: dating green flags a,75
green flags dating app,dating,TBD,Google autocomplete: dating green flags a,75
green flags dating a guy,dating,TBD,Google autocomplete: dating green flags a,75
what are dating green flags,dating,TBD,Google autocomplete: dating green flags a,75
green flags in dating a woman,dating,TBD,Google autocomplete: dating green flags a,75
green flags when dating a girl,dating,TBD,Google autocomplete: dating green flags a,75
dating a single mom green flags,dating,TBD,Google autocomplete: dating green flags a,75
what are some dating green flags,dating,TBD,Google autocomplete: dating green flags a,75
green flags when dating,dating,TBD,Google autocomplete: dating green flags w,75
green flags when dating a guy,dating,TBD,Google autocomplete: dating green flags w,75
green flags when dating a man,dating,TBD,Google autocomplete: dating green flags w,75
green flags when dating someone new,dating,TBD,Google autocomplete: dating green flags w,75
green flags when dating a woman,dating,TBD,Google autocomplete: dating green flags w,75
green flags when dating someone,dating,TBD,Google autocomplete: dating green flags w,75
green flags when first dating,dating,TBD,Google autocomplete: dating green flags w,75
red and green flags when dating,dating,TBD,Google autocomplete: dating green flags w,75
first date questions to ask him,dating,TBD,Google autocomplete: first date questions,75
first date questions to ask her,dating,TBD,Google autocomplete: first date questions,75
first date questions to ask,dating,TBD,Google autocomplete: first date questions,75
first date questions to ask a girl,dating,TBD,Google autocomplete: first date questions,75
first date questions to ask a guy,dating,TBD,Google autocomplete: first date questions,75
first date questions to get to know someone,dating,TBD,Google autocomplete: first date questions,75
first date questions and answers,dating,TBD,Google autocomplete: first date questions a,75
first date questions app,dating,TBD,Google autocomplete: first date questions a,75
first date questions and conversations,dating,TBD,Google autocomplete: first date questions a,75
first date questions about relationships,dating,TBD,Google autocomplete: first date questions a,75
first date questions and conversation starters,dating,TBD,Google autocomplete: first date questions a,75
first date questions about family,dating,TBD,Google autocomplete: first date questions a,75
first date questions ai,dating,TBD,Google autocomplete: first date questions a,75
1st date questions and icebreaker,dating,TBD,Google autocomplete: first date questions a,75
first date asking questions,dating,TBD,Google autocomplete: first date questions a,75
first date questions hinge,dating,TBD,Google autocomplete: first date questions h,75
first date questions her,dating,TBD,Google autocomplete: first date questions h,75
first date hypothetical questions,dating,TBD,Google autocomplete: first date questions h,75
first date questions for him,dating,TBD,Google autocomplete: first date questions h,75
first date questions sam hyde,dating,TBD,Google autocomplete: first date questions h,75
first date questions steve harvey,dating,TBD,Google autocomplete: first date questions h,75
first date questions wlw,dating,TBD,Google autocomplete: first date questions w,75
first date questions when you're already friends,dating,TBD,Google autocomplete: first date questions w,75
first date questions with a friend,dating,TBD,Google autocomplete: first date questions w,75
first date questions we re not really strangers,dating,TBD,Google autocomplete: first date questions w,75
wikihow first date questions,dating,TBD,Google autocomplete: first date questions w,75
first date questions weird,dating,TBD,Google autocomplete: first date questions w,75
first date topics with someone you already know,dating,TBD,Google autocomplete: first date questions w,75
first date what questions to ask,dating,TBD,Google autocomplete: first date questions w,75
first date questions for women,dating,TBD,Google autocomplete: first date questions w,75
first date questions corey wayne,dating,TBD,Google autocomplete: first date questions w,75
second date questions to ask a guy,dating,TBD,Google autocomplete: second date questions,75
second date questions to ask,dating,TBD,Google autocomplete: second date questions,75
second date questions to ask a girl,dating,TBD,Google autocomplete: second date questions,75
second date questions for guys,dating,TBD,Google autocomplete: second date questions,75
second date questions to ask him,dating,TBD,Google autocomplete: second date questions,75
second date questions in your 30s,dating,TBD,Google autocomplete: second date questions,75
second date questions wlw,dating,TBD,Google autocomplete: second date questions,75
second date questions and topics,dating,TBD,Google autocomplete: second date questions a,75
second date questions to ask her,dating,TBD,Google autocomplete: second date questions a,75
good second date questions to ask,dating,TBD,Google autocomplete: second date questions a,75
appropriate second date questions,dating,TBD,Google autocomplete: second date questions a,75
fun second date questions to ask,dating,TBD,Google autocomplete: second date questions a,75
first and second date questions,dating,TBD,Google autocomplete: second date questions a,75
what are good questions to ask on a second date,dating,TBD,Google autocomplete: second date questions h,75
what should happen on a second date,dating,TBD,Google autocomplete: second date questions h,75
what are second date questions,dating,TBD,Google autocomplete: second date questions w,75
what are good second date questions,dating,TBD,Google autocomplete: second date questions w,75
what to talk about in second date,dating,TBD,Google autocomplete: second date questions w,75
third date ideas,dating,TBD,Google autocomplete: third date,75
third date rule,dating,TBD,Google autocomplete: third date,75
third date questions,dating,TBD,Google autocomplete: third date,75
third date expectations,dating,TBD,Google autocomplete: third date,75
third date meaning,dating,TBD,Google autocomplete: third date,75
third date advice,dating,TBD,Google autocomplete: third date,75
third date activities,dating,TBD,Google autocomplete: third date a,75
third date and no kiss,dating,TBD,Google autocomplete: third date a,75
third date at his house,dating,TBD,Google autocomplete: third date a,75
third date and still no kiss,dating,TBD,Google autocomplete: third date a,75
third date activity ideas,dating,TBD,Google autocomplete: third date a,75
third date advice for guys,dating,TBD,Google autocomplete: third date a,75
third date at home,dating,TBD,Google autocomplete: third date a,75
third date huda beauty,dating,TBD,Google autocomplete: third date h,75
third date httyd,dating,TBD,Google autocomplete: third date h,75
third date huda beauty lipstick,dating,TBD,Google autocomplete: third date h,75
third date huda,dating,TBD,Google autocomplete: third date h,75
third date hospitality,dating,TBD,Google autocomplete: third date h,75
third date hospitality group,dating,TBD,Google autocomplete: third date h,75
third date huda beauty dupe,dating,TBD,Google autocomplete: third date h,75
third date hinge,dating,TBD,Google autocomplete: third date h,75
third date what to expect,dating,TBD,Google autocomplete: third date w,75
third date questions to ask,dating,TBD,Google autocomplete: third date w,75
third date questions to ask a girl,dating,TBD,Google autocomplete: third date w,75
third date questions to ask a guy,dating,TBD,Google autocomplete: third date w,75
third date what to do,dating,TBD,Google autocomplete: third date w,75
third date with a guy,dating,TBD,Google autocomplete: third date w,75
third date went well now what,dating,TBD,Google autocomplete: third date w,75
third date wlw,dating,TBD,Google autocomplete: third date w,75
third date what to talk about,dating,TBD,Google autocomplete: third date w,75
dating communication skills,dating,TBD,Google autocomplete: dating communication,75
dating communication styles,dating,TBD,Google autocomplete: dating communication,75
dating communication app,dating,TBD,Google autocomplete: dating communication,75
early dating communication,dating,TBD,Google autocomplete: dating communication,75
2026 dating communication priorities,dating,TBD,Google autocomplete: dating communication,75
free communication dating sites,dating,TBD,Google autocomplete: dating communication,75
early stage dating communication,dating,TBD,Google autocomplete: dating communication,75
inconsistent communication dating,dating,TBD,Google autocomplete: dating communication,75
free communication dating apps,dating,TBD,Google autocomplete: dating communication,75
dating and communication,dating,TBD,Google autocomplete: dating communication a,75
relationship and communication skills,dating,TBD,Google autocomplete: dating communication a,75
dating app contact number,dating,TBD,Google autocomplete: dating communication a,75
relationship communication wheel,dating,TBD,Google autocomplete: dating communication w,75
relationship without communication,dating,TBD,Google autocomplete: dating communication w,75
dating women contact number,dating,TBD,Google autocomplete: dating communication w,75
relationship without communication is like,dating,TBD,Google autocomplete: dating communication w,75
how often should you see someone you re dating,dating,TBD,Google autocomplete: how often to see someone you are dating,75
how often should you see someone when you start dating,dating,TBD,Google autocomplete: how often to see someone you are dating,75
how many times should you see someone before dating,dating,TBD,Google autocomplete: how often to see someone you are dating,75
how often should you see someone when you are dating,dating,TBD,Google autocomplete: how often to see someone you are dating w,75
how often should you see someone you're dating,dating,TBD,Google autocomplete: how often to see someone you are dating w,75
how often should you see someone you're casually dating,dating,TBD,Google autocomplete: how often to see someone you are dating w,75
when should you define the relationship,dating,TBD,Google autocomplete: when to define the relationship,75
at what point should you define the relationship,dating,TBD,Google autocomplete: when to define the relationship,75
when to define a relationship,dating,TBD,Google autocomplete: when to define the relationship a,75
when and how to define the relationship,dating,TBD,Google autocomplete: when to define the relationship h,75
how to tell if a date went well,dating,TBD,Google autocomplete: how to know if a date went well,75
how to know if a date goes well,dating,TBD,Google autocomplete: how to know if a date went well,75
how to know when a date went well,dating,TBD,Google autocomplete: how to know if a date went well,75
how to know if a date went good or bad,dating,TBD,Google autocomplete: how to know if a date went well,75
how to know if a first date went well,dating,TBD,Google autocomplete: how to know if a date went well,75
how to know if the date went well,dating,TBD,Google autocomplete: how to know if a date went well a,75
how to know if dates are going well,dating,TBD,Google autocomplete: how to know if a date went well a,75
how to tell if the date went well,dating,TBD,Google autocomplete: how to know if a date went well a,75
how to know if the first date went well,dating,TBD,Google autocomplete: how to know if a date went well a,75
how to know if the second date went well,dating,TBD,Google autocomplete: how to know if a date went well a,75
signs a date went well,dating,TBD,Google autocomplete: how to know if a date went well w,75
signs of a great first date,dating,TBD,Google autocomplete: signs of a good first date,75
signs of a successful first date,dating,TBD,Google autocomplete: signs of a good first date,75
signs if a good first date chemistry,dating,TBD,Google autocomplete: signs of a good first date,75
signs you had a good first date,dating,TBD,Google autocomplete: signs of a good first date,75
signs of good chemistry on first date,dating,TBD,Google autocomplete: signs of a good first date,75
what should a first date feel like,dating,TBD,Google autocomplete: signs of a good first date,75
how long does a good first date last,dating,TBD,Google autocomplete: signs of a good first date,75
what are signs of a good first date,dating,TBD,Google autocomplete: signs of a good first date a,75
signs a first date went good,dating,TBD,Google autocomplete: signs of a good first date w,75
he stopped texting me first but always replies,distance,TBD,Google autocomplete: he stopped texting me,85
he stopped texting me all of a sudden,distance,TBD,Google autocomplete: he stopped texting me,85
he stopped texting me but watches my stories,distance,TBD,Google autocomplete: he stopped texting me,85
why did he stop texting me as much,distance,TBD,Google autocomplete: he stopped texting me a,85
he stopped messaging me all of a sudden,distance,TBD,Google autocomplete: he stopped texting me a,85
why does he not text me as much,distance,TBD,Google autocomplete: he stopped texting me a,85
why has he stopped texting me after we slept together,distance,TBD,Google autocomplete: he stopped texting me h,85
why has he suddenly stopped texting me,distance,TBD,Google autocomplete: he stopped texting me h,85
i ignored him and he stopped texting me,distance,TBD,Google autocomplete: he stopped texting me h,85
he blocked me after i stopped texting him,distance,TBD,Google autocomplete: he stopped texting me h,85
why has he randomly stopped texting me,distance,TBD,Google autocomplete: he stopped texting me h,85
he stop texting me what should i do,distance,TBD,Google autocomplete: he stopped texting me w,85
why has he stopped texting me as much,distance,TBD,Google autocomplete: he stopped texting me w,85
why did he suddenly stop texting me,distance,TBD,Google autocomplete: he stopped texting me w,85
why do guys pull away when they like you,distance,TBD,Google autocomplete: why do guys pull away,85
why do guys pull away when they catch feelings,distance,TBD,Google autocomplete: why do guys pull away,85
why do guys pull away after intimacy,distance,TBD,Google autocomplete: why do guys pull away,85
why do guys pull away after showing interest,distance,TBD,Google autocomplete: why do guys pull away,85
why do guys pull away when you show interest,distance,TBD,Google autocomplete: why do guys pull away,85
why do guys pull away after getting close,distance,TBD,Google autocomplete: why do guys pull away,85
why do guys pull away and then come back,distance,TBD,Google autocomplete: why do guys pull away,85
why do guys pull away after 3 months,distance,TBD,Google autocomplete: why do guys pull away a,85
why do guys pull away after opening up,distance,TBD,Google autocomplete: why do guys pull away a,85
why do guys pull away after first date,distance,TBD,Google autocomplete: why do guys pull away a,85
why do guys pull away after saying i love you,distance,TBD,Google autocomplete: why do guys pull away a,85
why do guys pull away after making out,distance,TBD,Google autocomplete: why do guys pull away a,85
why do men pull away when they have feelings,distance,TBD,Google autocomplete: why do guys pull away h,85
why does a guy pull away when he likes you,distance,TBD,Google autocomplete: why do guys pull away h,85
what does it mean when a man pulls away,distance,TBD,Google autocomplete: why do guys pull away h,85
why a guy suddenly pulls away,distance,TBD,Google autocomplete: why do guys pull away h,85
why do guys pull away when things are going well,distance,TBD,Google autocomplete: why do guys pull away w,85
why do guys pull away when they are stressed,distance,TBD,Google autocomplete: why do guys pull away w,85
why do guys pull away when things get serious,distance,TBD,Google autocomplete: why do guys pull away w,85
why do guys pull away when they fall in love,distance,TBD,Google autocomplete: why do guys pull away w,85
why do guys pull away when girls show interest,distance,TBD,Google autocomplete: why do guys pull away w,85
why do guys pull away when you get close,distance,TBD,Google autocomplete: why do guys pull away w,85
why do guys pull away when they like someone,distance,TBD,Google autocomplete: why do guys pull away w,85
why men pull away when they like you,distance,TBD,Google autocomplete: why men pull away,85
why men pull away after getting close,distance,TBD,Google autocomplete: why men pull away,85
why men pull away from women they love,distance,TBD,Google autocomplete: why men pull away,85
why men pull away when falling in love,distance,TBD,Google autocomplete: why men pull away,85
why men pull away when in love,distance,TBD,Google autocomplete: why men pull away,85
why men pull away when they catch feelings,distance,TBD,Google autocomplete: why men pull away,85
why men pull away after being vulnerable,distance,TBD,Google autocomplete: why men pull away,85
why men pull away before committing,distance,TBD,Google autocomplete: why men pull away,85
why men pull away after first date,distance,TBD,Google autocomplete: why men pull away a,85
why men pull away and what to do,distance,TBD,Google autocomplete: why men pull away a,85
why men pull away after 3 months,distance,TBD,Google autocomplete: why men pull away a,85
why men pull away after getting close psychology,distance,TBD,Google autocomplete: why men pull away a,85
why men pull away after closeness,distance,TBD,Google autocomplete: why men pull away a,85
why men pull away after,distance,TBD,Google autocomplete: why men pull away a,85
why do men pull away after intimacy psychology,distance,TBD,Google autocomplete: why men pull away a,85
why do men pull away after 2 months,distance,TBD,Google autocomplete: why men pull away a,85
why men pull away when they have feelings,distance,TBD,Google autocomplete: why men pull away h,85
why men pull away when things get serious,distance,TBD,Google autocomplete: why men pull away w,85
why men pull away when stressed,distance,TBD,Google autocomplete: why men pull away w,85
why men pull away when things are going well,distance,TBD,Google autocomplete: why men pull away w,85
why men pull away when falling in love psychology,distance,TBD,Google autocomplete: why men pull away w,85
why men pull back when they like you,distance,TBD,Google autocomplete: why men pull away w,85
he is distant but still texts,distance,TBD,Google autocomplete: he is distant,85
he is distant after intimacy,distance,TBD,Google autocomplete: he is distant,85
he is distant meaning,distance,TBD,Google autocomplete: he is distant,85
he is distant after fight,distance,TBD,Google autocomplete: he is distant,85
he is distant from me,distance,TBD,Google autocomplete: he is distant,85
he is distant all of a sudden,distance,TBD,Google autocomplete: he is distant,85
is he distant or am i paranoid,distance,TBD,Google autocomplete: he is distant,85
is he distant or am i clingy,distance,TBD,Google autocomplete: he is distant,85
when he is distant what to do,distance,TBD,Google autocomplete: he is distant,85
he is acting distant,distance,TBD,Google autocomplete: he is distant a,85
boyfriend is distant after argument,distance,TBD,Google autocomplete: he is distant a,85
boyfriend is distant and not affectionate,distance,TBD,Google autocomplete: he is distant a,85
he's distant after i rejected him,distance,TBD,Google autocomplete: he is distant a,85
boyfriend is acting distant,distance,TBD,Google autocomplete: he is distant a,85
she's acting distant,distance,TBD,Google autocomplete: he is distant a,85
he distant himself,distance,TBD,Google autocomplete: he is distant h,85
he distanced himself from me,distance,TBD,Google autocomplete: he is distant h,85
he distanced himself,distance,TBD,Google autocomplete: he is distant h,85
he is keeping his distance,distance,TBD,Google autocomplete: he is distant h,85
when he is distant give him space,distance,TBD,Google autocomplete: he is distant h,85
if he is distant let him go,distance,TBD,Google autocomplete: he is distant h,85
what does it mean when someone is distant,distance,TBD,Google autocomplete: he is distant h,85
why is he distant all of a sudden,distance,TBD,Google autocomplete: he is distant h,85
boyfriend is distant when sick,distance,TBD,Google autocomplete: he is distant w,85
boyfriend is distant when stressed,distance,TBD,Google autocomplete: he is distant w,85
he's distant with me,distance,TBD,Google autocomplete: he is distant w,85
he's being distant what should i do,distance,TBD,Google autocomplete: he is distant w,85
he was distant,distance,TBD,Google autocomplete: he is distant w,85
he was distant meaning,distance,TBD,Google autocomplete: he is distant w,85
he gets distant when stressed,distance,TBD,Google autocomplete: he is distant w,85
he seems distant when overwhelmed,distance,TBD,Google autocomplete: he is distant w,85
is he acting different or am i overthinking,distance,TBD,Google autocomplete: he is acting different,85
she is acting different,distance,TBD,Google autocomplete: he is acting different,85
he is acting weird,distance,TBD,Google autocomplete: he is acting different,85
he is acting distant all of a sudden,distance,TBD,Google autocomplete: he is acting different,85
he's acting weird meaning,distance,TBD,Google autocomplete: he is acting different,85
he's acting different towards me,distance,TBD,Google autocomplete: he is acting different,85
why is he acting different all of a sudden,distance,TBD,Google autocomplete: he is acting different,85
why is he acting different with me,distance,TBD,Google autocomplete: he is acting different,85
he is acting weird and distant,distance,TBD,Google autocomplete: he is acting different a,85
he acting weird all sudden,distance,TBD,Google autocomplete: he is acting different a,85
he acting distant all sudden,distance,TBD,Google autocomplete: he is acting different a,85
he's acting weird around me,distance,TBD,Google autocomplete: he is acting different a,85
he's acting weird after we kissed,distance,TBD,Google autocomplete: he is acting different a,85
why is she acting different around me,distance,TBD,Google autocomplete: he is acting different a,85
why is he acting strange around me,distance,TBD,Google autocomplete: he is acting different a,85
is he acting weird or am i paranoid,distance,TBD,Google autocomplete: he is acting different a,85
she acting weird all sudden,distance,TBD,Google autocomplete: he is acting different a,85
when someone starts acting different,distance,TBD,Google autocomplete: he is acting different w,85
why is my husband acting different,distance,TBD,Google autocomplete: he is acting different w,85
he ignores me for days,distance,TBD,Google autocomplete: he ignores me,85
he ignores me when he's mad,distance,TBD,Google autocomplete: he ignores me,85
he ignores me and then comes back,distance,TBD,Google autocomplete: he ignores me,85
he ignores me all of a sudden,distance,TBD,Google autocomplete: he ignores me,85
he ignores me when i cry,distance,TBD,Google autocomplete: he ignores me,85
he ignores me when we're in a group,distance,TBD,Google autocomplete: he ignores me,85
he ignores me in front of his friends,distance,TBD,Google autocomplete: he ignores me,85
how long should i ignore him after he ignores me,distance,TBD,Google autocomplete: he ignores me,85
he ignores me after i rejected him,distance,TBD,Google autocomplete: he ignores me a,85
he ignores me after argument,distance,TBD,Google autocomplete: he ignores me a,85
he ignores me all day,distance,TBD,Google autocomplete: he ignores me a,85
he ignores me around others,distance,TBD,Google autocomplete: he ignores me a,85
he ignores me after break up,distance,TBD,Google autocomplete: he ignores me a,85
he ignores me after fight,distance,TBD,Google autocomplete: he ignores me a,85
he ignores me after rejection,distance,TBD,Google autocomplete: he ignores me a,85
he ignores me when his girlfriend is around,distance,TBD,Google autocomplete: he ignores me h,85
he ignores me when his wife is around,distance,TBD,Google autocomplete: he ignores me h,85
he ignores me i ignore him back,distance,TBD,Google autocomplete: he ignores me h,85
he ignores me and it hurts,distance,TBD,Google autocomplete: he ignores me h,85
he ignores me but i love him,distance,TBD,Google autocomplete: he ignores me h,85
he ignores me why,distance,TBD,Google autocomplete: he ignores me w,85
he's ignoring me what should i do,distance,TBD,Google autocomplete: he ignores me w,85
he ignores me but wants my attention,distance,TBD,Google autocomplete: he ignores me w,85
he thought ignoring me would break,distance,TBD,Google autocomplete: he ignores me w,85
why he ignores me on purpose,distance,TBD,Google autocomplete: he ignores me w,85
why he ignores me after i rejected him,distance,TBD,Google autocomplete: he ignores me w,85
why is he ignoring me all of a sudden,distance,TBD,Google autocomplete: why is he ignoring me,85
why is he ignoring me on purpose,distance,TBD,Google autocomplete: why is he ignoring me,85
why is he ignoring me after breakup,distance,TBD,Google autocomplete: why is he ignoring me,85
why is he ignoring me for no reason,distance,TBD,Google autocomplete: why is he ignoring me,85
why is he ignoring me after showing interest,distance,TBD,Google autocomplete: why is he ignoring me,85
why does he ignore me for days,distance,TBD,Google autocomplete: why is he ignoring me,85
why is he ignoring me after i apologized,distance,TBD,Google autocomplete: why is he ignoring me a,85
why is he ignoring me after we kissed,distance,TBD,Google autocomplete: why is he ignoring me a,85
why is he ignoring me after i rejected him,distance,TBD,Google autocomplete: why is he ignoring me a,85
he's ignoring me after i broke up with him,distance,TBD,Google autocomplete: why is he ignoring me a,85
why is he ignoring me after first date,distance,TBD,Google autocomplete: why is he ignoring me a,85
why is he ignoring me after argument,distance,TBD,Google autocomplete: why is he ignoring me a,85
why is he ignoring me after i ignored him,distance,TBD,Google autocomplete: why is he ignoring me h,85
why is he avoiding me after hurting me,distance,TBD,Google autocomplete: why is he ignoring me h,85
why does he ignore me around his friends,distance,TBD,Google autocomplete: why is he ignoring me h,85
why is he ignoring me if he likes me,distance,TBD,Google autocomplete: why is he ignoring me h,85
why is he ignoring me but hasn t blocked me,distance,TBD,Google autocomplete: why is he ignoring me h,85
why is he suddenly ignoring me,distance,TBD,Google autocomplete: why is he ignoring me h,85
why is he ignoring me but watching my social media,distance,TBD,Google autocomplete: why is he ignoring me w,85
why is he avoiding hanging out with me,distance,TBD,Google autocomplete: why is he ignoring me w,85
why was he ignoring me,distance,TBD,Google autocomplete: why is he ignoring me w,85
he is ignoring me what should i do,distance,TBD,Google autocomplete: why is he ignoring me w,85
why would he ignore me,distance,TBD,Google autocomplete: why is he ignoring me w,85
why does he leave me on read and reply later,distance,TBD,Google autocomplete: why does he leave me on read,85
why does he leave me on seen,distance,TBD,Google autocomplete: why does he leave me on read,85
why does he always leave me on read,distance,TBD,Google autocomplete: why does he leave me on read,85
why did he leave me on seen,distance,TBD,Google autocomplete: why does he leave me on read,85
why does he keep leaving me on seen,distance,TBD,Google autocomplete: why does he leave me on read,85
why does everyone leave me on read,distance,TBD,Google autocomplete: why does he leave me on read,85
why does girl leave me on read,distance,TBD,Google autocomplete: why does he leave me on read,85
why do women leave me on read,distance,TBD,Google autocomplete: why does he leave me on read w,85
left on delivered meaning,distance,TBD,Google autocomplete: left on delivered,85
left on delivered for a day,distance,TBD,Google autocomplete: left on delivered,85
left on delivered for a week,distance,TBD,Google autocomplete: left on delivered,85
left on delivered vs left on read,distance,TBD,Google autocomplete: left on delivered,85
left on delivered for 2 days,distance,TBD,Google autocomplete: left on delivered,85
left on delivered after first date,distance,TBD,Google autocomplete: left on delivered a,85
left on delivered am i blocked,distance,TBD,Google autocomplete: left on delivered a,85
left on delivered all day,distance,TBD,Google autocomplete: left on delivered a,85
left on delivered after asking out,distance,TBD,Google autocomplete: left on delivered a,85
left on delivered but active,distance,TBD,Google autocomplete: left on delivered a,85
hinge left on delivered,distance,TBD,Google autocomplete: left on delivered h,85
left on sent hinge,distance,TBD,Google autocomplete: left on delivered h,85
left on delivered for hours,distance,TBD,Google autocomplete: left on delivered h,85
left on delivered 24 hours,distance,TBD,Google autocomplete: left on delivered h,85
left on delivered 12 hours,distance,TBD,Google autocomplete: left on delivered h,85
left on delivered 8 hours,distance,TBD,Google autocomplete: left on delivered h,85
left on delivered 5 hours,distance,TBD,Google autocomplete: left on delivered h,85
left on delivered 6 hours,distance,TBD,Google autocomplete: left on delivered h,85
left on delivered whatsapp,distance,TBD,Google autocomplete: left on delivered w,85
left on delivered while active,distance,TBD,Google autocomplete: left on delivered w,85
left on delivered what to do,distance,TBD,Google autocomplete: left on delivered w,85
left on delivered when to re text,distance,TBD,Google autocomplete: left on delivered w,85
left on delivered for weeks,distance,TBD,Google autocomplete: left on delivered w,85
is being left on delivered worse than read,distance,TBD,Google autocomplete: left on delivered w,85
left on delivered for 2 weeks,distance,TBD,Google autocomplete: left on delivered w,85
left on delivered for 3 weeks,distance,TBD,Google autocomplete: left on delivered w,85
left on read app,distance,TBD,Google autocomplete: left on read a,85
left on read after first date,distance,TBD,Google autocomplete: left on read a,85
left on read achievement guide,distance,TBD,Google autocomplete: left on read a,85
left on read after asking out,distance,TBD,Google autocomplete: left on read a,85
left on read after asking a question,distance,TBD,Google autocomplete: left on read a,85
left on read again meaning,distance,TBD,Google autocomplete: left on read a,85
left on read atau leave on read,distance,TBD,Google autocomplete: left on read a,85
left on read and can't give,distance,TBD,Google autocomplete: left on read a,85
left on read again,distance,TBD,Google autocomplete: left on read a,85
left on read how long to wait,distance,TBD,Google autocomplete: left on read h,85
left on read hinge,distance,TBD,Google autocomplete: left on read h,85
left on read hong kong,distance,TBD,Google autocomplete: left on read h,85
left on read how to respond,distance,TBD,Google autocomplete: left on read h,85
left on read how long,distance,TBD,Google autocomplete: left on read h,85
left on read hours,distance,TBD,Google autocomplete: left on read h,85
left on read hurts,distance,TBD,Google autocomplete: left on read h,85
left on read what to do,distance,TBD,Google autocomplete: left on read w,85
left on read willow dixon,distance,TBD,Google autocomplete: left on read w,85
left on read whatsapp,distance,TBD,Google autocomplete: left on read w,85
left on read what does it mean,distance,TBD,Google autocomplete: left on read w,85
left on read why,distance,TBD,Google autocomplete: left on read w,85
left on read what to say,distance,TBD,Google autocomplete: left on read w,85
why does it take a girl so long to reply,distance,TBD,Google autocomplete: why does he take so long to reply a,85
why do guys text a lot then stop,distance,TBD,Google autocomplete: why do guys text less after a while,85
why do guys text you after months later,distance,TBD,Google autocomplete: why do guys text less after a while,85
he texts me everyday long distance,distance,TBD,Google autocomplete: he texts me everyday,85
he texts me everyday does he like me,distance,TBD,Google autocomplete: he texts me everyday,85
he texts me everyday but doesn't flirt,distance,TBD,Google autocomplete: he texts me everyday,85
he texts me everyday but takes forever to respond,distance,TBD,Google autocomplete: he texts me everyday,85
he texts me everyday and it's annoying,distance,TBD,Google autocomplete: he texts me everyday,85
he texts me everyday but has a girlfriend,distance,TBD,Google autocomplete: he texts me everyday,85
he texts me everyday and asks how my day is,distance,TBD,Google autocomplete: he texts me everyday a,85
guy texts me everyday after first date,distance,TBD,Google autocomplete: he texts me everyday a,85
he texts me almost everyday,distance,TBD,Google autocomplete: he texts me everyday a,85
guy texts me almost everyday,distance,TBD,Google autocomplete: he texts me everyday a,85
he texts me everyday for a week then stopped,distance,TBD,Google autocomplete: he texts me everyday a,85
should he text me everyday after first date,distance,TBD,Google autocomplete: he texts me everyday a,85
guy texts me everyday but has a girlfriend,distance,TBD,Google autocomplete: he texts me everyday h,85
he texts me everyday is he interested,distance,TBD,Google autocomplete: he texts me everyday h,85
is he interested if he texts me everyday,distance,TBD,Google autocomplete: he texts me everyday h,85
he has a girlfriend but texts me every day,distance,TBD,Google autocomplete: he texts me everyday h,85
does he like me if he texts me everyday,distance,TBD,Google autocomplete: he texts me everyday h,85
guy texts me everyday what does that mean,distance,TBD,Google autocomplete: he texts me everyday w,85
if he texts me everyday what does that mean,distance,TBD,Google autocomplete: he texts me everyday w,85
he texts me everyday but we are just friends,distance,TBD,Google autocomplete: he texts me everyday w,85
guy texts me everyday but never wants to hang out,distance,TBD,Google autocomplete: he texts me everyday w,85
he texts me everyday but doesn t want a relationship,distance,TBD,Google autocomplete: he texts me everyday w,85
why he texts me everyday,distance,TBD,Google autocomplete: he texts me everyday w,85
he was texting me everyday then stopped,distance,TBD,Google autocomplete: he texts me everyday w,85
why does he text me but never ask me out,distance,TBD,Google autocomplete: he texts me but never asks me out,85
he texts but never asks me out,distance,TBD,Google autocomplete: he texts me but never asks me out,85
guy texts but never asks me out,distance,TBD,Google autocomplete: he texts me but never asks me out,85
guy always texts but never asks me out,distance,TBD,Google autocomplete: he texts me but never asks me out,85
he always texts me but never asks to hang out,distance,TBD,Google autocomplete: he texts me but never asks me out h,85
he never texts first but always responds quickly,distance,TBD,Google autocomplete: he never texts first,85
he never texts first but always replies fast,distance,TBD,Google autocomplete: he never texts first,85
she never texts first,distance,TBD,Google autocomplete: he never texts first,85
she doesn't text first anymore,distance,TBD,Google autocomplete: he never texts first a,85
he said he likes me but never texts first,distance,TBD,Google autocomplete: he never texts first h,85
what to do if he never texts first,distance,TBD,Google autocomplete: he never texts first w,85
what does it mean if she never texts first,distance,TBD,Google autocomplete: he never texts first w,85
is it bad if she never texts first,distance,TBD,Google autocomplete: he never texts first w,85
what if a guy never texts you first,distance,TBD,Google autocomplete: he never texts first w,85
he only texts me at night,distance,TBD,Google autocomplete: he only texts at night,85
he only text you at night you the,distance,TBD,Google autocomplete: he only texts at night,85
why does he only text at night,distance,TBD,Google autocomplete: he only texts at night,85
only texts at night,distance,TBD,Google autocomplete: he only texts at night,85
he only texts me after midnight,distance,TBD,Google autocomplete: he only texts at night a,85
he only texts me in the morning and at night,distance,TBD,Google autocomplete: he only texts at night a,85
what if he only texts me at night,distance,TBD,Google autocomplete: he only texts at night w,85
what does it mean when he only texts at night,distance,TBD,Google autocomplete: he only texts at night w,85
he says he likes me but talks to another girl,distance,TBD,Google autocomplete: he says he likes me but,85
he says he likes me but makes no effort,distance,TBD,Google autocomplete: he says he likes me but,85
he says he likes me but doesn t call,distance,TBD,Google autocomplete: he says he likes me but,85
he says he likes me but doesn t seem interested,distance,TBD,Google autocomplete: he says he likes me but,85
he says he loves me but has a wife,distance,TBD,Google autocomplete: he says he likes me but a,85
he told me he loved me and then pulled away,distance,TBD,Google autocomplete: he says he likes me but a,85
he said he loved me reverend and the makers,distance,TBD,Google autocomplete: he says he likes me but a,85
when a guy says he likes you alot meaning,distance,TBD,Google autocomplete: he says he likes me but a,85
he says he's busy,distance,TBD,Google autocomplete: he says he is busy,85
he says he is busy change into indirect speech,distance,TBD,Google autocomplete: he says he is busy,85
he says he is busy but always online,distance,TBD,Google autocomplete: he says he is busy,85
he said he's busy,distance,TBD,Google autocomplete: he says he is busy,85
he said he is busy now,distance,TBD,Google autocomplete: he says he is busy,85
he always says he is busy,distance,TBD,Google autocomplete: he says he is busy,85
he says he is too busy to text,distance,TBD,Google autocomplete: he says he is busy,85
if he says he is busy,distance,TBD,Google autocomplete: he says he is busy,85
he says he's too busy,distance,TBD,Google autocomplete: he says he is busy,85
he says he is always busy,distance,TBD,Google autocomplete: he says he is busy a,85
he says he's busy and hasn t texted,distance,TBD,Google autocomplete: he says he is busy a,85
he says i am busy change into indirect speech,distance,TBD,Google autocomplete: he says he is busy a,85
he says i am busy,distance,TBD,Google autocomplete: he says he is busy a,85
he says i am busy now into indirect speech,distance,TBD,Google autocomplete: he says he is busy a,85
he says i am busy indirect speech,distance,TBD,Google autocomplete: he says he is busy a,85
he said he is too busy for a relationship,distance,TBD,Google autocomplete: he says he is busy a,85
he says i am always busy narration change,distance,TBD,Google autocomplete: he says he is busy a,85
he said i am busy change into indirect speech,distance,TBD,Google autocomplete: he says he is busy a,85
he said i am busy now change into indirect speech,distance,TBD,Google autocomplete: he says he is busy a,85
how to respond when he says he's busy,distance,TBD,Google autocomplete: he says he is busy h,85
what does it mean when a guy says he's busy,distance,TBD,Google autocomplete: he says he is busy h,85
he said that he was busy change into direct speech,distance,TBD,Google autocomplete: he says he is busy w,85
he said i was busy change into indirect speech,distance,TBD,Google autocomplete: he says he is busy w,85
he said i was busy narration change,distance,TBD,Google autocomplete: he says he is busy w,85
he said he's not ready for a relationship,distance,TBD,Google autocomplete: he says he is not ready for a relationship,85
he told me he is not ready for a relationship,distance,TBD,Google autocomplete: he says he is not ready for a relationship,85
when guy says he is not ready for a relationship,distance,TBD,Google autocomplete: he says he is not ready for a relationship,85
he said he's not ready for a relationship right now,distance,TBD,Google autocomplete: he says he is not ready for a relationship,85
guy says he's not ready for relationship after recent breakup,distance,TBD,Google autocomplete: he says he is not ready for a relationship a,85
if a guy says he's not ready for a relationship,distance,TBD,Google autocomplete: he says he is not ready for a relationship a,85
when he says he is not ready for a relationship,distance,TBD,Google autocomplete: he says he is not ready for a relationship w,85
why does he say he's not ready for a relationship,distance,TBD,Google autocomplete: he says he is not ready for a relationship w,85
why did he say he's not ready for a relationship,distance,TBD,Google autocomplete: he says he is not ready for a relationship w,85
he needs space to think about your relationship,distance,TBD,Google autocomplete: he needs space,85
he needs space how long should i wait,distance,TBD,Google autocomplete: he needs space,85
he needs space after a fight,distance,TBD,Google autocomplete: he needs space,85
he needs space but i miss him,distance,TBD,Google autocomplete: he needs space,85
he needs space to sort himself out,distance,TBD,Google autocomplete: he needs space,85
boyfriend needs space after argument,distance,TBD,Google autocomplete: he needs space a,85
she needs space and time,distance,TBD,Google autocomplete: he needs space a,85
she needs space after breakup,distance,TBD,Google autocomplete: he needs space a,85
boyfriend needs space after fight,distance,TBD,Google autocomplete: he needs space a,85
she needs a space,distance,TBD,Google autocomplete: he needs space a,85
he needs space after an argument,distance,TBD,Google autocomplete: he needs space a,85
he wants space after he cheated,distance,TBD,Google autocomplete: he needs space a,85
he said he needs space,distance,TBD,Google autocomplete: he needs space h,85
he says he needs space,distance,TBD,Google autocomplete: he needs space h,85
what to do when he needs space,distance,TBD,Google autocomplete: he needs space h,85
boyfriend needs space when stressed,distance,TBD,Google autocomplete: he needs space w,85
she needs space what to do,distance,TBD,Google autocomplete: he needs space w,85
she wants space what to do,distance,TBD,Google autocomplete: he needs space w,85
when he needs space,distance,TBD,Google autocomplete: he needs space w,85
when he needs space what to do,distance,TBD,Google autocomplete: he needs space w,85
when he says he needs space,distance,TBD,Google autocomplete: he needs space w,85
what to do when he says he needs space,distance,TBD,Google autocomplete: he needs space w,85
how to give him space without losing him,distance,TBD,Google autocomplete: how to give him space,85
how to give him space over text,distance,TBD,Google autocomplete: how to give him space,85
how to give him space to miss you,distance,TBD,Google autocomplete: how to give him space,85
how to give him space when he pulls away,distance,TBD,Google autocomplete: how to give him space,85
how to give him space when you live together,distance,TBD,Google autocomplete: how to give him space,85
how to give him space without losing him psychology,distance,TBD,Google autocomplete: how to give him space,85
how to give him space in a relationship,distance,TBD,Google autocomplete: how to give him space,85
how to give him space after a fight,distance,TBD,Google autocomplete: how to give him space,85
how to give him space when he's stressed,distance,TBD,Google autocomplete: how to give him space,85
how to give him a space,distance,TBD,Google autocomplete: how to give him space a,85
how to give him space after a breakup,distance,TBD,Google autocomplete: how to give him space a,85
how to give him space in a long distance relationship,distance,TBD,Google autocomplete: how to give him space a,85
how to give your boyfriend a space,distance,TBD,Google autocomplete: how to give him space a,85
how to give him the space he needs,distance,TBD,Google autocomplete: how to give him space a,85
how to give him time and space,distance,TBD,Google autocomplete: how to give him space a,85
how long to give him space after a fight,distance,TBD,Google autocomplete: how to give him space a,85
how to give him his space,distance,TBD,Google autocomplete: how to give him space h,85
how to give him space so he misses you,distance,TBD,Google autocomplete: how to give him space h,85
how to give a guy his space,distance,TBD,Google autocomplete: how to give him space h,85
how long to give him space when he pulls away,distance,TBD,Google autocomplete: how to give him space h,85
how to give him space and make him miss you,distance,TBD,Google autocomplete: how to give him space h,85
how to give him space without breaking up,distance,TBD,Google autocomplete: how to give him space w,85
give him space when he's stressed psychology,distance,TBD,Google autocomplete: how to give him space w,85
give him space when he's upset,distance,TBD,Google autocomplete: how to give him space w,85
how to know when to give him space,distance,TBD,Google autocomplete: how to give him space w,85
when to stop texting a guy you like,distance,TBD,Google autocomplete: when to stop texting a guy,85
when you stop texting a guy,distance,TBD,Google autocomplete: when to stop texting a guy,85
when to stop texting someone,distance,TBD,Google autocomplete: when to stop texting a guy,85
when to stop texting him,distance,TBD,Google autocomplete: when to stop texting a guy,85
how do you know when to stop texting a guy,distance,TBD,Google autocomplete: when to stop texting a guy,85
how to stop texting a guy nicely,distance,TBD,Google autocomplete: when to stop texting a guy,85
how to stop overthinking when texting a guy,distance,TBD,Google autocomplete: when to stop texting a guy,85
how to know when to stop texting a guy,distance,TBD,Google autocomplete: when to stop texting a guy h,85
when a guy tells you to stop texting him,distance,TBD,Google autocomplete: when to stop texting a guy h,85
inconsistent communication meaning,patterns,TBD,Google autocomplete: inconsistent communication,75
inconsistent communication early dating,patterns,TBD,Google autocomplete: inconsistent communication,75
inconsistent communication in relationship,patterns,TBD,Google autocomplete: inconsistent communication,75
inconsistent communication from a guy,patterns,TBD,Google autocomplete: inconsistent communication,75
inconsistent communication outcomes suggest lack of,patterns,TBD,Google autocomplete: inconsistent communication,75
is inconsistent communication a red flag,patterns,TBD,Google autocomplete: inconsistent communication a,75
inconsistent communication in a relationship,patterns,TBD,Google autocomplete: inconsistent communication a,75
inconsistent communication from a girl,patterns,TBD,Google autocomplete: inconsistent communication a,75
inconsistent authorization re activate communication arrangement,patterns,TBD,Google autocomplete: inconsistent communication a,75
what is inconsistent communication,patterns,TBD,Google autocomplete: inconsistent communication a,75
having communication issues,patterns,TBD,Google autocomplete: inconsistent communication h,75
inconsistent communication when dating,patterns,TBD,Google autocomplete: inconsistent communication w,75
inconsistent with communication,patterns,TBD,Google autocomplete: inconsistent communication w,75
he's inconsistent with communication,patterns,TBD,Google autocomplete: inconsistent communication w,75
guy is inconsistent with communication,patterns,TBD,Google autocomplete: inconsistent communication w,75
inconsistent texting from a girl,patterns,TBD,Google autocomplete: inconsistent texting,75
she is inconsistent with texting,patterns,TBD,Google autocomplete: inconsistent texting w,75
what is inconsistent behavior,patterns,TBD,Google autocomplete: inconsistent behavior in relationships,75
examples of inconsistency in relationships,patterns,TBD,Google autocomplete: inconsistent behavior in relationships,75
what does inconsistent mean in a relationship,patterns,TBD,Google autocomplete: inconsistent behavior in relationships,75
what causes inconsistent behavior,patterns,TBD,Google autocomplete: inconsistent behavior in relationships,75
inconsistent behavior in a relationship,patterns,TBD,Google autocomplete: inconsistent behavior in relationships a,75
emotional unavailability meaning,patterns,TBD,Google autocomplete: emotional unavailability,75
emotional unavailability signs,patterns,TBD,Google autocomplete: emotional unavailability,75
emotional unavailability in men,patterns,TBD,Google autocomplete: emotional unavailability,75
emotional unavailability in a relationship,patterns,TBD,Google autocomplete: emotional unavailability,75
emotional unavailability test,patterns,TBD,Google autocomplete: emotional unavailability,75
emotional unavailability in women,patterns,TBD,Google autocomplete: emotional unavailability,75
emotional unavailability examples,patterns,TBD,Google autocomplete: emotional unavailability,75
emotional unavailability in marriage,patterns,TBD,Google autocomplete: emotional unavailability,75
emotionally unavailable after divorce,patterns,TBD,Google autocomplete: emotional unavailability a,75
emotional unavailability how to fix,patterns,TBD,Google autocomplete: emotional unavailability h,75
emotionally unavailable husband quiz,patterns,TBD,Google autocomplete: emotional unavailability h,75
emotionally unavailable husband signs,patterns,TBD,Google autocomplete: emotional unavailability h,75
emotionally unavailable husband and father,patterns,TBD,Google autocomplete: emotional unavailability h,75
emotional unavailability woman,patterns,TBD,Google autocomplete: emotional unavailability w,75
emotionally unavailable wife,patterns,TBD,Google autocomplete: emotional unavailability w,75
emotionally unavailable widower signs,patterns,TBD,Google autocomplete: emotional unavailability w,75
emotionally unavailable widower,patterns,TBD,Google autocomplete: emotional unavailability w,75
emotionally unavailable woman signs,patterns,TBD,Google autocomplete: emotional unavailability w,75
emotionally unavailable woman traits,patterns,TBD,Google autocomplete: emotional unavailability w,75
emotionally unavailable women signs,patterns,TBD,Google autocomplete: emotional unavailability w,75
emotionally unavailable woman in a relationship,patterns,TBD,Google autocomplete: emotional unavailability w,75
unrequited love meaning,patterns,TBD,Google autocomplete: unrequited love,75
unrequited love definition,patterns,TBD,Google autocomplete: unrequited love,75
unrequited love frank ocean,patterns,TBD,Google autocomplete: unrequited love,75
unrequited love and other cliches,patterns,TBD,Google autocomplete: unrequited love a,75
unrequited love and he who sleeps beneath,patterns,TBD,Google autocomplete: unrequited love a,75
unrequited love aesthetic,patterns,TBD,Google autocomplete: unrequited love a,75
unrequited love anne with an e,patterns,TBD,Google autocomplete: unrequited love a,75
unrequited love how to get over it,patterns,TBD,Google autocomplete: unrequited love h,75
unrequited love how to pronounce,patterns,TBD,Google autocomplete: unrequited love h,75
unrequited love how to say,patterns,TBD,Google autocomplete: unrequited love h,75
unrequited love hurts so much,patterns,TBD,Google autocomplete: unrequited love h,75
unrequited love word,patterns,TBD,Google autocomplete: unrequited love w,75
unrequited love with a friend,patterns,TBD,Google autocomplete: unrequited love w,75
unrequited love what to do,patterns,TBD,Google autocomplete: unrequited love w,75
unrequited love with best friend,patterns,TBD,Google autocomplete: unrequited love w,75
unrequited love world,patterns,TBD,Google autocomplete: unrequited love w,75
unreciprocated love meaning,patterns,TBD,Google autocomplete: unreciprocated love,75
word for unreciprocated love,patterns,TBD,Google autocomplete: unreciprocated love,75
is unrequited love really love,patterns,TBD,Google autocomplete: unreciprocated love,75
unrequited vs unreciprocated,patterns,TBD,Google autocomplete: unreciprocated love,75
why does unreciprocated love hurt so much,patterns,TBD,Google autocomplete: unreciprocated love h,75
why does unreciprocated love hurt,patterns,TBD,Google autocomplete: unreciprocated love h,75
unreciprocated love word,patterns,TBD,Google autocomplete: unreciprocated love w,75
feeling unwanted in a relationship meaning,patterns,TBD,Google autocomplete: feeling unwanted in a relationship,75
feeling alone in a relationship,patterns,TBD,Google autocomplete: feeling unwanted in a relationship,75
feeling unloved in a relationship,patterns,TBD,Google autocomplete: feeling unwanted in a relationship,75
feeling lost in a relationship,patterns,TBD,Google autocomplete: feeling unwanted in a relationship,75
feeling alone in relationship after baby,patterns,TBD,Google autocomplete: feeling unwanted in a relationship a,75
feeling lost after a relationship,patterns,TBD,Google autocomplete: feeling unwanted in a relationship a,75
feeling unloved and unwanted in a relationship,patterns,TBD,Google autocomplete: feeling unwanted in a relationship a,75
poems about feeling unwanted in a relationship,patterns,TBD,Google autocomplete: feeling unwanted in a relationship a,75
feeling lonely and unwanted in a relationship,patterns,TBD,Google autocomplete: feeling unwanted in a relationship a,75
how to stop feeling unwanted in a relationship,patterns,TBD,Google autocomplete: feeling unwanted in a relationship h,75
how to deal with feeling unwanted in a relationship,patterns,TBD,Google autocomplete: feeling unwanted in a relationship h,75
is it normal to feel unwanted in a relationship,patterns,TBD,Google autocomplete: feeling unwanted in a relationship h,75
why do i feel unwanted in my relationship,patterns,TBD,Google autocomplete: feeling unwanted in a relationship h,75
why do i feel so unwanted in my relationship,patterns,TBD,Google autocomplete: feeling unwanted in a relationship h,75
when you feel unwanted in a relationship,patterns,TBD,Google autocomplete: feeling unwanted in a relationship w,75
feeling alone while in a relationship,patterns,TBD,Google autocomplete: feeling unwanted in a relationship w,75
feeling alone when in a relationship,patterns,TBD,Google autocomplete: feeling unwanted in a relationship w,75
feeling lost while in a relationship,patterns,TBD,Google autocomplete: feeling unwanted in a relationship w,75
feeling ugly while in a relationship,patterns,TBD,Google autocomplete: feeling unwanted in a relationship w,75
feeling disconnected from partner long distance,patterns,TBD,Google autocomplete: feeling disconnected from partner,75
feeling disconnected from partner after baby,patterns,TBD,Google autocomplete: feeling disconnected from partner,75
feeling disconnected from partner when apart,patterns,TBD,Google autocomplete: feeling disconnected from partner,75
feeling disconnected from partner during pregnancy,patterns,TBD,Google autocomplete: feeling disconnected from partner,75
feeling disconnected from partner after a fight,patterns,TBD,Google autocomplete: feeling disconnected from partner,75
feeling disconnected from partner after moving in together,patterns,TBD,Google autocomplete: feeling disconnected from partner a,75
feeling disconnected from partner after abortion,patterns,TBD,Google autocomplete: feeling disconnected from partner a,75
feeling disconnected from partner after argument,patterns,TBD,Google autocomplete: feeling disconnected from partner a,75
feeling disconnected from partner after miscarriage,patterns,TBD,Google autocomplete: feeling disconnected from partner a,75
feeling disconnected from partner after time apart,patterns,TBD,Google autocomplete: feeling disconnected from partner a,75
feeling disconnected from partner after birth,patterns,TBD,Google autocomplete: feeling disconnected from partner a,75
feeling disconnected from partner after having a baby,patterns,TBD,Google autocomplete: feeling disconnected from partner h,75
feeling disconnected from husband after having a baby,patterns,TBD,Google autocomplete: feeling disconnected from partner h,75
feeling distant from partner after having a baby,patterns,TBD,Google autocomplete: feeling disconnected from partner h,75
how to stop feeling disconnected from partner,patterns,TBD,Google autocomplete: feeling disconnected from partner h,75
how to fix feeling disconnected from partner,patterns,TBD,Google autocomplete: feeling disconnected from partner h,75
after how long is feeling disconnected from partner an issue,patterns,TBD,Google autocomplete: feeling disconnected from partner h,75
how to explain feeling disconnected from your partner,patterns,TBD,Google autocomplete: feeling disconnected from partner h,75
how to fix feeling disconnected from your partner,patterns,TBD,Google autocomplete: feeling disconnected from partner h,75
feeling disconnected from partner while pregnant,patterns,TBD,Google autocomplete: feeling disconnected from partner w,75
feeling disconnected from partner what to do,patterns,TBD,Google autocomplete: feeling disconnected from partner w,75
feeling disconnected from husband while pregnant,patterns,TBD,Google autocomplete: feeling disconnected from partner w,75
feeling disconnected with partner,patterns,TBD,Google autocomplete: feeling disconnected from partner w,75
feeling disconnected with husband,patterns,TBD,Google autocomplete: feeling disconnected from partner w,75
feeling lonely in a relationship after baby,patterns,TBD,Google autocomplete: feeling lonely in a relationship,75
feeling lonely in a relationship while pregnant,patterns,TBD,Google autocomplete: feeling lonely in a relationship,75
feeling lonely in a relationship long distance,patterns,TBD,Google autocomplete: feeling lonely in a relationship,75
feeling lonely in a relationship meaning,patterns,TBD,Google autocomplete: feeling lonely in a relationship,75
lonely feeling alone in a relationship,patterns,TBD,Google autocomplete: feeling lonely in a relationship a,75
feeling lonely after a relationship,patterns,TBD,Google autocomplete: feeling lonely in a relationship a,75
feeling lonely in the relationship,patterns,TBD,Google autocomplete: feeling lonely in a relationship a,75
feeling lonely in a healthy relationship,patterns,TBD,Google autocomplete: feeling lonely in a relationship h,75
feeling lonely in a happy relationship,patterns,TBD,Google autocomplete: feeling lonely in a relationship h,75
why do i feel lonely in a healthy relationship,patterns,TBD,Google autocomplete: feeling lonely in a relationship h,75
how to stop feeling lonely in a relationship,patterns,TBD,Google autocomplete: feeling lonely in a relationship h,75
how to communicate feeling lonely in a relationship,patterns,TBD,Google autocomplete: feeling lonely in a relationship h,75
how to fix feeling lonely in a relationship,patterns,TBD,Google autocomplete: feeling lonely in a relationship h,75
how to handle feeling lonely in a relationship,patterns,TBD,Google autocomplete: feeling lonely in a relationship h,75
how do you stop feeling lonely in a relationship,patterns,TBD,Google autocomplete: feeling lonely in a relationship h,75
how to stop feeling lonely in a long distance relationship,patterns,TBD,Google autocomplete: feeling lonely in a relationship h,75
feeling lonely while in a relationship,patterns,TBD,Google autocomplete: feeling lonely in a relationship w,75
feeling lonely without relationship,patterns,TBD,Google autocomplete: feeling lonely in a relationship w,75
what does feeling lonely in a relationship mean,patterns,TBD,Google autocomplete: feeling lonely in a relationship w,75
feeling lonely when not in a relationship,patterns,TBD,Google autocomplete: feeling lonely in a relationship w,75
when you feel lonely in a relationship,patterns,TBD,Google autocomplete: feeling lonely in a relationship w,75
feeling lonely wanting a relationship,patterns,TBD,Google autocomplete: feeling lonely in a relationship w,75
feeling underappreciated in a relationship,patterns,TBD,Google autocomplete: feeling unappreciated in a relationship,75
feeling used in a relationship,patterns,TBD,Google autocomplete: feeling unappreciated in a relationship,75
feeling used after a relationship,patterns,TBD,Google autocomplete: feeling unappreciated in a relationship a,75
poems about feeling unappreciated in a relationship,patterns,TBD,Google autocomplete: feeling unappreciated in a relationship a,75
feeling unloved and unappreciated in a relationship,patterns,TBD,Google autocomplete: feeling unappreciated in a relationship a,75
always feeling alone in a relationship,patterns,TBD,Google autocomplete: feeling unappreciated in a relationship a,75
feeling all alone in a relationship,patterns,TBD,Google autocomplete: feeling unappreciated in a relationship a,75
how to deal with feeling unappreciated in a relationship,patterns,TBD,Google autocomplete: feeling unappreciated in a relationship h,75
is it normal to feel unappreciated in a relationship,patterns,TBD,Google autocomplete: feeling unappreciated in a relationship h,75
why do i feel unappreciated in my relationship,patterns,TBD,Google autocomplete: feeling unappreciated in a relationship h,75
when you feel unappreciated in a relationship,patterns,TBD,Google autocomplete: feeling unappreciated in a relationship w,75
what to do when feeling unappreciated in a relationship,patterns,TBD,Google autocomplete: feeling unappreciated in a relationship w,75
emotional negligence in relationships,patterns,TBD,Google autocomplete: emotional neglect in relationships,75
emotional neglect in relationship examples,patterns,TBD,Google autocomplete: emotional neglect in relationships,75
emotional neglect in relationship signs,patterns,TBD,Google autocomplete: emotional neglect in relationships,75
emotional neglect in relationship meaning,patterns,TBD,Google autocomplete: emotional neglect in relationships,75
emotional neglect in adult relationships,patterns,TBD,Google autocomplete: emotional neglect in relationships,75
emotional neglect in romantic relationships,patterns,TBD,Google autocomplete: emotional neglect in relationships,75
willful emotional neglect in relationships,patterns,TBD,Google autocomplete: emotional neglect in relationships,75
emotional neglect in a relationship,patterns,TBD,Google autocomplete: emotional neglect in relationships a,75
emotional neglect in a relationship signs,patterns,TBD,Google autocomplete: emotional neglect in relationships a,75
emotional neglect in a relationship examples,patterns,TBD,Google autocomplete: emotional neglect in relationships a,75
emotional neglect in a relationship meaning,patterns,TBD,Google autocomplete: emotional neglect in relationships a,75
emotional negligence in a relationship,patterns,TBD,Google autocomplete: emotional neglect in relationships a,75
childhood emotional neglect in adult relationships,patterns,TBD,Google autocomplete: emotional neglect in relationships a,75
how to deal with emotional neglect in relationships,patterns,TBD,Google autocomplete: emotional neglect in relationships h,75
effects of emotional neglect in a relationship,patterns,TBD,Google autocomplete: emotional neglect in relationships h,75
examples of emotional neglect in marriage,patterns,TBD,Google autocomplete: emotional neglect in relationships h,75
effects of emotional neglect in marriage,patterns,TBD,Google autocomplete: emotional neglect in relationships h,75
what is emotional neglect in a relationship,patterns,TBD,Google autocomplete: emotional neglect in relationships h,75
what is emotional neglect in relationships,patterns,TBD,Google autocomplete: emotional neglect in relationships w,75
what is emotional neglect in adult relationships,patterns,TBD,Google autocomplete: emotional neglect in relationships w,75
what does emotional neglect look like in relationships,patterns,TBD,Google autocomplete: emotional neglect in relationships w,75
lack of physical affection in a relationship,patterns,TBD,Google autocomplete: lack of affection in a relationship,75
lack of affection symptoms in a relationship,patterns,TBD,Google autocomplete: lack of affection in a relationship,75
lack of love in a relationship,patterns,TBD,Google autocomplete: lack of affection in a relationship,75
lack of emotion in a relationship,patterns,TBD,Google autocomplete: lack of affection in a relationship,75
lack of affection and intimacy in a relationship,patterns,TBD,Google autocomplete: lack of affection in a relationship,75
signs of lack of affection in a relationship,patterns,TBD,Google autocomplete: lack of affection in a relationship,75
what causes lack of affection in a relationship,patterns,TBD,Google autocomplete: lack of affection in a relationship,75
lack of affection and intimacy in a relationship meaning,patterns,TBD,Google autocomplete: lack of affection in a relationship a,75
lack of attention and affection in a relationship,patterns,TBD,Google autocomplete: lack of affection in a relationship a,75
lack of love and affection in a relationship,patterns,TBD,Google autocomplete: lack of affection in a relationship a,75
how lack of affection affects a relationship,patterns,TBD,Google autocomplete: lack of affection in a relationship a,75
how does lack of affection affect a relationship,patterns,TBD,Google autocomplete: lack of affection in a relationship a,75
can lack of affection ruin a relationship,patterns,TBD,Google autocomplete: lack of affection in a relationship a,75
how to deal with lack of affection in a relationship,patterns,TBD,Google autocomplete: lack of affection in a relationship h,75
how do you fix lack of affection in a relationship,patterns,TBD,Google autocomplete: lack of affection in a relationship h,75
how does lack of affection affect a person,patterns,TBD,Google autocomplete: lack of affection in a relationship h,75
what does lack of affection mean in a relationship,patterns,TBD,Google autocomplete: lack of affection in a relationship w,75
what can lack of affection cause in a relationship,patterns,TBD,Google autocomplete: lack of affection in a relationship w,75
what happens when there is no affection in a relationship,patterns,TBD,Google autocomplete: lack of affection in a relationship w,75
lack of communication in a relationship examples,patterns,TBD,Google autocomplete: lack of communication in a relationship,75
lack of communication in a relationship meaning,patterns,TBD,Google autocomplete: lack of communication in a relationship,75
lack of communication in a relationship leads to,patterns,TBD,Google autocomplete: lack of communication in a relationship,75
lack of communication in a relationship causes,patterns,TBD,Google autocomplete: lack of communication in a relationship,75
lack of communication in a relationship effects,patterns,TBD,Google autocomplete: lack of communication in a relationship,75
lack of communication in relationship cause and effect,patterns,TBD,Google autocomplete: lack of communication in a relationship a,75
lack of communication in the relationship,patterns,TBD,Google autocomplete: lack of communication in a relationship a,75
how to address lack of communication in a relationship,patterns,TBD,Google autocomplete: lack of communication in a relationship a,75
how to avoid lack of communication in a relationship,patterns,TBD,Google autocomplete: lack of communication in a relationship a,75
how does lack of communication affect a relationship,patterns,TBD,Google autocomplete: lack of communication in a relationship a,75
how can lack of communication affect a relationship,patterns,TBD,Google autocomplete: lack of communication in a relationship a,75
how to apologize for lack of communication in a relationship,patterns,TBD,Google autocomplete: lack of communication in a relationship a,75
how to fix lack of communication in a relationship,patterns,TBD,Google autocomplete: lack of communication in a relationship h,75
how to fix lack of communication in a relationship psychology,patterns,TBD,Google autocomplete: lack of communication in a relationship h,75
how to improve lack of communication in a relationship,patterns,TBD,Google autocomplete: lack of communication in a relationship h,75
how to deal with lack of communication in a relationship,patterns,TBD,Google autocomplete: lack of communication in a relationship h,75
how to bring up lack of communication in a relationship,patterns,TBD,Google autocomplete: lack of communication in a relationship h,75
what is lack of communication in a relationship,patterns,TBD,Google autocomplete: lack of communication in a relationship w,75
what causes lack of communication in a relationship,patterns,TBD,Google autocomplete: lack of communication in a relationship w,75
what is considered lack of communication in a relationship,patterns,TBD,Google autocomplete: lack of communication in a relationship w,75
what does lack of communication cause in a relationship,patterns,TBD,Google autocomplete: lack of communication in a relationship w,75
why is lack of communication bad in a relationship,patterns,TBD,Google autocomplete: lack of communication in a relationship w,75
what does lack of communication do in a relationship,patterns,TBD,Google autocomplete: lack of communication in a relationship w,75
what does lack of communication lead to in a relationship,patterns,TBD,Google autocomplete: lack of communication in a relationship w,75
lack of communication in relationships,patterns,TBD,Google autocomplete: poor communication in relationships,75
poor communication skills in relationships,patterns,TBD,Google autocomplete: poor communication in relationships,75
poor communication in love,patterns,TBD,Google autocomplete: poor communication in relationships,75
examples of poor communication in relationships,patterns,TBD,Google autocomplete: poor communication in relationships,75
effects of poor communication in relationships,patterns,TBD,Google autocomplete: poor communication in relationships,75
poor communication in a relationship,patterns,TBD,Google autocomplete: poor communication in relationships a,75
what is poor communication in relationships,patterns,TBD,Google autocomplete: poor communication in relationships w,75
what is bad communication in a relationship,patterns,TBD,Google autocomplete: poor communication in relationships w,75
relationship doubts normal,patterns,TBD,Google autocomplete: relationship doubts,75
relationship doubts long distance,patterns,TBD,Google autocomplete: relationship doubts,75
having relationship doubts,patterns,TBD,Google autocomplete: relationship doubts,75
constant relationship doubts,patterns,TBD,Google autocomplete: relationship doubts,75
is having relationship doubts normal,patterns,TBD,Google autocomplete: relationship doubts,75
relationship problems and solutions,patterns,TBD,Google autocomplete: relationship doubts a,75
relationship problems after baby,patterns,TBD,Google autocomplete: relationship doubts a,75
relationship problems after moving in together,patterns,TBD,Google autocomplete: relationship doubts a,75
relationship problems help,patterns,TBD,Google autocomplete: relationship doubts h,75
relationship problems how to fix,patterns,TBD,Google autocomplete: relationship doubts h,75
relationship problems how to overcome,patterns,TBD,Google autocomplete: relationship doubts h,75
relationship problems husband wife,patterns,TBD,Google autocomplete: relationship doubts h,75
relationship problems with a widower,patterns,TBD,Google autocomplete: relationship doubts w,75
relationship problems while pregnant,patterns,TBD,Google autocomplete: relationship doubts w,75
love compatibility signs,patterns,TBD,Google autocomplete: relationship compatibility signs,75
unexpected relationship compatibility signs,patterns,TBD,Google autocomplete: relationship compatibility signs,75
love signs compatibility linda goodman,patterns,TBD,Google autocomplete: relationship compatibility signs,75
what is relationship compatibility,patterns,TBD,Google autocomplete: relationship compatibility signs,75
compatibility signs in a relationship,patterns,TBD,Google autocomplete: relationship compatibility signs a,75
star sign relationship compatibility,patterns,TBD,Google autocomplete: relationship compatibility signs a,75
signs of a healthy relationship,patterns,TBD,Google autocomplete: healthy relationship signs,75
good relationship signs,patterns,TBD,Google autocomplete: healthy relationship signs,75
healthy love signs,patterns,TBD,Google autocomplete: healthy relationship signs,75
healthy dating relationship signs,patterns,TBD,Google autocomplete: healthy relationship signs,75
10 healthy relationship signs,patterns,TBD,Google autocomplete: healthy relationship signs,75
5 healthy relationship signs,patterns,TBD,Google autocomplete: healthy relationship signs,75
one love healthy relationship signs,patterns,TBD,Google autocomplete: healthy relationship signs,75
healthy and unhealthy relationship signs,patterns,TBD,Google autocomplete: healthy relationship signs a,75
healthy signs in a relationship,patterns,TBD,Google autocomplete: healthy relationship signs a,75
signs of healthy relationship with a man,patterns,TBD,Google autocomplete: healthy relationship signs a,75
healthy relationship vs unhealthy relationships,patterns,TBD,Google autocomplete: healthy relationship signs a,75
4 signs of a healthy relationship,patterns,TBD,Google autocomplete: healthy relationship signs a,75
signs of healthy relationship with boyfriend,patterns,TBD,Google autocomplete: healthy relationship signs w,75
signs of healthy relationship with friends,patterns,TBD,Google autocomplete: healthy relationship signs w,75
signs of a healthy relationship with food,patterns,TBD,Google autocomplete: healthy relationship signs w,75
what are some signs of a healthy relationship,patterns,TBD,Google autocomplete: healthy relationship signs w,75
unhealthy relationship signs psychology,patterns,TBD,Google autocomplete: unhealthy relationship signs,75
bad relationship signs,patterns,TBD,Google autocomplete: unhealthy relationship signs,75
unhealthy signs in a relationship,patterns,TBD,Google autocomplete: unhealthy relationship signs a,75
signs of unhealthy relationship with alcohol,patterns,TBD,Google autocomplete: unhealthy relationship signs a,75
signs of unhealthy relationship with husband,patterns,TBD,Google autocomplete: unhealthy relationship signs h,75
unhealthy relationship warning signs,patterns,TBD,Google autocomplete: unhealthy relationship signs w,75
signs of unhealthy relationship with food,patterns,TBD,Google autocomplete: unhealthy relationship signs w,75
signs of unhealthy relationship with boyfriend,patterns,TBD,Google autocomplete: unhealthy relationship signs w,75
signs of unhealthy relationship with mom,patterns,TBD,Google autocomplete: unhealthy relationship signs w,75
signs of an unhealthy relationship with girlfriend,patterns,TBD,Google autocomplete: unhealthy relationship signs w,75
effort in a relationship meaning,patterns,TBD,Google autocomplete: effort in a relationship,75
effort in a relationship examples,patterns,TBD,Google autocomplete: effort in a relationship,75
mutual effort in a relationship,patterns,TBD,Google autocomplete: effort in a relationship,75
no effort in a relationship,patterns,TBD,Google autocomplete: effort in a relationship,75
showing effort in a relationship,patterns,TBD,Google autocomplete: effort in a relationship,75
effort and consistency in a relationship,patterns,TBD,Google autocomplete: effort in a relationship a,75
making an effort in a relationship,patterns,TBD,Google autocomplete: effort in a relationship a,75
time and effort in a relationship,patterns,TBD,Google autocomplete: effort in a relationship a,75
asking for effort in a relationship,patterns,TBD,Google autocomplete: effort in a relationship a,75
another word for effort in a relationship,patterns,TBD,Google autocomplete: effort in a relationship a,75
what counts as effort in a relationship,patterns,TBD,Google autocomplete: effort in a relationship a,75
how to show effort in a relationship,patterns,TBD,Google autocomplete: effort in a relationship h,75
how to put effort in a relationship,patterns,TBD,Google autocomplete: effort in a relationship h,75
how important is effort in a relationship,patterns,TBD,Google autocomplete: effort in a relationship h,75
how to measure effort in a relationship,patterns,TBD,Google autocomplete: effort in a relationship h,75
what is high effort in a relationship,patterns,TBD,Google autocomplete: effort in a relationship h,75
how to show more effort in a relationship,patterns,TBD,Google autocomplete: effort in a relationship h,75
how to put more effort in a relationship,patterns,TBD,Google autocomplete: effort in a relationship h,75
how do women show effort in a relationship,patterns,TBD,Google autocomplete: effort in a relationship h,75
what's effort in a relationship,patterns,TBD,Google autocomplete: effort in a relationship w,75
what effort in a relationship looks like,patterns,TBD,Google autocomplete: effort in a relationship w,75
what does effort in a relationship mean,patterns,TBD,Google autocomplete: effort in a relationship w,75
what shows effort in a relationship,patterns,TBD,Google autocomplete: effort in a relationship w,75
ways to show effort in a relationship,patterns,TBD,Google autocomplete: effort in a relationship w,75
what is low effort in a relationship,patterns,TBD,Google autocomplete: effort in a relationship w,75
who put more effort in a relationship,patterns,TBD,Google autocomplete: effort in a relationship w,75
relationship deal breakers list,patterns,TBD,Google autocomplete: relationship deal breakers,75
relationship deal breakers examples,patterns,TBD,Google autocomplete: relationship deal breakers,75
relationship deal breakers questions,patterns,TBD,Google autocomplete: relationship deal breakers,75
relationship deal breakers meaning,patterns,TBD,Google autocomplete: relationship deal breakers,75
relationship deal breakers for women,patterns,TBD,Google autocomplete: relationship deal breakers,75
relationship deal breakers for men,patterns,TBD,Google autocomplete: relationship deal breakers,75
relationship deal breakers tier list,patterns,TBD,Google autocomplete: relationship deal breakers,75
absolute relationship deal breakers,patterns,TBD,Google autocomplete: relationship deal breakers a,75
what are relationship deal breakers,patterns,TBD,Google autocomplete: relationship deal breakers a,75
what are relationship deal breakers examples,patterns,TBD,Google autocomplete: relationship deal breakers a,75
what are relationship deal breakers for men,patterns,TBD,Google autocomplete: relationship deal breakers a,75
deal breakers in a relationship meaning,patterns,TBD,Google autocomplete: relationship deal breakers a,75
what are some relationship deal breakers,patterns,TBD,Google autocomplete: relationship deal breakers a,75
what are your relationship deal breakers,patterns,TBD,Google autocomplete: relationship deal breakers a,75
deal breakers in a relationship questions,patterns,TBD,Google autocomplete: relationship deal breakers a,75
relationship must haves and deal breakers,patterns,TBD,Google autocomplete: relationship deal breakers h,75
what is relationship deal breaker,patterns,TBD,Google autocomplete: relationship deal breakers h,75
biggest relationship deal breakers,patterns,TBD,Google autocomplete: relationship deal breakers h,75
weird relationship deal breakers,patterns,TBD,Google autocomplete: relationship deal breakers w,75
what does relationship deal breakers mean,patterns,TBD,Google autocomplete: relationship deal breakers w,75
would you rather relationship deal breakers,patterns,TBD,Google autocomplete: relationship deal breakers w,75
relationship needs checklist,patterns,TBD,Google autocomplete: relationship needs,75
relationship needs and wants examples,patterns,TBD,Google autocomplete: relationship needs,75
relationship needs list,patterns,TBD,Google autocomplete: relationship needs,75
relationship needs and wants,patterns,TBD,Google autocomplete: relationship needs,75
relationship needs examples,patterns,TBD,Google autocomplete: relationship needs,75
relationship needs quiz,patterns,TBD,Google autocomplete: relationship needs,75
relationship needs and wants list,patterns,TBD,Google autocomplete: relationship needs a,75
relationship needs assessment,patterns,TBD,Google autocomplete: relationship needs a,75
relationship need a break,patterns,TBD,Google autocomplete: relationship needs a,75
relationship demand and supply,patterns,TBD,Google autocomplete: relationship needs a,75
relationship demand and price,patterns,TBD,Google autocomplete: relationship needs a,75
relationship needs hierarchy,patterns,TBD,Google autocomplete: relationship needs h,75
my relationship needs help,patterns,TBD,Google autocomplete: relationship needs h,75
relationship between human needs and human rights,patterns,TBD,Google autocomplete: relationship needs h,75
healthy relationship needs,patterns,TBD,Google autocomplete: relationship needs h,75
human relationship needs,patterns,TBD,Google autocomplete: relationship needs h,75
healthy relationship needs checklist,patterns,TBD,Google autocomplete: relationship needs h,75
what a good relationship needs,patterns,TBD,Google autocomplete: relationship needs h,75
requirements for a healthy relationship,patterns,TBD,Google autocomplete: relationship needs h,75
examples of relationship needs,patterns,TBD,Google autocomplete: relationship needs h,75
relationship needs what,patterns,TBD,Google autocomplete: relationship needs w,75
relationship requires what,patterns,TBD,Google autocomplete: relationship needs w,75
need relationship woman,patterns,TBD,Google autocomplete: relationship needs w,75
reassurance in a relationship meaning,patterns,TBD,Google autocomplete: reassurance in a relationship,75
reassurance in a relationship examples,patterns,TBD,Google autocomplete: reassurance in a relationship,75
reassurance in a relationship message,patterns,TBD,Google autocomplete: reassurance in a relationship,75
is needing reassurance in a relationship a bad thing,patterns,TBD,Google autocomplete: reassurance in a relationship a,75
is asking for reassurance in a relationship a bad thing,patterns,TBD,Google autocomplete: reassurance in a relationship a,75
asking for reassurance in a relationship,patterns,TBD,Google autocomplete: reassurance in a relationship a,75
validation and reassurance in a relationship,patterns,TBD,Google autocomplete: reassurance in a relationship a,75
is reassurance in a relationship healthy,patterns,TBD,Google autocomplete: reassurance in a relationship h,75
having reassurance in a relationship,patterns,TBD,Google autocomplete: reassurance in a relationship h,75
how to give reassurance in a relationship over text,patterns,TBD,Google autocomplete: reassurance in a relationship h,75
how to give reassurance in a relationship,patterns,TBD,Google autocomplete: reassurance in a relationship h,75
how to show reassurance in a relationship,patterns,TBD,Google autocomplete: reassurance in a relationship h,75
how important is reassurance in a relationship,patterns,TBD,Google autocomplete: reassurance in a relationship h,75
how to explain reassurance in a relationship,patterns,TBD,Google autocomplete: reassurance in a relationship h,75
how to get reassurance in a relationship,patterns,TBD,Google autocomplete: reassurance in a relationship h,75
what's reassurance in a relationship,patterns,TBD,Google autocomplete: reassurance in a relationship w,75
wanting reassurance in a relationship,patterns,TBD,Google autocomplete: reassurance in a relationship w,75
words of reassurance in a relationship,patterns,TBD,Google autocomplete: reassurance in a relationship w,75
what is reassurance in a relationship examples,patterns,TBD,Google autocomplete: reassurance in a relationship w,75
is wanting reassurance in a relationship bad,patterns,TBD,Google autocomplete: reassurance in a relationship w,75
what does reassurance in a relationship look like,patterns,TBD,Google autocomplete: reassurance in a relationship w,75
ways of reassurance in a relationship,patterns,TBD,Google autocomplete: reassurance in a relationship w,75
what is reassurance in a relationship mean,patterns,TBD,Google autocomplete: reassurance in a relationship w,75
another word for reassurance in a relationship,patterns,TBD,Google autocomplete: reassurance in a relationship w,75
what is constant reassurance in a relationship,patterns,TBD,Google autocomplete: reassurance in a relationship w,75
should i break up with my boyfriend quiz,breakup,TBD,Google autocomplete: should i break up with my boyfriend,75
should i break up with my boyfriend flowchart,breakup,TBD,Google autocomplete: should i break up with my boyfriend,75
should i break up with my boyfriend test,breakup,TBD,Google autocomplete: should i break up with my boyfriend,75
should i break up with my boyfriend if i'm depressed,breakup,TBD,Google autocomplete: should i break up with my boyfriend,75
should i break up with my boyfriend yes or no,breakup,TBD,Google autocomplete: should i break up with my boyfriend,75
should i break up with my boyfriend quiz free,breakup,TBD,Google autocomplete: should i break up with my boyfriend,75
should i break up with my boyfriend after an abortion,breakup,TBD,Google autocomplete: should i break up with my boyfriend a,75
should i break up with my boyfriend after he cheated,breakup,TBD,Google autocomplete: should i break up with my boyfriend a,75
should i break up with my asexual partner,breakup,TBD,Google autocomplete: should i break up with my boyfriend a,75
should i break up with my affair partner,breakup,TBD,Google autocomplete: should i break up with my boyfriend a,75
should i break up with my boyfriend because he's broke,breakup,TBD,Google autocomplete: should i break up with my boyfriend h,75
should i break up with my boyfriend for having onlyfans,breakup,TBD,Google autocomplete: should i break up with my boyfriend h,75
should i break up with my boyfriend quiz long distance,breakup,TBD,Google autocomplete: should i break up with my boyfriend w,75
when should i break up with my boyfriend,breakup,TBD,Google autocomplete: should i break up with my boyfriend w,75
when should i break up with my bf,breakup,TBD,Google autocomplete: should i break up with my boyfriend w,75
when to end a relationship with someone you love,breakup,TBD,Google autocomplete: when to end a relationship,75
when to end a relationship quiz,breakup,TBD,Google autocomplete: when to end a relationship,75
when to end a relationship with a child involved,breakup,TBD,Google autocomplete: when to end a relationship,75
when to end a relationship with someone,breakup,TBD,Google autocomplete: when to end a relationship,75
when to end a relationship with a married man,breakup,TBD,Google autocomplete: when to end a relationship a,75
when to leave a relationship with a child,breakup,TBD,Google autocomplete: when to end a relationship a,75
when to end an unhealthy relationship,breakup,TBD,Google autocomplete: when to end a relationship a,75
when to leave a relationship and when to stay,breakup,TBD,Google autocomplete: when to end a relationship a,75
when to end a healthy relationship,breakup,TBD,Google autocomplete: when to end a relationship h,75
when to leave a healthy relationship,breakup,TBD,Google autocomplete: when to end a relationship h,75
how to when to end a relationship,breakup,TBD,Google autocomplete: when to end a relationship h,75
when to leave a relationship and how to do it,breakup,TBD,Google autocomplete: when to end a relationship h,75
how to know when to end a relationship,breakup,TBD,Google autocomplete: when to end a relationship h,75
how to end a relationship when you live together,breakup,TBD,Google autocomplete: when to end a relationship h,75
how to end a relationship when you still love them,breakup,TBD,Google autocomplete: when to end a relationship h,75
when to end a relationship with a parent,breakup,TBD,Google autocomplete: when to end a relationship w,75
signs a relationship is over for good,breakup,TBD,Google autocomplete: signs a relationship is over,75
signs a relationship is over for her,breakup,TBD,Google autocomplete: signs a relationship is over,75
signs a relationship is over quiz,breakup,TBD,Google autocomplete: signs a relationship is over,75
signs a relation is over,breakup,TBD,Google autocomplete: signs a relationship is over,75
how to know if a relationship is over,breakup,TBD,Google autocomplete: signs a relationship is over,75
10 signs a relationship is over,breakup,TBD,Google autocomplete: signs a relationship is over,75
5 signs a relationship is over,breakup,TBD,Google autocomplete: signs a relationship is over,75
signs a relationship is almost over,breakup,TBD,Google autocomplete: signs a relationship is over a,75
signs the relationship is already over,breakup,TBD,Google autocomplete: signs a relationship is over a,75
signs your relationship is over after baby,breakup,TBD,Google autocomplete: signs a relationship is over a,75
signs your relationship is over and beyond repair,breakup,TBD,Google autocomplete: signs a relationship is over a,75
signs a karmic relationship is ending after breakup,breakup,TBD,Google autocomplete: signs a relationship is over a,75
signs the relationship is over for him,breakup,TBD,Google autocomplete: signs a relationship is over a,75
signs the relationship is over for her psychology,breakup,TBD,Google autocomplete: signs a relationship is over a,75
signs the relationship is over for him psychology,breakup,TBD,Google autocomplete: signs a relationship is over a,75
signs relationship is over for him,breakup,TBD,Google autocomplete: signs a relationship is over h,75
signs a relationship is healthy,breakup,TBD,Google autocomplete: signs a relationship is over h,75
signs the relationship is over for her psychology test,breakup,TBD,Google autocomplete: signs a relationship is over h,75
signs the relationship is over for him quiz,breakup,TBD,Google autocomplete: signs a relationship is over h,75
signs the relationship is over for him psychology test,breakup,TBD,Google autocomplete: signs a relationship is over h,75
signs when a relationship is over,breakup,TBD,Google autocomplete: signs a relationship is over w,75
warning signs a relationship is over,breakup,TBD,Google autocomplete: signs a relationship is over w,75
signs a relationship is worth saving,breakup,TBD,Google autocomplete: signs a relationship is over w,75
signs a relationship is worth fighting for,breakup,TBD,Google autocomplete: signs a relationship is over w,75
signs a relationship is working,breakup,TBD,Google autocomplete: signs a relationship is over w,75
signs a relationship is wrong,breakup,TBD,Google autocomplete: signs a relationship is over w,75
signs a relationship is wrong for you,breakup,TBD,Google autocomplete: signs a relationship is over w,75
signs long term relationship is over,breakup,TBD,Google autocomplete: signs a relationship is over w,75
how to end a relationship by text,breakup,TBD,Google autocomplete: how to end a relationship,75
how to end a relationship with someone you love,breakup,TBD,Google autocomplete: how to end a relationship,75
how to end a relationship on good terms,breakup,TBD,Google autocomplete: how to end a relationship,75
how to end a relationship respectfully,breakup,TBD,Google autocomplete: how to end a relationship,75
how to end a relationship with someone you live with,breakup,TBD,Google autocomplete: how to end a relationship,75
how to end a relationship with a pathological liar,breakup,TBD,Google autocomplete: how to end a relationship,75
how to end a relationship amicably,breakup,TBD,Google autocomplete: how to end a relationship a,75
how to end a relationship and still be friends,breakup,TBD,Google autocomplete: how to end a relationship a,75
how to end a relationship after 5 years,breakup,TBD,Google autocomplete: how to end a relationship a,75
how to end a relationship in a good way,breakup,TBD,Google autocomplete: how to end a relationship a,75
how to end a relationship in a nice way,breakup,TBD,Google autocomplete: how to end a relationship a,75
how to end a relationship with a guy,breakup,TBD,Google autocomplete: how to end a relationship a,75
how to end a relationship healthy,breakup,TBD,Google autocomplete: how to end a relationship h,75
how to end a hookup relationship,breakup,TBD,Google autocomplete: how to end a relationship h,75
how to end a hinge relationship,breakup,TBD,Google autocomplete: how to end a relationship h,75
how to end a relationship without hurting the other person,breakup,TBD,Google autocomplete: how to end a relationship h,75
how to end a relationship without hurting someone,breakup,TBD,Google autocomplete: how to end a relationship h,75
how to end a relationship without hurting,breakup,TBD,Google autocomplete: how to end a relationship h,75
how to leave a hard relationship,breakup,TBD,Google autocomplete: how to end a relationship h,75
how to end a relationship with someone you still love,breakup,TBD,Google autocomplete: how to end a relationship w,75
how to move on from someone you love,breakup,TBD,Google autocomplete: how to move on from someone,75
how to move on from someone you never dated,breakup,TBD,Google autocomplete: how to move on from someone,75
how to move on from someone you still love,breakup,TBD,Google autocomplete: how to move on from someone,75
how to move on from someone you love deeply,breakup,TBD,Google autocomplete: how to move on from someone,75
how to move on from someone who cheated on you,breakup,TBD,Google autocomplete: how to move on from someone,75
how to move on from someone who hurt you,breakup,TBD,Google autocomplete: how to move on from someone,75
how to move on from someone you love psychology,breakup,TBD,Google autocomplete: how to move on from someone,75
how to move on from a someone,breakup,TBD,Google autocomplete: how to move on from someone a,75
how to move someone from archive in whatsapp,breakup,TBD,Google autocomplete: how to move on from someone a,75
how to move someone from a photo,breakup,TBD,Google autocomplete: how to move on from someone a,75
how to actually move on from someone,breakup,TBD,Google autocomplete: how to move on from someone a,75
how to help someone move on from a breakup,breakup,TBD,Google autocomplete: how to move on from someone a,75
how to forget and move on from someone,breakup,TBD,Google autocomplete: how to move on from someone a,75
how to forget and move on from someone you love,breakup,TBD,Google autocomplete: how to move on from someone a,75
how to move on from people who hurt you,breakup,TBD,Google autocomplete: how to move on from someone h,75
how to move someone's house in animal crossing,breakup,TBD,Google autocomplete: how to move on from someone h,75
how to help move on from someone,breakup,TBD,Google autocomplete: how to move on from someone h,75
how to move on after hurting someone,breakup,TBD,Google autocomplete: how to move on from someone h,75
how to help someone move on from their ex,breakup,TBD,Google autocomplete: how to move on from someone h,75
how to go to someone's house in bloxburg,breakup,TBD,Google autocomplete: how to move on from someone h,75
how to move someone out of household sims 4,breakup,TBD,Google autocomplete: how to move on from someone h,75
how to move someone with broken hip,breakup,TBD,Google autocomplete: how to move on from someone h,75
how to move on from someone who ghosted you,breakup,TBD,Google autocomplete: how to move on from someone w,75
how to move on from someone who doesn't love you,breakup,TBD,Google autocomplete: how to move on from someone w,75
how to move on from someone who doesn't like you,breakup,TBD,Google autocomplete: how to move on from someone w,75
how to move on from someone who betrayed you,breakup,TBD,Google autocomplete: how to move on from someone w,75
how to move on from someone who emotionally hurt you,breakup,TBD,Google autocomplete: how to move on from someone w,75
how to move on from someone while pregnant,breakup,TBD,Google autocomplete: how to move on from someone w,75
how to get over a crush on a friend,breakup,TBD,Google autocomplete: how to get over a crush,75
how to get over a crush on someone,breakup,TBD,Google autocomplete: how to get over a crush,75
how to get over a crush fast,breakup,TBD,Google autocomplete: how to get over a crush,75
how to get over a crush without avoiding them,breakup,TBD,Google autocomplete: how to get over a crush,75
how to get over a crush as an adult,breakup,TBD,Google autocomplete: how to get over a crush a,75
how to get over a crush and stay friends,breakup,TBD,Google autocomplete: how to get over a crush a,75
how to get over a crush at church,breakup,TBD,Google autocomplete: how to get over a crush a,75
how to get over a crush asap,breakup,TBD,Google autocomplete: how to get over a crush a,75
how to get over a crush after rejection,breakup,TBD,Google autocomplete: how to get over a crush a,75
how to get over a crush and still be friends,breakup,TBD,Google autocomplete: how to get over a crush a,75
how to get over a crush that will never happen,breakup,TBD,Google autocomplete: how to get over a crush h,75
how to get over a crush who has a girlfriend,breakup,TBD,Google autocomplete: how to get over a crush h,75
how to get over having a crush on someone,breakup,TBD,Google autocomplete: how to get over a crush h,75
how to help someone get over a crush,breakup,TBD,Google autocomplete: how to get over a crush h,75
how to get rid of having a crush on someone,breakup,TBD,Google autocomplete: how to get over a crush h,75
how to get over someone you have a crush on,breakup,TBD,Google autocomplete: how to get over a crush h,75
how to help a friend get over a crush,breakup,TBD,Google autocomplete: how to get over a crush h,75
how to get over someone you had a crush on,breakup,TBD,Google autocomplete: how to get over a crush h,75
how to get a crush out of your head,breakup,TBD,Google autocomplete: how to get over a crush h,75
how long does it take to get over a crush,breakup,TBD,Google autocomplete: how to get over a crush h,75
how to get over a crush while in a relationship,breakup,TBD,Google autocomplete: how to get over a crush w,75
how to get over a crush when married,breakup,TBD,Google autocomplete: how to get over a crush w,75
how to get over a crush without confessing,breakup,TBD,Google autocomplete: how to get over a crush w,75
how to get over a crush while staying friends,breakup,TBD,Google autocomplete: how to get over a crush w,75
how to get over a crush who doesn't like you,breakup,TBD,Google autocomplete: how to get over a crush w,75
how to get over a crush wikihow,breakup,TBD,Google autocomplete: how to get over a crush w,75
how to get over a crush who rejected you,breakup,TBD,Google autocomplete: how to get over a crush w,75
how to stop liking someone romantically,breakup,TBD,Google autocomplete: how to stop liking someone,75
how to stop liking someone you see everyday,breakup,TBD,Google autocomplete: how to stop liking someone,75
how to stop liking someone without avoiding them,breakup,TBD,Google autocomplete: how to stop liking someone,75
how to stop liking someone but still be friends,breakup,TBD,Google autocomplete: how to stop liking someone,75
how to stop liking someone who is in a relationship,breakup,TBD,Google autocomplete: how to stop liking someone,75
how to stop liking someone who doesn't like you,breakup,TBD,Google autocomplete: how to stop liking someone,75
how to stop liking someone so much,breakup,TBD,Google autocomplete: how to stop liking someone,75
how to stop liking someone and just be friends,breakup,TBD,Google autocomplete: how to stop liking someone a,75
how to stop liking someone as much,breakup,TBD,Google autocomplete: how to stop liking someone a,75
how to stop loving someone and still be best friends,breakup,TBD,Google autocomplete: how to stop liking someone a,75
how to stop loving someone and move on,breakup,TBD,Google autocomplete: how to stop liking someone a,75
how to stop loving someone as much,breakup,TBD,Google autocomplete: how to stop liking someone a,75
how to stop loving someone after breakup,breakup,TBD,Google autocomplete: how to stop liking someone a,75
how to stop liking someone in a relationship,breakup,TBD,Google autocomplete: how to stop liking someone a,75
how to stop liking someone who has a girlfriend,breakup,TBD,Google autocomplete: how to stop liking someone a,75
how to stop loving someone in a relationship,breakup,TBD,Google autocomplete: how to stop liking someone a,75
how to stop loving someone who hurt you,breakup,TBD,Google autocomplete: how to stop liking someone h,75
how to stop loving someone you have a child with,breakup,TBD,Google autocomplete: how to stop liking someone h,75
how to stop loving someone so hard,breakup,TBD,Google autocomplete: how to stop liking someone h,75
how to stop liking him,breakup,TBD,Google autocomplete: how to stop liking someone h,75
how to stop loving someone you can t have,breakup,TBD,Google autocomplete: how to stop liking someone h,75
how to stop loving him,breakup,TBD,Google autocomplete: how to stop liking someone h,75
how to stop loving her,breakup,TBD,Google autocomplete: how to stop liking someone h,75
why do i like someone and then stop liking them,breakup,TBD,Google autocomplete: how to stop liking someone h,75
how to stop liking someone without cutting them off,breakup,TBD,Google autocomplete: how to stop liking someone w,75
how to stop loving someone who doesn t love you,breakup,TBD,Google autocomplete: how to stop liking someone w,75
how to stop loving someone while in a relationship,breakup,TBD,Google autocomplete: how to stop liking someone w,75
how to stop loving someone who you see everyday,breakup,TBD,Google autocomplete: how to stop liking someone w,75
how to stop thinking about someone who hurt you,breakup,TBD,Google autocomplete: how to stop thinking about someone,75
how to stop thinking about someone you love,breakup,TBD,Google autocomplete: how to stop thinking about someone,75
how to stop thinking about someone you love deeply,breakup,TBD,Google autocomplete: how to stop thinking about someone,75
how to stop thinking about someone obsessively,breakup,TBD,Google autocomplete: how to stop thinking about someone,75
how to stop thinking about someone after a breakup,breakup,TBD,Google autocomplete: how to stop thinking about someone,75
how to stop thinking about someone you hate,breakup,TBD,Google autocomplete: how to stop thinking about someone,75
how to stop thinking about someone all the time,breakup,TBD,Google autocomplete: how to stop thinking about someone a,75
how to stop thinking about someone at night,breakup,TBD,Google autocomplete: how to stop thinking about someone a,75
how to stop thinking about someone and move on,breakup,TBD,Google autocomplete: how to stop thinking about someone a,75
how to stop thinking about someone and focus on studies,breakup,TBD,Google autocomplete: how to stop thinking about someone a,75
how to stop thinking about someone who annoys you,breakup,TBD,Google autocomplete: how to stop thinking about someone a,75
how to stop thinking about someone who passed away,breakup,TBD,Google autocomplete: how to stop thinking about someone a,75
how to stop thinking people are mad at you,breakup,TBD,Google autocomplete: how to stop thinking about someone a,75
how to stop thinking about people who hurt you,breakup,TBD,Google autocomplete: how to stop thinking about someone h,75
how to stop thinking about people you hate,breakup,TBD,Google autocomplete: how to stop thinking about someone h,75
how to stop thinking about people who have wronged you,breakup,TBD,Google autocomplete: how to stop thinking about someone h,75
how to stop worrying about hurting people's feelings,breakup,TBD,Google autocomplete: how to stop thinking about someone h,75
how to stop thinking about someone you can t have,breakup,TBD,Google autocomplete: how to stop thinking about someone h,75
how to stop thinking about someone who ghosted you,breakup,TBD,Google autocomplete: how to stop thinking about someone w,75
how to stop thinking about someone who wronged you,breakup,TBD,Google autocomplete: how to stop thinking about someone w,75
how to stop thinking about someone who did you wrong,breakup,TBD,Google autocomplete: how to stop thinking about someone w,75
how to stop thinking about someone who rejected you,breakup,TBD,Google autocomplete: how to stop thinking about someone w,75
how to stop thinking about someone who doesn't want you,breakup,TBD,Google autocomplete: how to stop thinking about someone w,75
how to stop thinking about someone who broke your heart,breakup,TBD,Google autocomplete: how to stop thinking about someone w,75
how to stop thinking about someone who died,breakup,TBD,Google autocomplete: how to stop thinking about someone w,75
how to stop chasing someone who doesn't want you,breakup,TBD,Google autocomplete: how to stop chasing someone,75
how to stop chasing someone you loved,breakup,TBD,Google autocomplete: how to stop chasing someone,75
how to stop chasing someone energetically,breakup,TBD,Google autocomplete: how to stop chasing someone,75
how to stop chasing someone who doesn't love you,breakup,TBD,Google autocomplete: how to stop chasing someone,75
how to stop chasing someone who doesn't like you,breakup,TBD,Google autocomplete: how to stop chasing someone,75
how to stop chasing someone in a relationship,breakup,TBD,Google autocomplete: how to stop chasing someone,75
how to stop someone chasing you,breakup,TBD,Google autocomplete: how to stop chasing someone,75
how to quit chasing someone you loved,breakup,TBD,Google autocomplete: how to stop chasing someone,75
how to stop chasing after someone,breakup,TBD,Google autocomplete: how to stop chasing someone a,75
how to stop chasing people's approval,breakup,TBD,Google autocomplete: how to stop chasing someone a,75
how to stop chasing after people,breakup,TBD,Google autocomplete: how to stop chasing someone a,75
how to stop chasing and be chased,breakup,TBD,Google autocomplete: how to stop chasing someone a,75
how to stop chasing him,breakup,TBD,Google autocomplete: how to stop chasing someone h,75
how to stop chasing her,breakup,TBD,Google autocomplete: how to stop chasing someone h,75
how to stop chasing husband,breakup,TBD,Google autocomplete: how to stop chasing someone h,75
what happens if you stop chasing her,breakup,TBD,Google autocomplete: how to stop chasing someone h,75
how to stop chasing women,breakup,TBD,Google autocomplete: how to stop chasing someone w,75
how to stop chasing wife,breakup,TBD,Google autocomplete: how to stop chasing someone w,75
how to stop chasing women psychology,breakup,TBD,Google autocomplete: how to stop chasing someone w,75
how to avoid chasing women,breakup,TBD,Google autocomplete: how to stop chasing someone w,75
how to detach from someone you love,breakup,TBD,Google autocomplete: how to detach from someone,75
how to detach from someone you talk to everyday,breakup,TBD,Google autocomplete: how to detach from someone,75
how to detach from someone without them knowing,breakup,TBD,Google autocomplete: how to detach from someone,75
how to detach from someone you live with,breakup,TBD,Google autocomplete: how to detach from someone,75
how to detach from someone you love deeply,breakup,TBD,Google autocomplete: how to detach from someone,75
how to detach from someone mentally,breakup,TBD,Google autocomplete: how to detach from someone,75
how to detach from someone you are dating,breakup,TBD,Google autocomplete: how to detach from someone,75
how to detach from someone you see everyday,breakup,TBD,Google autocomplete: how to detach from someone,75
how to detach from someone after a breakup,breakup,TBD,Google autocomplete: how to detach from someone a,75
how to detach from someone and stop thinking about them,breakup,TBD,Google autocomplete: how to detach from someone a,75
how to detach from someone and move on,breakup,TBD,Google autocomplete: how to detach from someone a,75
how to detach from people and situations,breakup,TBD,Google autocomplete: how to detach from someone a,75
how to detach from people and situations thewizardliz,breakup,TBD,Google autocomplete: how to detach from someone a,75
how to detach from someone in a relationship,breakup,TBD,Google autocomplete: how to detach from someone a,75
how to detach from someone you are obsessed with,breakup,TBD,Google autocomplete: how to detach from someone a,75
how to detach from someone who hurt you,breakup,TBD,Google autocomplete: how to detach from someone w,75
how to detach from someone when you live with them,breakup,TBD,Google autocomplete: how to detach from someone w,75
how to detach from someone while in a relationship,breakup,TBD,Google autocomplete: how to detach from someone w,75
how to detach from someone who doesn't love you,breakup,TBD,Google autocomplete: how to detach from someone w,75
how to detach from someone while still in a relationship,breakup,TBD,Google autocomplete: how to detach from someone w,75
how to detach from someone while still talking to them,breakup,TBD,Google autocomplete: how to detach from someone w,75
how to detach from someone who is emotionally unavailable,breakup,TBD,Google autocomplete: how to detach from someone w,75
how to detach from someone who doesn't want you,breakup,TBD,Google autocomplete: how to detach from someone w,75
how to let go of someone you love,breakup,TBD,Google autocomplete: how to let go of someone,75
how to let go of someone you love deeply,breakup,TBD,Google autocomplete: how to let go of someone,75
how to let go of someone you still love,breakup,TBD,Google autocomplete: how to let go of someone,75
how to let go of someone who hurt you,breakup,TBD,Google autocomplete: how to let go of someone,75
how to let go of someone you truly love,breakup,TBD,Google autocomplete: how to let go of someone,75
how to let go of someone you're attached to,breakup,TBD,Google autocomplete: how to let go of someone,75
how to let go of a someone you love,breakup,TBD,Google autocomplete: how to let go of someone a,75
how to let go of a grudge against someone,breakup,TBD,Google autocomplete: how to let go of someone a,75
how to let go of someone you re attached to,breakup,TBD,Google autocomplete: how to let go of someone a,75
how to let go of anger towards someone,breakup,TBD,Google autocomplete: how to let go of someone a,75
how to let go of someone hasif,breakup,TBD,Google autocomplete: how to let go of someone h,75
how to let go of him,breakup,TBD,Google autocomplete: how to let go of someone h,75
how to let go of her,breakup,TBD,Google autocomplete: how to let go of someone h,75
how to let go of hate for someone,breakup,TBD,Google autocomplete: how to let go of someone h,75
how to let go of someone who died,breakup,TBD,Google autocomplete: how to let go of someone w,75
how to let go of someone who betrayed you,breakup,TBD,Google autocomplete: how to let go of someone w,75
how to let go of someone who ghosted you,breakup,TBD,Google autocomplete: how to let go of someone w,75
how to let go of someone who hurt you deeply,breakup,TBD,Google autocomplete: how to let go of someone w,75
how to let go of someone who doesn't love you,breakup,TBD,Google autocomplete: how to let go of someone w,75
how to get closure with an ex,breakup,TBD,Google autocomplete: how to get closure,75
how to get closure from a relationship,breakup,TBD,Google autocomplete: how to get closure,75
how to get closure with an ex without contact,breakup,TBD,Google autocomplete: how to get closure,75
how to get closure from a breakup,breakup,TBD,Google autocomplete: how to get closure,75
how to get closure when someone ghosts you,breakup,TBD,Google autocomplete: how to get closure,75
how to get closure after being ghosted,breakup,TBD,Google autocomplete: how to get closure,75
how to get closure without closure,breakup,TBD,Google autocomplete: how to get closure,75
how to get closure after a breakup,breakup,TBD,Google autocomplete: how to get closure a,75
how to get closure after a friendship ends,breakup,TBD,Google autocomplete: how to get closure a,75
how to get closure after being cheated on,breakup,TBD,Google autocomplete: how to get closure a,75
how to get a closure,breakup,TBD,Google autocomplete: how to get closure a,75
how to get a closure from someone,breakup,TBD,Google autocomplete: how to get closure a,75
how to get closure from someone who hurt you,breakup,TBD,Google autocomplete: how to get closure h,75
how to get over not having closure,breakup,TBD,Google autocomplete: how to get closure h,75
how to get closure when someone dies unexpectedly,breakup,TBD,Google autocomplete: how to get closure w,75
how to get closure without contact,breakup,TBD,Google autocomplete: how to get closure w,75
how to get closure with someone,breakup,TBD,Google autocomplete: how to get closure w,75
how to get closure when there is none,breakup,TBD,Google autocomplete: how to get closure w,75
why do i miss my ex so much,breakup,TBD,Google autocomplete: why do i miss my ex,75
why do i miss my ex all of a sudden,breakup,TBD,Google autocomplete: why do i miss my ex,75
why do i miss my ex after a year,breakup,TBD,Google autocomplete: why do i miss my ex,75
why do i miss my ex girlfriend so much,breakup,TBD,Google autocomplete: why do i miss my ex,75
why do i miss my ex on my period,breakup,TBD,Google autocomplete: why do i miss my ex,75
why do i miss my ex best friend so much,breakup,TBD,Google autocomplete: why do i miss my ex,75
why do i miss my ex boyfriend so much,breakup,TBD,Google autocomplete: why do i miss my ex,75
why do i miss my ex after 2 years,breakup,TBD,Google autocomplete: why do i miss my ex a,75
why do i miss my ex after 3 years,breakup,TBD,Google autocomplete: why do i miss my ex a,75
why do i miss my ex at night,breakup,TBD,Google autocomplete: why do i miss my ex a,75
why do i miss my ex after 6 months,breakup,TBD,Google autocomplete: why do i miss my ex a,75
why do i miss my ex after 5 years,breakup,TBD,Google autocomplete: why do i miss my ex a,75
why do i miss my ex after a month,breakup,TBD,Google autocomplete: why do i miss my ex a,75
why do i miss my ex after 3 months,breakup,TBD,Google autocomplete: why do i miss my ex a,75
why do i miss my ex after 6 years,breakup,TBD,Google autocomplete: why do i miss my ex a,75
why do i miss my ex husband,breakup,TBD,Google autocomplete: why do i miss my ex h,75
why do i miss my ex husband so much,breakup,TBD,Google autocomplete: why do i miss my ex h,75
why do i miss my horrible ex,breakup,TBD,Google autocomplete: why do i miss my ex h,75
why do i still miss my ex husband,breakup,TBD,Google autocomplete: why do i miss my ex h,75
why do i miss my ex that hurt me,breakup,TBD,Google autocomplete: why do i miss my ex h,75
why do i miss my ex when hungover,breakup,TBD,Google autocomplete: why do i miss my ex h,75
why do i miss my ex who treated me badly,breakup,TBD,Google autocomplete: why do i miss my ex w,75
why do i miss my ex wife so much,breakup,TBD,Google autocomplete: why do i miss my ex w,75
why do i miss my ex when im drunk,breakup,TBD,Google autocomplete: why do i miss my ex w,75
why do i miss my ex who cheated on me,breakup,TBD,Google autocomplete: why do i miss my ex w,75
why do i miss my ex while in a relationship,breakup,TBD,Google autocomplete: why do i miss my ex w,75
my ex texted me after no contact,breakup,TBD,Google autocomplete: my ex texted me,75
my ex texted me after 3 years,breakup,TBD,Google autocomplete: my ex texted me,75
my ex texted me what should i do,breakup,TBD,Google autocomplete: my ex texted me,75
my ex texted me i miss you,breakup,TBD,Google autocomplete: my ex texted me,75
my ex texted me but i have a boyfriend,breakup,TBD,Google autocomplete: my ex texted me,75
my ex texted me after 4 years,breakup,TBD,Google autocomplete: my ex texted me,75
my ex texted me happy birthday,breakup,TBD,Google autocomplete: my ex texted me,75
my ex texted me after 3 months of no contact,breakup,TBD,Google autocomplete: my ex texted me a,75
my ex texted me after 6 months of no contact,breakup,TBD,Google autocomplete: my ex texted me a,75
my ex texted me after 3 days of no contact,breakup,TBD,Google autocomplete: my ex texted me a,75
my ex texted me after a week of no contact,breakup,TBD,Google autocomplete: my ex texted me a,75
my ex texted me after a year of no contact,breakup,TBD,Google autocomplete: my ex texted me a,75
my ex texted me after 2 years,breakup,TBD,Google autocomplete: my ex texted me a,75
my ex texted me after a month of no contact,breakup,TBD,Google autocomplete: my ex texted me a,75
my ex texted me happy birthday should i reply,breakup,TBD,Google autocomplete: my ex texted me h,75
my ex texted me hey,breakup,TBD,Google autocomplete: my ex texted me h,75
my ex texted me happy birthday during no contact,breakup,TBD,Google autocomplete: my ex texted me h,75
my ex texted me how are you doing,breakup,TBD,Google autocomplete: my ex texted me h,75
my ex texted me happy birthday at midnight,breakup,TBD,Google autocomplete: my ex texted me h,75
my ex texted me happy new year,breakup,TBD,Google autocomplete: my ex texted me h,75
my ex texted me hi,breakup,TBD,Google autocomplete: my ex texted me h,75
my ex texted me while im in a relationship,breakup,TBD,Google autocomplete: my ex texted me w,75
my ex texted me when he was drunk,breakup,TBD,Google autocomplete: my ex texted me w,75
my ex texted me while drunk,breakup,TBD,Google autocomplete: my ex texted me w,75
my ex texted me what should i say,breakup,TBD,Google autocomplete: my ex texted me w,75
my ex texts me while in a relationship,breakup,TBD,Google autocomplete: my ex texted me w,75
my ex texts me when she's drunk,breakup,TBD,Google autocomplete: my ex texted me w,75
my ex texted me wishing me well,breakup,TBD,Google autocomplete: my ex texted me w,75
my ex wants to be friends with benefits,breakup,TBD,Google autocomplete: my ex wants to be friends,75
my ex wants to be friends but i don't,breakup,TBD,Google autocomplete: my ex wants to be friends,75
my ex wants to be friends with me,breakup,TBD,Google autocomplete: my ex wants to be friends,75
my ex wants to be friends but has a girlfriend,breakup,TBD,Google autocomplete: my ex wants to be friends,75
why your ex still wants to be friends,breakup,TBD,Google autocomplete: my ex wants to be friends,75
my ex wants to be friends after no contact,breakup,TBD,Google autocomplete: my ex wants to be friends a,75
my ex wants to be friends after breakup,breakup,TBD,Google autocomplete: my ex wants to be friends a,75
my ex wants to be friends again,breakup,TBD,Google autocomplete: my ex wants to be friends a,75
my ex wants to be friends after 2 years,breakup,TBD,Google autocomplete: my ex wants to be friends a,75
my ex wants to be friends and i don't,breakup,TBD,Google autocomplete: my ex wants to be friends a,75
my ex wants to be friends after a year,breakup,TBD,Google autocomplete: my ex wants to be friends a,75
my ex best friend wants to be friends again,breakup,TBD,Google autocomplete: my ex wants to be friends a,75
my ex wants to be friends but it hurts,breakup,TBD,Google autocomplete: my ex wants to be friends h,75
my ex husband wants to be friends,breakup,TBD,Google autocomplete: my ex wants to be friends h,75
my husband's ex wants to be friends with me,breakup,TBD,Google autocomplete: my ex wants to be friends h,75
my ex husband wants to be friends with benefits,breakup,TBD,Google autocomplete: my ex wants to be friends h,75
my ex wants to be friends why,breakup,TBD,Google autocomplete: my ex wants to be friends w,75
my ex wants to be friends what should i do,breakup,TBD,Google autocomplete: my ex wants to be friends w,75
my ex wants to be friends what does that mean,breakup,TBD,Google autocomplete: my ex wants to be friends w,75
my ex girlfriend wants to be friends with benefits,breakup,TBD,Google autocomplete: my ex wants to be friends w,75
my boyfriend's ex wants to be friends with me,breakup,TBD,Google autocomplete: my ex wants to be friends w,75
my ex just wants to be friends with benefits,breakup,TBD,Google autocomplete: my ex wants to be friends w,75
should i reply to my ex during no contact,breakup,TBD,Google autocomplete: should i reply to my ex,75
should i reply to my ex who dumped me,breakup,TBD,Google autocomplete: should i reply to my ex,75
should i reply to my ex after no contact,breakup,TBD,Google autocomplete: should i reply to my ex,75
should i reply to my ex who cheated on me,breakup,TBD,Google autocomplete: should i reply to my ex,75
should i reply to my ex birthday wishes,breakup,TBD,Google autocomplete: should i reply to my ex,75
should i reply to my ex girlfriend text message,breakup,TBD,Google autocomplete: should i reply to my ex,75
should i reply to my ex after breaking up,breakup,TBD,Google autocomplete: should i reply to my ex,75
should i reply to a text from my ex,breakup,TBD,Google autocomplete: should i reply to my ex a,75
should i reply to a goodbye text from my ex,breakup,TBD,Google autocomplete: should i reply to my ex a,75
should you respond if an ex texts you,breakup,TBD,Google autocomplete: should i reply to my ex a,75
should i respond to my ex happy birthday text,breakup,TBD,Google autocomplete: should i reply to my ex h,75
should i reply to my ex or ignore him,breakup,TBD,Google autocomplete: should i reply to my ex h,75
should i respond to my ex saying happy birthday,breakup,TBD,Google autocomplete: should i reply to my ex h,75
how should i reply to my ex's text,breakup,TBD,Google autocomplete: should i reply to my ex h,75
should i reply if my ex wishes me happy birthday,breakup,TBD,Google autocomplete: should i reply to my ex h,75
how long should i wait to reply to my ex,breakup,TBD,Google autocomplete: should i reply to my ex h,75
should i reply when my ex texts me,breakup,TBD,Google autocomplete: should i reply to my ex w,75
how do i respond to an ex wants me back,breakup,TBD,Google autocomplete: should i reply to my ex w,75
signs your ex wants you back but is confused,breakup,TBD,Google autocomplete: signs your ex wants you back,75
signs your ex wants you back but is scared,breakup,TBD,Google autocomplete: signs your ex wants you back,75
signs your ex wants you back but is hiding it,breakup,TBD,Google autocomplete: signs your ex wants you back,75
signs your ex wants you back during no contact,breakup,TBD,Google autocomplete: signs your ex wants you back,75
signs your ex wants you back on social media,breakup,TBD,Google autocomplete: signs your ex wants you back,75
signs your ex wants you back after no contact,breakup,TBD,Google autocomplete: signs your ex wants you back,75
spiritual signs your ex wants you back after breakup,breakup,TBD,Google autocomplete: signs your ex wants you back a,75
spiritual signs your ex wants you back after no contact,breakup,TBD,Google autocomplete: signs your ex wants you back a,75
signs your ex wants you back after a breakup,breakup,TBD,Google autocomplete: signs your ex wants you back a,75
signs your ex wants you back but is afraid,breakup,TBD,Google autocomplete: signs your ex wants you back a,75
signs your ex wants you back but is confused after,breakup,TBD,Google autocomplete: signs your ex wants you back a,75
what are signs your ex wants you back,breakup,TBD,Google autocomplete: signs your ex wants you back a,75
what are the signs your ex wants you back,breakup,TBD,Google autocomplete: signs your ex wants you back h,75
how do i know if my ex wants me back,breakup,TBD,Google autocomplete: signs your ex wants you back h,75
signs your ex wife wants you back,breakup,TBD,Google autocomplete: signs your ex wants you back w,75
signs your ex wants to get back with you,breakup,TBD,Google autocomplete: signs your ex wants you back w,75
what are the signs your ex girlfriend wants you back,breakup,TBD,Google autocomplete: signs your ex wants you back w,75
signs the universe wants you back with your ex,breakup,TBD,Google autocomplete: signs your ex wants you back w,75
signs your ex girlfriend is testing you,breakup,TBD,Google autocomplete: signs your ex is testing you,75
how to know if your ex still loves you secretly,breakup,TBD,Google autocomplete: how to know if your ex still loves you,75
how to know if your ex still likes you,breakup,TBD,Google autocomplete: how to know if your ex still loves you,75
how to know if your ex likes you again,breakup,TBD,Google autocomplete: how to know if your ex still loves you a,75
how to know if your ex doesn't love you anymore,breakup,TBD,Google autocomplete: how to know if your ex still loves you a,75
how to know if a ex still loves you,breakup,TBD,Google autocomplete: how to know if your ex still loves you a,75
how to tell if a ex still likes you,breakup,TBD,Google autocomplete: how to know if your ex still loves you a,75
how do you see if your ex still loves you,breakup,TBD,Google autocomplete: how to know if your ex still loves you a,75
how do you know if your ex still loves,breakup,TBD,Google autocomplete: how to know if your ex still loves you a,75
how to know if your ex husband still loves you,breakup,TBD,Google autocomplete: how to know if your ex still loves you h,75
how to tell your ex that you still love him,breakup,TBD,Google autocomplete: how to know if your ex still loves you h,75
how to tell your ex that you still love her,breakup,TBD,Google autocomplete: how to know if your ex still loves you h,75
how to tell your ex you still love him paragraphs,breakup,TBD,Google autocomplete: how to know if your ex still loves you h,75
how to know if your ex wife still loves you,breakup,TBD,Google autocomplete: how to know if your ex still loves you w,75
flirting signs from a guy,textmeaning,TBD,Google autocomplete: flirting signs,85
flirting signs from a woman,textmeaning,TBD,Google autocomplete: flirting signs,85
flirting signs from a girl,textmeaning,TBD,Google autocomplete: flirting signs,85
flirting signs over text,textmeaning,TBD,Google autocomplete: flirting signs,85
flirting signs of married woman,textmeaning,TBD,Google autocomplete: flirting signs,85
flirting signs from women,textmeaning,TBD,Google autocomplete: flirting signs,85
flirting signs guys miss,textmeaning,TBD,Google autocomplete: flirting signs,85
obvious flirting signs from a girl,textmeaning,TBD,Google autocomplete: flirting signs a,85
obvious flirting signs from a guy,textmeaning,TBD,Google autocomplete: flirting signs a,85
subtle flirting signs from a girl,textmeaning,TBD,Google autocomplete: flirting signs a,85
flirting hand signs,textmeaning,TBD,Google autocomplete: flirting signs h,85
flirting husband signs,textmeaning,TBD,Google autocomplete: flirting signs h,85
signs he's flirting with you,textmeaning,TBD,Google autocomplete: flirting signs h,85
signs he's flirting,textmeaning,TBD,Google autocomplete: flirting signs h,85
signs he's flirting over text,textmeaning,TBD,Google autocomplete: flirting signs h,85
signs he's flirting with me,textmeaning,TBD,Google autocomplete: flirting signs h,85
signs he's flirting with other women,textmeaning,TBD,Google autocomplete: flirting signs h,85
signs he's flirting with you over text,textmeaning,TBD,Google autocomplete: flirting signs h,85
flirting signs women,textmeaning,TBD,Google autocomplete: flirting signs w,85
flirt signals women,textmeaning,TBD,Google autocomplete: flirting signs w,85
flirting with men,textmeaning,TBD,Google autocomplete: flirting signs w,85
flirting with men over text,textmeaning,TBD,Google autocomplete: flirting signs w,85
men flirting with each other,textmeaning,TBD,Google autocomplete: flirting signs w,85
flirting with men meaning,textmeaning,TBD,Google autocomplete: flirting signs w,85
flirting examples text,textmeaning,TBD,Google autocomplete: flirting examples,85
flirting examples for a girl,textmeaning,TBD,Google autocomplete: flirting examples,85
flirting examples for him,textmeaning,TBD,Google autocomplete: flirting examples,85
flirting examples in person,textmeaning,TBD,Google autocomplete: flirting examples,85
flirting examples for her,textmeaning,TBD,Google autocomplete: flirting examples,85
flirting examples for guys,textmeaning,TBD,Google autocomplete: flirting examples,85
flirting examples text to a girl,textmeaning,TBD,Google autocomplete: flirting examples,85
flirting definition and examples,textmeaning,TBD,Google autocomplete: flirting examples a,85
flirting meaning and examples,textmeaning,TBD,Google autocomplete: flirting examples a,85
flirting examples to ask a girl,textmeaning,TBD,Google autocomplete: flirting examples a,85
flirting examples to ask a guy,textmeaning,TBD,Google autocomplete: flirting examples a,85
flirting examples text to a guy,textmeaning,TBD,Google autocomplete: flirting examples a,85
aggressive flirting examples,textmeaning,TBD,Google autocomplete: flirting examples a,85
awkward flirting examples,textmeaning,TBD,Google autocomplete: flirting examples a,85
flirting vs harassment examples,textmeaning,TBD,Google autocomplete: flirting examples h,85
flirting on hinge examples,textmeaning,TBD,Google autocomplete: flirting examples h,85
teasing flirting examples for him,textmeaning,TBD,Google autocomplete: flirting examples h,85
harmless flirting examples,textmeaning,TBD,Google autocomplete: flirting examples h,85
healthy flirting examples,textmeaning,TBD,Google autocomplete: flirting examples h,85
teasing flirting examples for her,textmeaning,TBD,Google autocomplete: flirting examples h,85
text flirting examples for him,textmeaning,TBD,Google autocomplete: flirting examples h,85
flirting examples with a girl,textmeaning,TBD,Google autocomplete: flirting examples w,85
flirting examples words,textmeaning,TBD,Google autocomplete: flirting examples w,85
flirting with examples,textmeaning,TBD,Google autocomplete: flirting examples w,85
flirting with women examples,textmeaning,TBD,Google autocomplete: flirting examples w,85
double entendre examples flirting with a girl,textmeaning,TBD,Google autocomplete: flirting examples w,85
witty flirting examples,textmeaning,TBD,Google autocomplete: flirting examples w,85
wlw flirting examples,textmeaning,TBD,Google autocomplete: flirting examples w,85
friendly flirting examples,textmeaning,TBD,Google autocomplete: flirting examples w,85
banter flirting examples,textmeaning,TBD,Google autocomplete: banter flirting,85
banter flirting meaning,textmeaning,TBD,Google autocomplete: banter flirting,85
banter flirting definition,textmeaning,TBD,Google autocomplete: banter flirting,85
banter vs flirting,textmeaning,TBD,Google autocomplete: banter flirting,85
witty banter flirting,textmeaning,TBD,Google autocomplete: banter flirting,85
playful banter flirting,textmeaning,TBD,Google autocomplete: banter flirting,85
banter vs flirting examples,textmeaning,TBD,Google autocomplete: banter flirting,85
witty banter flirting examples,textmeaning,TBD,Google autocomplete: banter flirting,85
banter and flirting,textmeaning,TBD,Google autocomplete: banter flirting a,85
jokes about flirting,textmeaning,TBD,Google autocomplete: banter flirting a,85
is banter always flirting,textmeaning,TBD,Google autocomplete: banter flirting a,85
difference between banter and flirting,textmeaning,TBD,Google autocomplete: banter flirting a,85
is banter and flirting the same thing,textmeaning,TBD,Google autocomplete: banter flirting a,85
is banter flirting with a guy,textmeaning,TBD,Google autocomplete: banter flirting a,85
is banter flirting with a girl,textmeaning,TBD,Google autocomplete: banter flirting a,85
is playful banter always flirting,textmeaning,TBD,Google autocomplete: banter flirting a,85
what is flirting banter,textmeaning,TBD,Google autocomplete: banter flirting h,85
flirting jokes with girl,textmeaning,TBD,Google autocomplete: banter flirting w,85
flirting with banter,textmeaning,TBD,Google autocomplete: banter flirting w,85
playful teasing examples,textmeaning,TBD,Google autocomplete: playful teasing,85
playful teasing meaning,textmeaning,TBD,Google autocomplete: playful teasing,85
playful teasing flirting examples,textmeaning,TBD,Google autocomplete: playful teasing,85
playful teasing flirting,textmeaning,TBD,Google autocomplete: playful teasing,85
playful teasing in a relationship,textmeaning,TBD,Google autocomplete: playful teasing,85
playful teasing vs bullying,textmeaning,TBD,Google autocomplete: playful teasing,85
playful teasing words,textmeaning,TBD,Google autocomplete: playful teasing,85
playful teasing emoji,textmeaning,TBD,Google autocomplete: playful teasing,85
playful teasing and flirting,textmeaning,TBD,Google autocomplete: playful teasing a,85
playfully teasing a guy,textmeaning,TBD,Google autocomplete: playful teasing a,85
playful and teasing questions,textmeaning,TBD,Google autocomplete: playful teasing a,85
playful and teasing nyt,textmeaning,TBD,Google autocomplete: playful teasing a,85
playful banter another word,textmeaning,TBD,Google autocomplete: playful teasing a,85
playful vs hurtful teasing examples,textmeaning,TBD,Google autocomplete: playful teasing h,85
playful vs hurtful teasing,textmeaning,TBD,Google autocomplete: playful teasing h,85
examples of playful teasing,textmeaning,TBD,Google autocomplete: playful teasing h,85
playful teasing definition,textmeaning,TBD,Google autocomplete: playful teasing h,85
is playful teasing considered flirting,textmeaning,TBD,Google autocomplete: playful teasing h,85
what does playful teasing mean,textmeaning,TBD,Google autocomplete: playful teasing h,85
playful teasing with romantic intent,textmeaning,TBD,Google autocomplete: playful teasing w,85
playful teasing with romantic intent perhaps,textmeaning,TBD,Google autocomplete: playful teasing w,85
playful teasing with friends,textmeaning,TBD,Google autocomplete: playful teasing w,85
playful banter with a guy examples,textmeaning,TBD,Google autocomplete: playful teasing w,85
playful banter with a girl examples,textmeaning,TBD,Google autocomplete: playful teasing w,85
playful banter with a guy,textmeaning,TBD,Google autocomplete: playful teasing w,85
flirty banter meaning,textmeaning,TBD,Google autocomplete: flirty banter,85
flirty banter examples,textmeaning,TBD,Google autocomplete: flirty banter,85
flirty banter examples over text,textmeaning,TBD,Google autocomplete: flirty banter,85
flirty banter lines,textmeaning,TBD,Google autocomplete: flirty banter,85
flirty banter texts,textmeaning,TBD,Google autocomplete: flirty banter,85
flirty banter examples for him,textmeaning,TBD,Google autocomplete: flirty banter,85
flirty banter examples for her,textmeaning,TBD,Google autocomplete: flirty banter,85
flirty jokes about glasses,textmeaning,TBD,Google autocomplete: flirty banter a,85
flirty jokes about chemistry,textmeaning,TBD,Google autocomplete: flirty banter a,85
flirty jokes about eyes,textmeaning,TBD,Google autocomplete: flirty banter a,85
flirty jokes about food,textmeaning,TBD,Google autocomplete: flirty banter a,85
flirty jokes about short girls,textmeaning,TBD,Google autocomplete: flirty banter a,85
flirty jokes about nurses,textmeaning,TBD,Google autocomplete: flirty banter a,85
flirty jokes about redheads,textmeaning,TBD,Google autocomplete: flirty banter a,85
flirty jokes about being sick,textmeaning,TBD,Google autocomplete: flirty banter a,85
flirty banter for him,textmeaning,TBD,Google autocomplete: flirty banter h,85
flirty banter for her,textmeaning,TBD,Google autocomplete: flirty banter h,85
flirty hot jokes to tell a girl,textmeaning,TBD,Google autocomplete: flirty banter h,85
flirty height jokes,textmeaning,TBD,Google autocomplete: flirty banter h,85
flirty banter with a girl,textmeaning,TBD,Google autocomplete: flirty banter w,85
flirty banter with a guy,textmeaning,TBD,Google autocomplete: flirty banter w,85
flirty witty banter,textmeaning,TBD,Google autocomplete: flirty banter w,85
flirty with banter,textmeaning,TBD,Google autocomplete: flirty banter w,85
flirty jokes with boyfriend,textmeaning,TBD,Google autocomplete: flirty banter w,85
flirty jokes with girlfriend,textmeaning,TBD,Google autocomplete: flirty banter w,85
flirty jokes with friends,textmeaning,TBD,Google autocomplete: flirty banter w,85
flirty teasing words,textmeaning,TBD,Google autocomplete: flirty banter w,85
why when i send a text its green,textmeaning,TBD,Google autocomplete: texting green flags,85
what does it mean when your text sends green,textmeaning,TBD,Google autocomplete: texting green flags,85
what is the green flag emoji,textmeaning,TBD,Google autocomplete: texting green flags,85
green flags when texting a guy,textmeaning,TBD,Google autocomplete: texting green flags a,85
green flags when texting a girl,textmeaning,TBD,Google autocomplete: texting green flags a,85
texting styles by generation,textmeaning,TBD,Google autocomplete: texting styles,85
text styles font,textmeaning,TBD,Google autocomplete: texting styles,85
text styles name,textmeaning,TBD,Google autocomplete: texting styles,85
text styles copy paste,textmeaning,TBD,Google autocomplete: texting styles,85
text styles photoshop,textmeaning,TBD,Google autocomplete: texting styles,85
text styles figma,textmeaning,TBD,Google autocomplete: texting styles,85
text styles autocad,textmeaning,TBD,Google autocomplete: texting styles a,85
text styles affinity,textmeaning,TBD,Google autocomplete: texting styles a,85
text styles after effects,textmeaning,TBD,Google autocomplete: texting styles a,85
text styles and names,textmeaning,TBD,Google autocomplete: texting styles a,85
text styles and fonts,textmeaning,TBD,Google autocomplete: texting styles a,85
text style app,textmeaning,TBD,Google autocomplete: texting styles a,85
text style ai,textmeaning,TBD,Google autocomplete: texting styles a,85
text style aesthetic,textmeaning,TBD,Google autocomplete: texting styles a,85
text style heart,textmeaning,TBD,Google autocomplete: texting styles h,85
text style handwriting,textmeaning,TBD,Google autocomplete: texting styles h,85
text style happy birthday,textmeaning,TBD,Google autocomplete: texting styles h,85
text style heart symbol,textmeaning,TBD,Google autocomplete: texting styles h,85
text styles word,textmeaning,TBD,Google autocomplete: texting styles w,85
whatsapp text style,textmeaning,TBD,Google autocomplete: texting styles w,85
text styles warwick,textmeaning,TBD,Google autocomplete: texting styles w,85
text styles website,textmeaning,TBD,Google autocomplete: texting styles w,85
text styles with name,textmeaning,TBD,Google autocomplete: texting styles w,85
text styles writing,textmeaning,TBD,Google autocomplete: texting styles w,85
text style with emoji,textmeaning,TBD,Google autocomplete: texting styles w,85
text style with colour,textmeaning,TBD,Google autocomplete: texting styles w,85
romantic attraction definition,textmeaning,TBD,Google autocomplete: romantic attraction,85
romantic attraction vs platonic attraction,textmeaning,TBD,Google autocomplete: romantic attraction,85
romantic attraction flag,textmeaning,TBD,Google autocomplete: romantic attraction,85
romantic attraction quiz,textmeaning,TBD,Google autocomplete: romantic attraction,85
romantic attraction examples,textmeaning,TBD,Google autocomplete: romantic attraction,85
romantic attraction test,textmeaning,TBD,Google autocomplete: romantic attraction,85
romantic attraction types,textmeaning,TBD,Google autocomplete: romantic attraction,85
romantic attractions near me,textmeaning,TBD,Google autocomplete: romantic attraction,85
romantic attraction asexual,textmeaning,TBD,Google autocomplete: romantic attraction a,85
romantic attraction aromantic,textmeaning,TBD,Google autocomplete: romantic attraction a,85
love attraction angel number,textmeaning,TBD,Google autocomplete: romantic attraction a,85
love attraction and commitment,textmeaning,TBD,Google autocomplete: romantic attraction a,85
love attraction affection,textmeaning,TBD,Google autocomplete: romantic attraction a,85
love attraction hormone,textmeaning,TBD,Google autocomplete: romantic attraction h,85
love attraction heart pendant,textmeaning,TBD,Google autocomplete: romantic attraction h,85
romantic attraction without wanting a relationship,textmeaning,TBD,Google autocomplete: romantic attraction w,85
romantic attraction what is it,textmeaning,TBD,Google autocomplete: romantic attraction w,85
romantic attraction what does it feel like,textmeaning,TBD,Google autocomplete: romantic attraction w,85
romantic attraction words,textmeaning,TBD,Google autocomplete: romantic attraction w,85
romantic interest meaning,textmeaning,TBD,Google autocomplete: romantic interest,85
romantic interest cyberpunk,textmeaning,TBD,Google autocomplete: romantic interest,85
romantic interest paralives,textmeaning,TBD,Google autocomplete: romantic interest,85
romantic interest definition,textmeaning,TBD,Google autocomplete: romantic interest,85
romantic interest sims 3,textmeaning,TBD,Google autocomplete: romantic interest,85
romantic interest signs,textmeaning,TBD,Google autocomplete: romantic interest,85
romantic interests in cyberpunk 2077,textmeaning,TBD,Google autocomplete: romantic interest,85
emotional attraction meaning,textmeaning,TBD,Google autocomplete: emotional attraction,85
emotional attraction vs physical attraction,textmeaning,TBD,Google autocomplete: emotional attraction,85
emotional attraction sexuality,textmeaning,TBD,Google autocomplete: emotional attraction,85
emotional attraction vs romantic attraction,textmeaning,TBD,Google autocomplete: emotional attraction,85
emotional attraction examples,textmeaning,TBD,Google autocomplete: emotional attraction,85
emotional attraction for men,textmeaning,TBD,Google autocomplete: emotional attraction,85
emotional attraction signs,textmeaning,TBD,Google autocomplete: emotional attraction,85
emotional connection and intimacy,textmeaning,TBD,Google autocomplete: emotional attraction a,85
emotional connection activities for couples,textmeaning,TBD,Google autocomplete: emotional attraction a,85
emotional connection and physical intimacy,textmeaning,TBD,Google autocomplete: emotional attraction a,85
emotional connection another word,textmeaning,TBD,Google autocomplete: emotional attraction a,85
emotional connection and love,textmeaning,TBD,Google autocomplete: emotional attraction a,85
emotional connection activities,textmeaning,TBD,Google autocomplete: emotional attraction a,85
emotional connection how to build,textmeaning,TBD,Google autocomplete: emotional attraction h,85
emotional connection husband and wife,textmeaning,TBD,Google autocomplete: emotional attraction h,85
losing emotional attraction to him,textmeaning,TBD,Google autocomplete: emotional attraction h,85
what is emotional attraction,textmeaning,TBD,Google autocomplete: emotional attraction h,85
emotional attraction word,textmeaning,TBD,Google autocomplete: emotional attraction w,85
emotional attraction women,textmeaning,TBD,Google autocomplete: emotional attraction w,85
emotional attraction what is it,textmeaning,TBD,Google autocomplete: emotional attraction w,85
emotional connection with partner,textmeaning,TBD,Google autocomplete: emotional attraction w,85
emotional connection with a man,textmeaning,TBD,Google autocomplete: emotional attraction w,85
emotional connection with someone,textmeaning,TBD,Google autocomplete: emotional attraction w,85
emotional connection with a woman,textmeaning,TBD,Google autocomplete: emotional attraction w,85
emotional connection with wife,textmeaning,TBD,Google autocomplete: emotional attraction w,85
emotional connection with customers examples,textmeaning,TBD,Google autocomplete: emotional attraction w,85
emotional connection with friends,textmeaning,TBD,Google autocomplete: emotional attraction w,85
emotional bond signs,textmeaning,TBD,Google autocomplete: emotional connection signs,85
deep emotional connection signs,textmeaning,TBD,Google autocomplete: emotional connection signs,85
no emotional connection signs,textmeaning,TBD,Google autocomplete: emotional connection signs,85
lack of emotional connection signs,textmeaning,TBD,Google autocomplete: emotional connection signs,85
what does an emotional connection feel like,textmeaning,TBD,Google autocomplete: emotional connection signs,85
signs of emotional connection with a guy,textmeaning,TBD,Google autocomplete: emotional connection signs a,85
signs of emotional connection with a woman,textmeaning,TBD,Google autocomplete: emotional connection signs a,85
signs of emotional connection in a relationship,textmeaning,TBD,Google autocomplete: emotional connection signs a,85
signs of emotional connection with a man,textmeaning,TBD,Google autocomplete: emotional connection signs a,85
signs of emotional connection with a guy friend,textmeaning,TBD,Google autocomplete: emotional connection signs a,85
signs of emotional connection with a girl,textmeaning,TBD,Google autocomplete: emotional connection signs a,85
signs of emotional connection with a guy physically,textmeaning,TBD,Google autocomplete: emotional connection signs a,85
signs of emotional connection with someone,textmeaning,TBD,Google autocomplete: emotional connection signs w,85
signs he has emotional connection with you,textmeaning,TBD,Google autocomplete: emotional connection signs w,85
signs you have emotional connection with someone,textmeaning,TBD,Google autocomplete: emotional connection signs w,85
chemistry between two people meaning,textmeaning,TBD,Google autocomplete: chemistry between two people,85
chemistry between two people signs,textmeaning,TBD,Google autocomplete: chemistry between two people,85
chemistry between two people a loud personality,textmeaning,TBD,Google autocomplete: chemistry between two people a,85
is chemistry between two people a real thing,textmeaning,TBD,Google autocomplete: chemistry between two people a,85
chemistry between two people in afrikaans,textmeaning,TBD,Google autocomplete: chemistry between two people a,85
a chemistry between two people,textmeaning,TBD,Google autocomplete: chemistry between two people a,85
does chemistry between two people ever go away,textmeaning,TBD,Google autocomplete: chemistry between two people a,85
what is chemistry between two people in a relationship,textmeaning,TBD,Google autocomplete: chemistry between two people a,85
how does chemistry between two people happen,textmeaning,TBD,Google autocomplete: chemistry between two people h,85
how to describe chemistry between two people,textmeaning,TBD,Google autocomplete: chemistry between two people h,85
how to explain chemistry between two people,textmeaning,TBD,Google autocomplete: chemistry between two people h,85
how to spot chemistry between two people,textmeaning,TBD,Google autocomplete: chemistry between two people h,85
how to define chemistry between two people,textmeaning,TBD,Google autocomplete: chemistry between two people h,85
how to see chemistry between two people,textmeaning,TBD,Google autocomplete: chemistry between two people h,85
signs of high chemistry between two people,textmeaning,TBD,Google autocomplete: chemistry between two people h,85
how to create chemistry between two people,textmeaning,TBD,Google autocomplete: chemistry between two people h,85
what's chemistry between two people,textmeaning,TBD,Google autocomplete: chemistry between two people w,85
what causes chemistry between two people,textmeaning,TBD,Google autocomplete: chemistry between two people w,85
what does chemistry between two people mean,textmeaning,TBD,Google autocomplete: chemistry between two people w,85
what creates chemistry between two people,textmeaning,TBD,Google autocomplete: chemistry between two people w,85
what makes chemistry between two people,textmeaning,TBD,Google autocomplete: chemistry between two people w,85
what does chemistry between two people look like,textmeaning,TBD,Google autocomplete: chemistry between two people w,85
what determines chemistry between two people,textmeaning,TBD,Google autocomplete: chemistry between two people w,85
what does chemistry between two people feel like,textmeaning,TBD,Google autocomplete: chemistry between two people w,85
romantic chemistry meaning,textmeaning,TBD,Google autocomplete: romantic chemistry,85
romantic chemistry puns,textmeaning,TBD,Google autocomplete: romantic chemistry,85
romantic chemistry signs,textmeaning,TBD,Google autocomplete: romantic chemistry,85
romantic chemistry jokes,textmeaning,TBD,Google autocomplete: romantic chemistry,85
romantic chemistry dogfish head,textmeaning,TBD,Google autocomplete: romantic chemistry,85
types of romantic chemistry,textmeaning,TBD,Google autocomplete: romantic chemistry,85
love chemistry app,textmeaning,TBD,Google autocomplete: romantic chemistry a,85
does romantic chemistry always fade,textmeaning,TBD,Google autocomplete: romantic chemistry a,85
love and chemistry,textmeaning,TBD,Google autocomplete: romantic chemistry a,85
love and chemistry show,textmeaning,TBD,Google autocomplete: romantic chemistry a,85
love chemistry hormones,textmeaning,TBD,Google autocomplete: romantic chemistry h,85
love heat chemistry lose control,textmeaning,TBD,Google autocomplete: romantic chemistry h,85
love hate chemistry,textmeaning,TBD,Google autocomplete: romantic chemistry h,85
love heat chemistry series,textmeaning,TBD,Google autocomplete: romantic chemistry h,85
relationship without chemistry possible,textmeaning,TBD,Google autocomplete: romantic chemistry w,85
relationship without chemistry,textmeaning,TBD,Google autocomplete: romantic chemistry w,85
love without chemistry,textmeaning,TBD,Google autocomplete: romantic chemistry w,85
love with chemistry,textmeaning,TBD,Google autocomplete: romantic chemistry w,85
chemistry love words,textmeaning,TBD,Google autocomplete: romantic chemistry w,85
relationship with chemistry,textmeaning,TBD,Google autocomplete: romantic chemistry w,85
platonic vs romantic love,textmeaning,TBD,Google autocomplete: platonic vs romantic,85
platonic vs romantic attraction,textmeaning,TBD,Google autocomplete: platonic vs romantic,85
platonic vs romantic relationship,textmeaning,TBD,Google autocomplete: platonic vs romantic,85
platonic vs romantic feelings,textmeaning,TBD,Google autocomplete: platonic vs romantic,85
platonic vs romantic hug,textmeaning,TBD,Google autocomplete: platonic vs romantic,85
platonic vs romantic crush,textmeaning,TBD,Google autocomplete: platonic vs romantic,85
platonic vs romantic affection,textmeaning,TBD,Google autocomplete: platonic vs romantic a,85
platonic vs romantic attraction quiz,textmeaning,TBD,Google autocomplete: platonic vs romantic a,85
platonic vs romantic actions,textmeaning,TBD,Google autocomplete: platonic vs romantic a,85
platonic and romantic attraction,textmeaning,TBD,Google autocomplete: platonic vs romantic a,85
platonic love vs agape,textmeaning,TBD,Google autocomplete: platonic vs romantic a,85
confusing platonic and romantic attraction,textmeaning,TBD,Google autocomplete: platonic vs romantic a,85
platonic vs romantic hand holding,textmeaning,TBD,Google autocomplete: platonic vs romantic h,85
how to tell romantic vs platonic,textmeaning,TBD,Google autocomplete: platonic vs romantic h,85
platonic or romantic hug,textmeaning,TBD,Google autocomplete: platonic vs romantic h,85
how to tell platonic vs romantic feelings,textmeaning,TBD,Google autocomplete: platonic vs romantic h,85
what is the difference between platonic and romantic,textmeaning,TBD,Google autocomplete: platonic vs romantic h,85
what's the difference between platonic and romantic,textmeaning,TBD,Google autocomplete: platonic vs romantic h,85
platonic vs romantic wlw,textmeaning,TBD,Google autocomplete: platonic vs romantic w,85
platonic romantic and what else,textmeaning,TBD,Google autocomplete: platonic vs romantic w,85
what is platonic vs romantic,textmeaning,TBD,Google autocomplete: platonic vs romantic w,85
what is platonic vs romantic love,textmeaning,TBD,Google autocomplete: platonic vs romantic w,85
what is a platonic vs romantic relationship,textmeaning,TBD,Google autocomplete: platonic vs romantic w,85
romantic vs platonic compliments wlw,textmeaning,TBD,Google autocomplete: platonic vs romantic w,85
friendly vs flirty eye contact,textmeaning,TBD,Google autocomplete: friendly vs flirty,85
friendly vs flirty touch,textmeaning,TBD,Google autocomplete: friendly vs flirty,85
friendly vs flirty smile,textmeaning,TBD,Google autocomplete: friendly vs flirty,85
friendly vs flirty hug,textmeaning,TBD,Google autocomplete: friendly vs flirty,85
friendly vs flirty banter,textmeaning,TBD,Google autocomplete: friendly vs flirty,85
friendly vs flirty teasing,textmeaning,TBD,Google autocomplete: friendly vs flirty,85
friendly vs flirty behavior,textmeaning,TBD,Google autocomplete: friendly vs flirty,85
friendly vs flirty body language,textmeaning,TBD,Google autocomplete: friendly vs flirty,85
friendly and flirty difference,textmeaning,TBD,Google autocomplete: friendly vs flirty a,85
friendly or flirting wlw,textmeaning,TBD,Google autocomplete: friendly vs flirty w,85
pet names meaning love,textmeaning,TBD,Google autocomplete: pet names meaning,85
pet names meaning moon,textmeaning,TBD,Google autocomplete: pet names meaning,85
pet names meaning relationship,textmeaning,TBD,Google autocomplete: pet names meaning,85
pet names meaning fast,textmeaning,TBD,Google autocomplete: pet names meaning,85
pet names meaning light,textmeaning,TBD,Google autocomplete: pet names meaning,85
pet names meaning fire,textmeaning,TBD,Google autocomplete: pet names meaning,85
pet names meaning blue,textmeaning,TBD,Google autocomplete: pet names meaning,85
pet names meaning red,textmeaning,TBD,Google autocomplete: pet names meaning,85
pet names meaning black,textmeaning,TBD,Google autocomplete: pet names meaning,85
pet names and meaning,textmeaning,TBD,Google autocomplete: pet names meaning a,85
pet names and meaning for boyfriend,textmeaning,TBD,Google autocomplete: pet names meaning a,85
dog names and meaning,textmeaning,TBD,Google autocomplete: pet names meaning a,85
dog names and meaning male,textmeaning,TBD,Google autocomplete: pet names meaning a,85
dog names and meaning female,textmeaning,TBD,Google autocomplete: pet names meaning a,85
animal names and meaning,textmeaning,TBD,Google autocomplete: pet names meaning a,85
yoruba pet names and meaning,textmeaning,TBD,Google autocomplete: pet names meaning a,85
pet names meaning hope,textmeaning,TBD,Google autocomplete: pet names meaning h,85
pet names meaning happy,textmeaning,TBD,Google autocomplete: pet names meaning h,85
pet names meaning heart,textmeaning,TBD,Google autocomplete: pet names meaning h,85
dog names meaning hope,textmeaning,TBD,Google autocomplete: pet names meaning h,85
dog names meaning heart,textmeaning,TBD,Google autocomplete: pet names meaning h,85
dog names meaning healer,textmeaning,TBD,Google autocomplete: pet names meaning h,85
pet names meaning white,textmeaning,TBD,Google autocomplete: pet names meaning w,85
pet names meaning water,textmeaning,TBD,Google autocomplete: pet names meaning w,85
pet names meaning warrior,textmeaning,TBD,Google autocomplete: pet names meaning w,85
pet names with meaning,textmeaning,TBD,Google autocomplete: pet names meaning w,85
dog names meaning white,textmeaning,TBD,Google autocomplete: pet names meaning w,85
dog names meaning warrior,textmeaning,TBD,Google autocomplete: pet names meaning w,85
dog names meaning wolf,textmeaning,TBD,Google autocomplete: pet names meaning w,85
dog names meaning water,textmeaning,TBD,Google autocomplete: pet names meaning w,85
animal names meaning white,textmeaning,TBD,Google autocomplete: pet names meaning w,85
dog names meaning wealth,textmeaning,TBD,Google autocomplete: pet names meaning w,85
good morning text for her,textmeaning,TBD,Google autocomplete: good morning text,85
good morning texts for him,textmeaning,TBD,Google autocomplete: good morning text,85
good morning text to make her smile,textmeaning,TBD,Google autocomplete: good morning text,85
good morning text to make him smile,textmeaning,TBD,Google autocomplete: good morning text,85
good morning text for girlfriend,textmeaning,TBD,Google autocomplete: good morning text,85
good morning text to boyfriend,textmeaning,TBD,Google autocomplete: good morning text,85
good morning text to make her fall in love,textmeaning,TBD,Google autocomplete: good morning text,85
good morning text messages,textmeaning,TBD,Google autocomplete: good morning text,85
good morning text to make him fall in love,textmeaning,TBD,Google autocomplete: good morning text,85
good morning text after first date,textmeaning,TBD,Google autocomplete: good morning text a,85
good morning text after an argument,textmeaning,TBD,Google autocomplete: good morning text a,85
good morning text alternatives,textmeaning,TBD,Google autocomplete: good morning text a,85
good morning text after a fight,textmeaning,TBD,Google autocomplete: good morning text a,85
good morning text after date,textmeaning,TBD,Google autocomplete: good morning text a,85
good morning text after a breakup,textmeaning,TBD,Google autocomplete: good morning text a,85
good morning text and happy sunday,textmeaning,TBD,Google autocomplete: good morning text a,85
good morning text her,textmeaning,TBD,Google autocomplete: good morning text h,85
good morning text him,textmeaning,TBD,Google autocomplete: good morning text h,85
good morning text husband,textmeaning,TBD,Google autocomplete: good morning text h,85
good morning text him to make him smile,textmeaning,TBD,Google autocomplete: good morning text h,85
good morning text hubby,textmeaning,TBD,Google autocomplete: good morning text h,85
good morning handsome text,textmeaning,TBD,Google autocomplete: good morning text h,85
good morning handsome text for him,textmeaning,TBD,Google autocomplete: good morning text h,85
good morning text without saying good morning,textmeaning,TBD,Google autocomplete: good morning text w,85
good morning text with emoji,textmeaning,TBD,Google autocomplete: good morning text w,85
good morning text with motivation,textmeaning,TBD,Google autocomplete: good morning text w,85
good morning text wishes,textmeaning,TBD,Google autocomplete: good morning text w,85
good morning text with love,textmeaning,TBD,Google autocomplete: good morning text w,85
good morning text wife,textmeaning,TBD,Google autocomplete: good morning text w,85
good morning text when she's on her period,textmeaning,TBD,Google autocomplete: good morning text w,85
good night text for her,textmeaning,TBD,Google autocomplete: good night text,85
good night text for him,textmeaning,TBD,Google autocomplete: good night text,85
good night text to make him smile,textmeaning,TBD,Google autocomplete: good night text,85
good night text to your girlfriend,textmeaning,TBD,Google autocomplete: good night text,85
good night text to boyfriend,textmeaning,TBD,Google autocomplete: good night text,85
good night text to make her smile,textmeaning,TBD,Google autocomplete: good night text,85
good night text messages,textmeaning,TBD,Google autocomplete: good night text,85
good night text messages for him,textmeaning,TBD,Google autocomplete: good night text,85
good night text to make her fall in love,textmeaning,TBD,Google autocomplete: good night text,85
good night text after an argument,textmeaning,TBD,Google autocomplete: good night text a,85
good night message after argument,textmeaning,TBD,Google autocomplete: good night text a,85
good night text him,textmeaning,TBD,Google autocomplete: good night text h,85
good night text her,textmeaning,TBD,Google autocomplete: good night text h,85
good night text husband,textmeaning,TBD,Google autocomplete: good night text h,85
good night message her,textmeaning,TBD,Google autocomplete: good night text h,85
good night message him,textmeaning,TBD,Google autocomplete: good night text h,85
good night message honey,textmeaning,TBD,Google autocomplete: good night text h,85
good night text with emoji,textmeaning,TBD,Google autocomplete: good night text w,85
good night text wishes,textmeaning,TBD,Google autocomplete: good night text w,85
good night text wife,textmeaning,TBD,Google autocomplete: good night text w,85
good night text whatsapp,textmeaning,TBD,Google autocomplete: good night text w,85
good night message wishes,textmeaning,TBD,Google autocomplete: good night text w,85
good night message images,textmeaning,TBD,Google autocomplete: good night text w,85
good night message with flowers,textmeaning,TBD,Google autocomplete: good night text w,85
good night message with love,textmeaning,TBD,Google autocomplete: good night text w,85
thinking of you texts for him,textmeaning,TBD,Google autocomplete: thinking of you text,85
thinking of you text message,textmeaning,TBD,Google autocomplete: thinking of you text,85
thinking of you text messages for him,textmeaning,TBD,Google autocomplete: thinking of you text,85
thinking of you texts to send him,textmeaning,TBD,Google autocomplete: thinking of you text,85
thinking of you texts for her,textmeaning,TBD,Google autocomplete: thinking of you text,85
thinking of you text to boyfriend,textmeaning,TBD,Google autocomplete: thinking of you text,85
thinking of you text messages for her,textmeaning,TBD,Google autocomplete: thinking of you text,85
thinking of you text messages for friend,textmeaning,TBD,Google autocomplete: thinking of you text,85
thinking of you text meaning,textmeaning,TBD,Google autocomplete: thinking of you text,85
thinking of you text to him,textmeaning,TBD,Google autocomplete: thinking of you text a,85
thinking of you text to her,textmeaning,TBD,Google autocomplete: thinking of you text a,85
thinking of you text to girlfriend,textmeaning,TBD,Google autocomplete: thinking of you text a,85
thinking of you text to wife,textmeaning,TBD,Google autocomplete: thinking of you text a,85
thinking of you text to friend,textmeaning,TBD,Google autocomplete: thinking of you text a,85
thinking of you text to ex,textmeaning,TBD,Google autocomplete: thinking of you text a,85
thinking of you text to husband,textmeaning,TBD,Google autocomplete: thinking of you text a,85
thinking of you text for him,textmeaning,TBD,Google autocomplete: thinking of you text h,85
thinking of you text for her,textmeaning,TBD,Google autocomplete: thinking of you text h,85
thinking of you text for him to make him smile,textmeaning,TBD,Google autocomplete: thinking of you text h,85
thinking of you text for him to fall in love,textmeaning,TBD,Google autocomplete: thinking of you text h,85
thinking of you text for her to make her smile,textmeaning,TBD,Google autocomplete: thinking of you text h,85
thinking of you emoji heart text,textmeaning,TBD,Google autocomplete: thinking of you text h,85
thinking of you emoji whatsapp text,textmeaning,TBD,Google autocomplete: thinking of you text w,85
was thinking of you text,textmeaning,TBD,Google autocomplete: thinking of you text w,85
woke up thinking of you text,textmeaning,TBD,Google autocomplete: thinking of you text w,85
was just thinking of you text,textmeaning,TBD,Google autocomplete: thinking of you text w,85
witty response to thinking of you text,textmeaning,TBD,Google autocomplete: thinking of you text w,85
what does a thinking of you text mean,textmeaning,TBD,Google autocomplete: thinking of you text w,85
what to say to thinking of you text,textmeaning,TBD,Google autocomplete: thinking of you text w,85
ways to text thinking of you,textmeaning,TBD,Google autocomplete: thinking of you text w,85
what to reply to thinking of you text,textmeaning,TBD,Google autocomplete: thinking of you text w,85
miss you texts for him,textmeaning,TBD,Google autocomplete: miss you text,85
miss you text for her,textmeaning,TBD,Google autocomplete: miss you text,85
miss you text messages,textmeaning,TBD,Google autocomplete: miss you text,85
miss you text message for him,textmeaning,TBD,Google autocomplete: miss you text,85
miss you text to boyfriend,textmeaning,TBD,Google autocomplete: miss you text,85
miss you text copy and paste,textmeaning,TBD,Google autocomplete: miss you text,85
miss you text message for her,textmeaning,TBD,Google autocomplete: miss you text,85
miss you text style,textmeaning,TBD,Google autocomplete: miss you text,85
miss you aai text,textmeaning,TBD,Google autocomplete: miss you text a,85
miss you text to her,textmeaning,TBD,Google autocomplete: miss you text a,85
miss you text to girlfriend,textmeaning,TBD,Google autocomplete: miss you text a,85
miss you text to husband,textmeaning,TBD,Google autocomplete: miss you text a,85
miss you text to ex,textmeaning,TBD,Google autocomplete: miss you text a,85
miss you text for husband,textmeaning,TBD,Google autocomplete: miss you text h,85
miss you text for her to make her smile,textmeaning,TBD,Google autocomplete: miss you text h,85
miss you text for her to make her cry,textmeaning,TBD,Google autocomplete: miss you text h,85
miss you whatsapp text,textmeaning,TBD,Google autocomplete: miss you text w,85
i miss you text with emoji,textmeaning,TBD,Google autocomplete: miss you text w,85
miss you text for wife,textmeaning,TBD,Google autocomplete: miss you text w,85
miss you emoji whatsapp text,textmeaning,TBD,Google autocomplete: miss you text w,85
miss you text for my wife,textmeaning,TBD,Google autocomplete: miss you text w,85
miss you shayari gujarati text with emoji,textmeaning,TBD,Google autocomplete: miss you text w,85
we miss you text,textmeaning,TBD,Google autocomplete: miss you text w,85
heart emoji meaning from a guy flirty,textmeaning,TBD,Google autocomplete: heart emoji meaning from a guy,85
heart emoji meanings from a guy friend,textmeaning,TBD,Google autocomplete: heart emoji meaning from a guy,85
red heart emoji meaning from a guy,textmeaning,TBD,Google autocomplete: heart emoji meaning from a guy,85
purple heart emoji meaning from a guy,textmeaning,TBD,Google autocomplete: heart emoji meaning from a guy,85
blue heart emoji meaning from a guy,textmeaning,TBD,Google autocomplete: heart emoji meaning from a guy,85
heart eyes emoji meaning from a guy,textmeaning,TBD,Google autocomplete: heart emoji meaning from a guy,85
pink heart emoji meaning from a guy,textmeaning,TBD,Google autocomplete: heart emoji meaning from a guy,85
white heart emoji meaning from a guy,textmeaning,TBD,Google autocomplete: heart emoji meaning from a guy,85
green heart emoji meaning from a guy,textmeaning,TBD,Google autocomplete: heart emoji meaning from a guy,85
heart emoji meaning from a guy to a girl,textmeaning,TBD,Google autocomplete: heart emoji meaning from a guy a,85
red heart emoji meaning from a guy to a girl,textmeaning,TBD,Google autocomplete: heart emoji meaning from a guy a,85
hugging heart emoji meaning from a guy to a girl,textmeaning,TBD,Google autocomplete: heart emoji meaning from a guy a,85
heart eyes emoji meaning from a guy to a girl,textmeaning,TBD,Google autocomplete: heart emoji meaning from a guy a,85
heart hands emoji meaning from a guy to a girl,textmeaning,TBD,Google autocomplete: heart emoji meaning from a guy a,85
white heart emoji meaning from a guy to a girl,textmeaning,TBD,Google autocomplete: heart emoji meaning from a guy a,85
blue heart emoji meaning from a guy to a girl,textmeaning,TBD,Google autocomplete: heart emoji meaning from a guy a,85
pink heart emoji meaning from a guy to a girl,textmeaning,TBD,Google autocomplete: heart emoji meaning from a guy a,85
black heart emoji meaning from a guy to a girl,textmeaning,TBD,Google autocomplete: heart emoji meaning from a guy a,85
heart hands emoji meaning from a guy,textmeaning,TBD,Google autocomplete: heart emoji meaning from a guy h,85
hugging heart emoji meaning from a guy,textmeaning,TBD,Google autocomplete: heart emoji meaning from a guy h,85
heart hands emoji meaning from a guy in whatsapp,textmeaning,TBD,Google autocomplete: heart emoji meaning from a guy h,85
heart hands emoji meaning from a guy flirty,textmeaning,TBD,Google autocomplete: heart emoji meaning from a guy h,85
holding heart emoji meaning from a guy,textmeaning,TBD,Google autocomplete: heart emoji meaning from a guy h,85
human heart emoji meaning from a guy,textmeaning,TBD,Google autocomplete: heart emoji meaning from a guy h,85
two hands heart emoji meaning from a guy,textmeaning,TBD,Google autocomplete: heart emoji meaning from a guy h,85
heart emoji meanings from a guy to a woman,textmeaning,TBD,Google autocomplete: heart emoji meaning from a guy w,85
red heart emoji meaning from a guy in whatsapp,textmeaning,TBD,Google autocomplete: heart emoji meaning from a guy w,85
whatsapp heart emoji meaning from a guy,textmeaning,TBD,Google autocomplete: heart emoji meaning from a guy w,85
wrapped heart emoji meaning from a guy,textmeaning,TBD,Google autocomplete: heart emoji meaning from a guy w,85
heart eyes emoji meaning from a guy in whatsapp,textmeaning,TBD,Google autocomplete: heart emoji meaning from a guy w,85
white heart emoji meaning from a guy friend,textmeaning,TBD,Google autocomplete: heart emoji meaning from a guy w,85
pink heart emoji meaning from a guy in whatsapp,textmeaning,TBD,Google autocomplete: heart emoji meaning from a guy w,85
white heart emoji meaning from a guy in whatsapp,textmeaning,TBD,Google autocomplete: heart emoji meaning from a guy w,85
he calls me cute but not beautiful,textmeaning,TBD,Google autocomplete: he calls me cute,85
he calls me cute all the time,textmeaning,TBD,Google autocomplete: he calls me cute,85
he calls me cute nicknames,textmeaning,TBD,Google autocomplete: he calls me cute,85
he calls me cute names,textmeaning,TBD,Google autocomplete: he calls me cute,85
he calls me cute a lot,textmeaning,TBD,Google autocomplete: he calls me cute,85
he calls me cute instead of beautiful,textmeaning,TBD,Google autocomplete: he calls me cute,85
he calls me cute meaning,textmeaning,TBD,Google autocomplete: he calls me cute,85
guy calls me cute,textmeaning,TBD,Google autocomplete: he calls me cute,85
boyfriend calls me cute all the time,textmeaning,TBD,Google autocomplete: he calls me cute a,85
he called me a pretty girl,textmeaning,TBD,Google autocomplete: he calls me cute a,85
he called me a pretty lady,textmeaning,TBD,Google autocomplete: he calls me cute a,85
why does he call me cute and not beautiful,textmeaning,TBD,Google autocomplete: he calls me cute a,85
he always calls me cute,textmeaning,TBD,Google autocomplete: he calls me cute a,85
call me cute again,textmeaning,TBD,Google autocomplete: he calls me cute a,85
why doesn't he call me pretty anymore,textmeaning,TBD,Google autocomplete: he calls me cute a,85
he calls me his lovely,textmeaning,TBD,Google autocomplete: he calls me cute h,85
he calls me his pretty girl,textmeaning,TBD,Google autocomplete: he calls me cute h,85
call me cute honestav,textmeaning,TBD,Google autocomplete: he calls me cute h,85
what does it mean if a girl calls me handsome,textmeaning,TBD,Google autocomplete: he calls me cute h,85
why do guys call me cute,textmeaning,TBD,Google autocomplete: he calls me cute h,85
he called me cute what does that mean,textmeaning,TBD,Google autocomplete: he calls me cute w,85
he called me pretty what does that mean,textmeaning,TBD,Google autocomplete: he calls me cute w,85
when he calls me cute,textmeaning,TBD,Google autocomplete: he calls me cute w,85
a guy called me cute what does it mean,textmeaning,TBD,Google autocomplete: he calls me cute w,85
call me cute without c and e,textmeaning,TBD,Google autocomplete: he calls me cute w,85
why he call me cute,textmeaning,TBD,Google autocomplete: he calls me cute w,85
he calls me beautiful like it's my name,textmeaning,TBD,Google autocomplete: he calls me beautiful,85
he calls me beautiful one,textmeaning,TBD,Google autocomplete: he calls me beautiful,85
he calls me beautiful everyday,textmeaning,TBD,Google autocomplete: he calls me beautiful,85
he calls me beautiful all the time,textmeaning,TBD,Google autocomplete: he calls me beautiful,85
he calls me beautiful scripture,textmeaning,TBD,Google autocomplete: he calls me beautiful,85
he called me a beautiful woman,textmeaning,TBD,Google autocomplete: he calls me beautiful a,85
he calls me beautiful and gorgeous,textmeaning,TBD,Google autocomplete: he calls me beautiful a,85
he called me a lovely lady,textmeaning,TBD,Google autocomplete: he calls me beautiful a,85
he calls me the beautiful one,textmeaning,TBD,Google autocomplete: he calls me beautiful a,85
guy calls me beautiful all the time,textmeaning,TBD,Google autocomplete: he calls me beautiful a,85
boyfriend calls me beautiful all the time,textmeaning,TBD,Google autocomplete: he calls me beautiful a,85
he calls me his beautiful girl,textmeaning,TBD,Google autocomplete: he calls me beautiful h,85
he called me beautiful when he was drunk,textmeaning,TBD,Google autocomplete: he calls me beautiful h,85
he calls me hot not beautiful,textmeaning,TBD,Google autocomplete: he calls me beautiful h,85
he calls me beautiful what should i call him,textmeaning,TBD,Google autocomplete: he calls me beautiful h,85
if he calls me beautiful what should i call him,textmeaning,TBD,Google autocomplete: he calls me beautiful h,85
they call me wonderful wicked,textmeaning,TBD,Google autocomplete: he calls me beautiful w,85
when he calls me beautiful,textmeaning,TBD,Google autocomplete: he calls me beautiful w,85
when he calls me beautiful but,textmeaning,TBD,Google autocomplete: he calls me beautiful w,85
talking stage questions to ask a guy,backlog-talking-stage,TBD,unqueried backlog; Google autocomplete: talking stage,80
talking stage questions to ask a girl,backlog-talking-stage,TBD,unqueried backlog; Google autocomplete: talking stage,80
how long should the talking stage last long distance,backlog-talking-stage,TBD,unqueried backlog; Google autocomplete: how long should the talking stage last,80
how long should the talking stage last before a relationship,backlog-talking-stage,TBD,unqueried backlog; Google autocomplete: how long should the talking stage last,80
how long should the talking stage last before dating,backlog-talking-stage,TBD,unqueried backlog; Google autocomplete: how long should the talking stage last,80
how long should the talking stage last before first date,backlog-talking-stage,TBD,unqueried backlog; Google autocomplete: how long should the talking stage last,80
how long should the talking stage last before meeting,backlog-talking-stage,TBD,unqueried backlog; Google autocomplete: how long should the talking stage last,80
how long should the talking stage last in a relationship,backlog-talking-stage,TBD,unqueried backlog; Google autocomplete: how long should the talking stage last,80
how long should the talking stage last for,backlog-talking-stage,TBD,unqueried backlog; Google autocomplete: how long should the talking stage last a,80
how long should the talking stage last with a girl,backlog-talking-stage,TBD,unqueried backlog; Google autocomplete: how long should the talking stage last a,80
how long does the talking stage last for,backlog-talking-stage,TBD,unqueried backlog; Google autocomplete: how long should the talking stage last a,80
how long does the talking stage last on average,backlog-talking-stage,TBD,unqueried backlog; Google autocomplete: how long should the talking stage last a,80
how long should a talking stage last before dating,backlog-talking-stage,TBD,unqueried backlog; Google autocomplete: how long should the talking stage last a,80
how long should a healthy talking stage last,backlog-talking-stage,TBD,unqueried backlog; Google autocomplete: how long should the talking stage last h,80
how long is too long for the talking stage,backlog-talking-stage,TBD,unqueried backlog; Google autocomplete: how long should the talking stage last h,80
what is a talking stage vs dating,backlog-talking-stage,TBD,unqueried backlog; Google autocomplete: talking stage vs dating a,80
talking stage red flags in a woman,backlog-talking-stage,TBD,unqueried backlog; Google autocomplete: talking stage red flags,80
talking stage questions to ask a guy over text,backlog-talking-stage,TBD,unqueried backlog; Google autocomplete: talking stage questions,80
talking stage questions to ask a girl over text,backlog-talking-stage,TBD,unqueried backlog; Google autocomplete: talking stage questions,80
talking stage questions to ask a boy,backlog-talking-stage,TBD,unqueried backlog; Google autocomplete: talking stage questions,80
talking stage questions to ask a guy about relationships,backlog-talking-stage,TBD,unqueried backlog; Google autocomplete: talking stage questions,80
talking stage questions to ask your crush,backlog-talking-stage,TBD,unqueried backlog; Google autocomplete: talking stage questions a,80
how often do you text in the talking stage,backlog-talking-stage,TBD,unqueried backlog; Google autocomplete: how often should you text in the talking stage,80
how much should you text in the talking stage,backlog-talking-stage,TBD,unqueried backlog; Google autocomplete: how often should you text in the talking stage,80
how often should we text in the talking stage,backlog-talking-stage,TBD,unqueried backlog; Google autocomplete: how often should you text in the talking stage,80
how often do you text your talking stage,backlog-talking-stage,TBD,unqueried backlog; Google autocomplete: how often should you text in the talking stage,80
how often should you text in a talking stage,backlog-talking-stage,TBD,unqueried backlog; Google autocomplete: how often should you text in the talking stage a,80
how often do you text in a talking stage,backlog-talking-stage,TBD,unqueried backlog; Google autocomplete: how often should you text in the talking stage a,80
how often should you text someone in a talking stage,backlog-talking-stage,TBD,unqueried backlog; Google autocomplete: how often should you text in the talking stage a,80
should you text everyday in the talking stage,backlog-talking-stage,TBD,unqueried backlog; Google autocomplete: how often should you text in the talking stage a,80
how often should you talk during the talking stage,backlog-talking-stage,TBD,unqueried backlog; Google autocomplete: how often should you text in the talking stage a,80
what to do after a failed talking stage,backlog-talking-stage,TBD,unqueried backlog; Google autocomplete: failed talking stage h,80
how to end a talking stage over text,backlog-talking-stage,TBD,unqueried backlog; Google autocomplete: how to end a talking stage,80
how to end a talking stage nicely with a guy,backlog-talking-stage,TBD,unqueried backlog; Google autocomplete: how to end a talking stage,80
how to end a talking stage without ghosting,backlog-talking-stage,TBD,unqueried backlog; Google autocomplete: how to end a talking stage,80
how to end a talking stage with someone,backlog-talking-stage,TBD,unqueried backlog; Google autocomplete: how to end a talking stage,80
how to end a talking stage with a girl,backlog-talking-stage,TBD,unqueried backlog; Google autocomplete: how to end a talking stage a,80
how to end a talking stage with a guy,backlog-talking-stage,TBD,unqueried backlog; Google autocomplete: how to end a talking stage a,80
how to stop a talking stage with a guy,backlog-talking-stage,TBD,unqueried backlog; Google autocomplete: how to end a talking stage a,80
how to end the talking stage with someone,backlog-talking-stage,TBD,unqueried backlog; Google autocomplete: how to end a talking stage a,80
how do you know when you're in the talking stage,backlog-talking-stage,TBD,unqueried backlog; Google autocomplete: how to know if talking stage is going well,80
how long does the average talking stage last,backlog-talking-stage,TBD,unqueried backlog; Google autocomplete: how to know if talking stage is going well,80
how to know if a talking stage is going well,backlog-talking-stage,TBD,unqueried backlog; Google autocomplete: how to know if talking stage is going well a,80
what does an exclusive talking stage mean,backlog-talking-stage,TBD,unqueried backlog; Google autocomplete: exclusive talking stage a,80
why do guys ghost after second date,backlog-ghosting,TBD,unqueried backlog; Google autocomplete: why do guys ghost,80
why do guys ghost instead of being honest,backlog-ghosting,TBD,unqueried backlog; Google autocomplete: why do guys ghost,80
why do guys ghost when things are going well,backlog-ghosting,TBD,unqueried backlog; Google autocomplete: why do guys ghost,80
why do guys ghost after first date,backlog-ghosting,TBD,unqueried backlog; Google autocomplete: why do guys ghost a,80
why do guys ghost after months of dating,backlog-ghosting,TBD,unqueried backlog; Google autocomplete: why do guys ghost a,80
why do guys ghost after showing interest,backlog-ghosting,TBD,unqueried backlog; Google autocomplete: why do guys ghost a,80
why do guys ghost after a good date,backlog-ghosting,TBD,unqueried backlog; Google autocomplete: why do guys ghost a,80
why do guys ghost and then come back,backlog-ghosting,TBD,unqueried backlog; Google autocomplete: why do guys ghost a,80
why do guys ghost after a good first date,backlog-ghosting,TBD,unqueried backlog; Google autocomplete: why do guys ghost a,80
why do guys randomly ghost you,backlog-ghosting,TBD,unqueried backlog; Google autocomplete: why do guys ghost a,80
why do guys ghost after hooking up,backlog-ghosting,TBD,unqueried backlog; Google autocomplete: why do guys ghost h,80
why do guys ghost on hinge,backlog-ghosting,TBD,unqueried backlog; Google autocomplete: why do guys ghost h,80
why do men ghost after hooking up,backlog-ghosting,TBD,unqueried backlog; Google autocomplete: why do guys ghost h,80
why do guys ghost you after hooking up,backlog-ghosting,TBD,unqueried backlog; Google autocomplete: why do guys ghost h,80
why do guys ghost you after hanging out,backlog-ghosting,TBD,unqueried backlog; Google autocomplete: why do guys ghost h,80
why do men ghost you after hitting it off,backlog-ghosting,TBD,unqueried backlog; Google autocomplete: why do guys ghost h,80
why do guys hook up and ghost,backlog-ghosting,TBD,unqueried backlog; Google autocomplete: why do guys ghost h,80
why did he ghost me but not delete me,backlog-ghosting,TBD,unqueried backlog; Google autocomplete: why did he ghost me,80
why did he ghost me but not block me,backlog-ghosting,TBD,unqueried backlog; Google autocomplete: why did he ghost me,80
why did he ghost me when things were going great,backlog-ghosting,TBD,unqueried backlog; Google autocomplete: why did he ghost me,80
why did he ghost me out of nowhere,backlog-ghosting,TBD,unqueried backlog; Google autocomplete: why did he ghost me,80
why did he ghost me after a great date,backlog-ghosting,TBD,unqueried backlog; Google autocomplete: why did he ghost me,80
why did he ghost me but not unfollow me,backlog-ghosting,TBD,unqueried backlog; Google autocomplete: why did he ghost me,80
why did he ghost me for no reason,backlog-ghosting,TBD,unqueried backlog; Google autocomplete: why did he ghost me,80
why did he ghost me but watches my stories,backlog-ghosting,TBD,unqueried backlog; Google autocomplete: why did he ghost me,80
why did he ghost me again,backlog-ghosting,TBD,unqueried backlog; Google autocomplete: why did he ghost me a,80
why did he ghost me after 5 years,backlog-ghosting,TBD,unqueried backlog; Google autocomplete: why did he ghost me a,80
why did he ghost me after 3 months,backlog-ghosting,TBD,unqueried backlog; Google autocomplete: why did he ghost me a,80
why did he ghost me after 2 years,backlog-ghosting,TBD,unqueried backlog; Google autocomplete: why did he ghost me a,80
why does he ghost me and come back,backlog-ghosting,TBD,unqueried backlog; Google autocomplete: why did he ghost me a,80
why did he ghost me all of a sudden,backlog-ghosting,TBD,unqueried backlog; Google autocomplete: why did he ghost me a,80
why did he ghost me and block me,backlog-ghosting,TBD,unqueried backlog; Google autocomplete: why did he ghost me a,80
why would he ghost me and not block me,backlog-ghosting,TBD,unqueried backlog; Google autocomplete: why did he ghost me a,80
why did he ask me out then ghost me,backlog-ghosting,TBD,unqueried backlog; Google autocomplete: why did he ghost me a,80
why did he suddenly ghost me,backlog-ghosting,TBD,unqueried backlog; Google autocomplete: why did he ghost me h,80
am i being ghosted or is he busy,backlog-ghosting,TBD,unqueried backlog; Google autocomplete: am i being ghosted,80
am i being ghosted or are they busy,backlog-ghosting,TBD,unqueried backlog; Google autocomplete: am i being ghosted,80
am i being ghosted after first date,backlog-ghosting,TBD,unqueried backlog; Google autocomplete: am i being ghosted a,80
am i being ghosted by a recruiter,backlog-ghosting,TBD,unqueried backlog; Google autocomplete: am i being ghosted a,80
am i being ghosted by a friend,backlog-ghosting,TBD,unqueried backlog; Google autocomplete: am i being ghosted a,80
why am i being ghosted by a guy,backlog-ghosting,TBD,unqueried backlog; Google autocomplete: am i being ghosted a,80
am i being ghosted on hinge,backlog-ghosting,TBD,unqueried backlog; Google autocomplete: am i being ghosted h,80
am i being ghosted or did something happen,backlog-ghosting,TBD,unqueried backlog; Google autocomplete: am i being ghosted h,80
how to know if i am being ghosted,backlog-ghosting,TBD,unqueried backlog; Google autocomplete: am i being ghosted h,80
why am i so hurt after being ghosted,backlog-ghosting,TBD,unqueried backlog; Google autocomplete: am i being ghosted h,80
how do you know when someone ghosted you,backlog-ghosting,TBD,unqueried backlog; Google autocomplete: am i being ghosted h,80
how to know if you're being ghosted,backlog-ghosting,TBD,unqueried backlog; Google autocomplete: am i being ghosted h,80
what should i do if i am being ghosted,backlog-ghosting,TBD,unqueried backlog; Google autocomplete: am i being ghosted h,80
being ghosted after a long term relationship,backlog-ghosting,TBD,unqueried backlog; Google autocomplete: being ghosted a,80
being ghosted after months of dating,backlog-ghosting,TBD,unqueried backlog; Google autocomplete: being ghosted a,80
what to do when you get ghosted by a guy,backlog-ghosting,TBD,unqueried backlog; Google autocomplete: what to do when you get ghosted,80
what to do when you get ghosted by a girl,backlog-ghosting,TBD,unqueried backlog; Google autocomplete: what to do when you get ghosted,80
what to do when you are ghosted,backlog-ghosting,TBD,unqueried backlog; Google autocomplete: what to do when you get ghosted,80
what to do when you find ghost room phasmophobia,backlog-ghosting,TBD,unqueried backlog; Google autocomplete: what to do when you get ghosted,80
what to do when you're ghosted,backlog-ghosting,TBD,unqueried backlog; Google autocomplete: what to do when you get ghosted,80
what to do when you ghost someone,backlog-ghosting,TBD,unqueried backlog; Google autocomplete: what to do when you get ghosted,80
when do you get ghost armor,backlog-ghosting,TBD,unqueried backlog; Google autocomplete: what to do when you get ghosted a,80
what to do when you see a ghost,backlog-ghosting,TBD,unqueried backlog; Google autocomplete: what to do when you get ghosted a,80
when do you get ghost armor tsushima,backlog-ghosting,TBD,unqueried backlog; Google autocomplete: what to do when you get ghosted a,80
what to do if your ghosted,backlog-ghosting,TBD,unqueried backlog; Google autocomplete: what to do when you get ghosted a,80
how to respond to ghosting by a friend,backlog-ghosting,TBD,unqueried backlog; Google autocomplete: how to respond to ghosting,80
how to respond to ghosting in a relationship,backlog-ghosting,TBD,unqueried backlog; Google autocomplete: how to respond to ghosting,80
how to respond to ghosting text,backlog-ghosting,TBD,unqueried backlog; Google autocomplete: how to respond to ghosting,80
how to respond to ghosting someone,backlog-ghosting,TBD,unqueried backlog; Google autocomplete: how to respond to ghosting,80
how to respond to ghosting from a guy,backlog-ghosting,TBD,unqueried backlog; Google autocomplete: how to respond to ghosting,80
how to respond to ghosting who come back,backlog-ghosting,TBD,unqueried backlog; Google autocomplete: how to respond to ghosting,80
how to respond to ghosting by family,backlog-ghosting,TBD,unqueried backlog; Google autocomplete: how to respond to ghosting,80
how to respond to a ghosting,backlog-ghosting,TBD,unqueried backlog; Google autocomplete: how to respond to ghosting a,80
how to respond to a ghost text,backlog-ghosting,TBD,unqueried backlog; Google autocomplete: how to respond to ghosting a,80
how to respond to anti ghost text,backlog-ghosting,TBD,unqueried backlog; Google autocomplete: how to respond to ghosting a,80
how to respond to man ghosting and coming back text,backlog-ghosting,TBD,unqueried backlog; Google autocomplete: how to respond to ghosting a,80
how to respond to someone after ghosting them,backlog-ghosting,TBD,unqueried backlog; Google autocomplete: how to respond to ghosting a,80
how to respond to text after ghosting,backlog-ghosting,TBD,unqueried backlog; Google autocomplete: how to respond to ghosting a,80
how to respond to someone who has ghosted you,backlog-ghosting,TBD,unqueried backlog; Google autocomplete: how to respond to ghosting h,80
how to respond to him after he ghosted,backlog-ghosting,TBD,unqueried backlog; Google autocomplete: how to respond to ghosting h,80
how to reply to someone who has ghosted you,backlog-ghosting,TBD,unqueried backlog; Google autocomplete: how to respond to ghosting h,80
ghosting after a great first date,backlog-ghosting,TBD,unqueried backlog; Google autocomplete: ghosting after first date a,80
is ghosting after a first date normal,backlog-ghosting,TBD,unqueried backlog; Google autocomplete: ghosting after first date a,80
ghosting someone after a first date,backlog-ghosting,TBD,unqueried backlog; Google autocomplete: ghosting after first date a,80
how common is ghosting after a first date,backlog-ghosting,TBD,unqueried backlog; Google autocomplete: ghosting after first date a,80
why do i always get ghosted after the first date,backlog-ghosting,TBD,unqueried backlog; Google autocomplete: ghosting after first date a,80
how common is ghosting after first date,backlog-ghosting,TBD,unqueried backlog; Google autocomplete: ghosting after first date h,80
how to handle ghosting after first date,backlog-ghosting,TBD,unqueried backlog; Google autocomplete: ghosting after first date h,80
how long is ghosting after first date,backlog-ghosting,TBD,unqueried backlog; Google autocomplete: ghosting after first date h,80
ghosting after a good first date,backlog-ghosting,TBD,unqueried backlog; Google autocomplete: ghosting after a good date,80
getting ghosted after a good date,backlog-ghosting,TBD,unqueried backlog; Google autocomplete: ghosting after a good date,80
ghosting after 3 months of dating,backlog-ghosting,TBD,unqueried backlog; Google autocomplete: ghosting after months of dating,80
ghosting after 2 months of dating,backlog-ghosting,TBD,unqueried backlog; Google autocomplete: ghosting after months of dating,80
ghosting after 6 months of dating,backlog-ghosting,TBD,unqueried backlog; Google autocomplete: ghosting after months of dating,80
ghosted after 4 months of dating,backlog-ghosting,TBD,unqueried backlog; Google autocomplete: ghosting after months of dating,80
ghosted after 8 months of dating,backlog-ghosting,TBD,unqueried backlog; Google autocomplete: ghosting after months of dating,80
ghosted after 5 months of dating,backlog-ghosting,TBD,unqueried backlog; Google autocomplete: ghosting after months of dating,80
ghosting after a month of dating,backlog-ghosting,TBD,unqueried backlog; Google autocomplete: ghosting after months of dating a,80
why is my slow motion choppy,backlog-ghosting,TBD,unqueried backlog; Google autocomplete: ghosting vs slow fading,80
he came back after ghosting me,backlog-ghosting,TBD,unqueried backlog; Google autocomplete: he came back after ghosting,80
she came back after ghosting me,backlog-ghosting,TBD,unqueried backlog; Google autocomplete: he came back after ghosting,80
he came back then ghosted me,backlog-ghosting,TBD,unqueried backlog; Google autocomplete: he came back after ghosting,80
will he come back after ghosting me,backlog-ghosting,TBD,unqueried backlog; Google autocomplete: he came back after ghosting,80
will he come back after ghosting,backlog-ghosting,TBD,unqueried backlog; Google autocomplete: he came back after ghosting,80
do they come back after ghosting,backlog-ghosting,TBD,unqueried backlog; Google autocomplete: he came back after ghosting,80
will she come back after ghosting me,backlog-ghosting,TBD,unqueried backlog; Google autocomplete: he came back after ghosting,80
when a guy comes back after ghosting,backlog-ghosting,TBD,unqueried backlog; Google autocomplete: he came back after ghosting,80
why do ghosters come back like nothing happened,backlog-ghosting,TBD,unqueried backlog; Google autocomplete: why do ghosters come back,80
why do ghosters always come back,backlog-ghosting,TBD,unqueried backlog; Google autocomplete: why do ghosters come back,80
why does a ghoster come back,backlog-ghosting,TBD,unqueried backlog; Google autocomplete: why do ghosters come back,80
do ghosters come back after months,backlog-ghosting,TBD,unqueried backlog; Google autocomplete: why do ghosters come back,80
do ghosters come back after no contact,backlog-ghosting,TBD,unqueried backlog; Google autocomplete: why do ghosters come back,80
do ghosters come back after years,backlog-ghosting,TBD,unqueried backlog; Google autocomplete: why do ghosters come back,80
do ghosters come back more than once,backlog-ghosting,TBD,unqueried backlog; Google autocomplete: why do ghosters come back,80
why ghosters always come back,backlog-ghosting,TBD,unqueried backlog; Google autocomplete: why do ghosters come back,80
why do guys ghost then come back,backlog-ghosting,TBD,unqueried backlog; Google autocomplete: why do ghosters come back h,80
can you come back from ghosting,backlog-ghosting,TBD,unqueried backlog; Google autocomplete: why do ghosters come back h,80
what to text someone who ghosted you and came back,backlog-ghosting,TBD,unqueried backlog; Google autocomplete: what to text someone who ghosted you,80
what to text a guy who ghosted you,backlog-ghosting,TBD,unqueried backlog; Google autocomplete: what to text someone who ghosted you,80
what to text back to someone who ghosted you,backlog-ghosting,TBD,unqueried backlog; Google autocomplete: what to text someone who ghosted you,80
what to text a man who ghosted you,backlog-ghosting,TBD,unqueried backlog; Google autocomplete: what to text someone who ghosted you,80
what to text someone after they ghosted you,backlog-ghosting,TBD,unqueried backlog; Google autocomplete: what to text someone who ghosted you a,80
what to text someone after you ghosted them,backlog-ghosting,TBD,unqueried backlog; Google autocomplete: what to text someone who ghosted you a,80
what to text to a friend who ghosted you,backlog-ghosting,TBD,unqueried backlog; Google autocomplete: what to text someone who ghosted you a,80
is it okay to text someone who ghosted you,backlog-ghosting,TBD,unqueried backlog; Google autocomplete: what to text someone who ghosted you a,80
what to message someone who ghosted you,backlog-ghosting,TBD,unqueried backlog; Google autocomplete: what to text someone who ghosted you a,80
what to text someone who has ghosted you,backlog-ghosting,TBD,unqueried backlog; Google autocomplete: what to text someone who ghosted you h,80
what to text a guy who has ghosted you,backlog-ghosting,TBD,unqueried backlog; Google autocomplete: what to text someone who ghosted you h,80
what to text a guy after he ghosted you,backlog-ghosting,TBD,unqueried backlog; Google autocomplete: what to text someone who ghosted you h,80
how to text someone who ghosted you,backlog-ghosting,TBD,unqueried backlog; Google autocomplete: what to text someone who ghosted you h,80
texting habits of a guy who likes you,backlog-texting,TBD,unqueried backlog; Google autocomplete: texting habits,80
texting habits of older guys,backlog-texting,TBD,unqueried backlog; Google autocomplete: texting habits,80
texting habits of a girl who likes you,backlog-texting,TBD,unqueried backlog; Google autocomplete: texting habits,80
texting habits and relationships psychology,backlog-texting,TBD,unqueried backlog; Google autocomplete: texting habits a,80
healthy texting habits in a relationship,backlog-texting,TBD,unqueried backlog; Google autocomplete: texting habits a,80
texting everyday in a relationship,backlog-texting,TBD,unqueried backlog; Google autocomplete: texting in a relationship,80
texting in a new relationship,backlog-texting,TBD,unqueried backlog; Google autocomplete: texting in a relationship,80
texting rules in a relationship,backlog-texting,TBD,unqueried backlog; Google autocomplete: texting in a relationship,80
texting in a casual relationship,backlog-texting,TBD,unqueried backlog; Google autocomplete: texting in a relationship,80
texting all day in a relationship,backlog-texting,TBD,unqueried backlog; Google autocomplete: texting in a relationship a,80
texting another girl while in a relationship,backlog-texting,TBD,unqueried backlog; Google autocomplete: texting in a relationship a,80
texting another man while in a relationship,backlog-texting,TBD,unqueried backlog; Google autocomplete: texting in a relationship a,80
texting an ex while in a relationship,backlog-texting,TBD,unqueried backlog; Google autocomplete: texting in a relationship a,80
normal amount of texting in a relationship,backlog-texting,TBD,unqueried backlog; Google autocomplete: texting in a relationship a,80
i hate texting in a relationship,backlog-texting,TBD,unqueried backlog; Google autocomplete: texting in a relationship h,80
how much texting in a relationship,backlog-texting,TBD,unqueried backlog; Google autocomplete: texting in a relationship h,80
how important is texting in a relationship,backlog-texting,TBD,unqueried backlog; Google autocomplete: texting in a relationship h,80
how texting changes in a relationship,backlog-texting,TBD,unqueried backlog; Google autocomplete: texting in a relationship h,80
healthy amount of texting in a relationship,backlog-texting,TBD,unqueried backlog; Google autocomplete: texting in a relationship h,80
texting etiquette when first dating,backlog-texting,TBD,unqueried backlog; Google autocomplete: texting etiquette dating,80
how often should couples text each other,backlog-texting,TBD,unqueried backlog; Google autocomplete: how often should couples text,80
how often should couples text a day,backlog-texting,TBD,unqueried backlog; Google autocomplete: how often should couples text,80
how often should couples text long distance,backlog-texting,TBD,unqueried backlog; Google autocomplete: how often should couples text,80
how often should couples text throughout the day,backlog-texting,TBD,unqueried backlog; Google autocomplete: how often should couples text,80
how often do couples text a day,backlog-texting,TBD,unqueried backlog; Google autocomplete: how often should couples text,80
how often do couples text each other,backlog-texting,TBD,unqueried backlog; Google autocomplete: how often should couples text,80
how often do couples text throughout the day,backlog-texting,TBD,unqueried backlog; Google autocomplete: how often should couples text,80
how much should couples text a day,backlog-texting,TBD,unqueried backlog; Google autocomplete: how often should couples text a,80
how much do couples text a day,backlog-texting,TBD,unqueried backlog; Google autocomplete: how often should couples text a,80
how often should a couple text,backlog-texting,TBD,unqueried backlog; Google autocomplete: how often should couples text a,80
how often should a couple text each other,backlog-texting,TBD,unqueried backlog; Google autocomplete: how often should couples text a,80
how much should a couple text,backlog-texting,TBD,unqueried backlog; Google autocomplete: how often should couples text a,80
how often should a new couple text,backlog-texting,TBD,unqueried backlog; Google autocomplete: how often should couples text a,80
how often do healthy couples text,backlog-texting,TBD,unqueried backlog; Google autocomplete: how often should couples text h,80
how often should a guy text you in the beginning,backlog-texting,TBD,unqueried backlog; Google autocomplete: how often should a guy text you,80
how often should a man text you,backlog-texting,TBD,unqueried backlog; Google autocomplete: how often should a guy text you,80
how much should a guy text you,backlog-texting,TBD,unqueried backlog; Google autocomplete: how often should a guy text you,80
how long should a guy text you after first date,backlog-texting,TBD,unqueried backlog; Google autocomplete: how often should a guy text you,80
how often should a guy text if he likes you,backlog-texting,TBD,unqueried backlog; Google autocomplete: how often should a guy text you,80
how often should a guy text you if he's interested,backlog-texting,TBD,unqueried backlog; Google autocomplete: how often should a guy text you,80
how long should a guy text you after a date,backlog-texting,TBD,unqueried backlog; Google autocomplete: how often should a guy text you a,80
when should a guy text you after first date,backlog-texting,TBD,unqueried backlog; Google autocomplete: how often should a guy text you a,80
when should a guy text you after date,backlog-texting,TBD,unqueried backlog; Google autocomplete: how often should a guy text you a,80
how often does a guy text if he likes you,backlog-texting,TBD,unqueried backlog; Google autocomplete: how often should a guy text you h,80
how often will a guy text if he likes you,backlog-texting,TBD,unqueried backlog; Google autocomplete: how often should a guy text you h,80
how to respond when a guy texts you hey,backlog-texting,TBD,unqueried backlog; Google autocomplete: how often should a guy text you h,80
should a guy text you everyday,backlog-texting,TBD,unqueried backlog; Google autocomplete: how often should a guy text you h,80
how to stop overthinking texting a girl,backlog-texting,TBD,unqueried backlog; Google autocomplete: how to stop overthinking texts,80
how to stop overthinking my texts,backlog-texting,TBD,unqueried backlog; Google autocomplete: how to stop overthinking texts,80
how to stop overthinking every text,backlog-texting,TBD,unqueried backlog; Google autocomplete: how to stop overthinking texts,80
why do i overthink text messages,backlog-texting,TBD,unqueried backlog; Google autocomplete: how to stop overthinking texts,80
how to stop overthinking about texts,backlog-texting,TBD,unqueried backlog; Google autocomplete: how to stop overthinking texts a,80
how to stop overthinking after sending a text,backlog-texting,TBD,unqueried backlog; Google autocomplete: how to stop overthinking texts a,80
is texting anxiety a real thing,backlog-texting,TBD,unqueried backlog; Google autocomplete: texting anxiety a,80
why does texting give me anxiety,backlog-texting,TBD,unqueried backlog; Google autocomplete: texting anxiety h,80
texting chemistry vs in person,backlog-texting,TBD,unqueried backlog; Google autocomplete: texting chemistry,80
bad texter or not into you,backlog-texting,TBD,unqueried backlog; Google autocomplete: bad texter or not interested,80
bad texter or not into me,backlog-texting,TBD,unqueried backlog; Google autocomplete: bad texter or not interested,80
bad at texting or not interested,backlog-texting,TBD,unqueried backlog; Google autocomplete: bad texter or not interested,80
is he a bad texter or not interested,backlog-texting,TBD,unqueried backlog; Google autocomplete: bad texter or not interested,80
are they a bad texter or not interested,backlog-texting,TBD,unqueried backlog; Google autocomplete: bad texter or not interested,80
is she a bad texter or just not interested,backlog-texting,TBD,unqueried backlog; Google autocomplete: bad texter or not interested a,80
how to not be a bad texter,backlog-texting,TBD,unqueried backlog; Google autocomplete: bad texter or not interested a,80
what makes a bad texter,backlog-texting,TBD,unqueried backlog; Google autocomplete: bad texter or not interested h,80
what does bad texter mean,backlog-texting,TBD,unqueried backlog; Google autocomplete: bad texter or not interested h,80
dry texter but great in person,backlog-texting,TBD,unqueried backlog; Google autocomplete: dry texter,80
how to respond to dry texts from a guy,backlog-texting,TBD,unqueried backlog; Google autocomplete: how to respond to dry texts,80
how to respond to dry texts from a girl,backlog-texting,TBD,unqueried backlog; Google autocomplete: how to respond to dry texts,80
how to respond to dry texts on tinder,backlog-texting,TBD,unqueried backlog; Google autocomplete: how to respond to dry texts,80
how to reply to dry texts,backlog-texting,TBD,unqueried backlog; Google autocomplete: how to respond to dry texts,80
how to respond to a dry text,backlog-texting,TBD,unqueried backlog; Google autocomplete: how to respond to dry texts a,80
how to respond to a dry text message,backlog-texting,TBD,unqueried backlog; Google autocomplete: how to respond to dry texts a,80
how to respond to a dry text on hinge,backlog-texting,TBD,unqueried backlog; Google autocomplete: how to respond to dry texts a,80
how to answer to a dry text,backlog-texting,TBD,unqueried backlog; Google autocomplete: how to respond to dry texts a,80
how to respond to a dry hi text,backlog-texting,TBD,unqueried backlog; Google autocomplete: how to respond to dry texts a,80
how do you respond to dry texts,backlog-texting,TBD,unqueried backlog; Google autocomplete: how to respond to dry texts a,80
how to not be a dry texter with a girl,backlog-texting,TBD,unqueried backlog; Google autocomplete: how to not be a dry texter,80
how to not be a dry texter with your crush,backlog-texting,TBD,unqueried backlog; Google autocomplete: how to not be a dry texter,80
how to not be a dry texter wikihow,backlog-texting,TBD,unqueried backlog; Google autocomplete: how to not be a dry texter,80
how to not be a dry texter with friends,backlog-texting,TBD,unqueried backlog; Google autocomplete: how to not be a dry texter,80
how to not be a boring texter,backlog-texting,TBD,unqueried backlog; Google autocomplete: how to not be a dry texter,80
how to not be a dry text,backlog-texting,TBD,unqueried backlog; Google autocomplete: how to not be a dry texter,80
how to not be a dry texter in a relationship,backlog-texting,TBD,unqueried backlog; Google autocomplete: how to not be a dry texter a,80
how to not be a dry texter as a guy,backlog-texting,TBD,unqueried backlog; Google autocomplete: how to not be a dry texter a,80
how to not be dry at texting,backlog-texting,TBD,unqueried backlog; Google autocomplete: how to not be a dry texter a,80
how do i not be a dry texter,backlog-texting,TBD,unqueried backlog; Google autocomplete: how to not be a dry texter a,80
how to not have a dry text conversation,backlog-texting,TBD,unqueried backlog; Google autocomplete: how to not be a dry texter h,80
how to not have a dry text,backlog-texting,TBD,unqueried backlog; Google autocomplete: how to not be a dry texter h,80
how to make a dry texter not dry,backlog-texting,TBD,unqueried backlog; Google autocomplete: how to not be a dry texter h,80
what counts as double texting,backlog-texting,TBD,unqueried backlog; Google autocomplete: double texting rules,80
what is considered double texting,backlog-texting,TBD,unqueried backlog; Google autocomplete: double texting rules,80
is double texting bad on hinge,backlog-texting,TBD,unqueried backlog; Google autocomplete: is double texting bad,80
is double texting bad on tinder,backlog-texting,TBD,unqueried backlog; Google autocomplete: is double texting bad,80
is double texting bad in a relationship,backlog-texting,TBD,unqueried backlog; Google autocomplete: is double texting bad,80
is double texting bad on dating apps,backlog-texting,TBD,unqueried backlog; Google autocomplete: is double texting bad,80
is double texting bad in dating,backlog-texting,TBD,unqueried backlog; Google autocomplete: is double texting bad,80
is double texting a bad thing,backlog-texting,TBD,unqueried backlog; Google autocomplete: is double texting bad,80
is double texting a bad idea,backlog-texting,TBD,unqueried backlog; Google autocomplete: is double texting bad a,80
is double texting a bad look,backlog-texting,TBD,unqueried backlog; Google autocomplete: is double texting bad a,80
is double texting a girl bad,backlog-texting,TBD,unqueried backlog; Google autocomplete: is double texting bad a,80
why is double texting seen as bad,backlog-texting,TBD,unqueried backlog; Google autocomplete: is double texting bad a,80
how bad is double texting a girl,backlog-texting,TBD,unqueried backlog; Google autocomplete: is double texting bad h,80
why you shouldn't double text,backlog-texting,TBD,unqueried backlog; Google autocomplete: is double texting bad h,80
should i double text a girl,backlog-texting,TBD,unqueried backlog; Google autocomplete: should i double text,80
should i double text on hinge,backlog-texting,TBD,unqueried backlog; Google autocomplete: should i double text,80
should i double text a guy,backlog-texting,TBD,unqueried backlog; Google autocomplete: should i double text,80
should i double text on tinder,backlog-texting,TBD,unqueried backlog; Google autocomplete: should i double text,80
should i double text after a week,backlog-texting,TBD,unqueried backlog; Google autocomplete: should i double text,80
should i double text after a day,backlog-texting,TBD,unqueried backlog; Google autocomplete: should i double text a,80
should i double text a guy on hinge,backlog-texting,TBD,unqueried backlog; Google autocomplete: should i double text a,80
should i double text after being left on read,backlog-texting,TBD,unqueried backlog; Google autocomplete: should i double text a,80
should i double text after first date,backlog-texting,TBD,unqueried backlog; Google autocomplete: should i double text a,80
should i double text a friend,backlog-texting,TBD,unqueried backlog; Google autocomplete: should i double text a,80
should i double text her after a day,backlog-texting,TBD,unqueried backlog; Google autocomplete: should i double text h,80
should i double text him or wait,backlog-texting,TBD,unqueried backlog; Google autocomplete: should i double text h,80
should i double text her or wait,backlog-texting,TBD,unqueried backlog; Google autocomplete: should i double text h,80
should i double text her after a week,backlog-texting,TBD,unqueried backlog; Google autocomplete: should i double text h,80
how long to wait before double texting a girl,backlog-texting,TBD,unqueried backlog; Google autocomplete: how long to wait before double texting,80
how long to wait before double texting on hinge,backlog-texting,TBD,unqueried backlog; Google autocomplete: how long to wait before double texting,80
how long to wait before double texting on tinder,backlog-texting,TBD,unqueried backlog; Google autocomplete: how long to wait before double texting,80
how long to wait before double texting on dating app,backlog-texting,TBD,unqueried backlog; Google autocomplete: how long to wait before double texting,80
how long to wait until double texting,backlog-texting,TBD,unqueried backlog; Google autocomplete: how long to wait before double texting,80
how long to wait for double text,backlog-texting,TBD,unqueried backlog; Google autocomplete: how long to wait before double texting,80
how long is appropriate to wait before double texting,backlog-texting,TBD,unqueried backlog; Google autocomplete: how long to wait before double texting,80
how long to wait before a double text,backlog-texting,TBD,unqueried backlog; Google autocomplete: how long to wait before double texting a,80
how long to wait before sending a double text,backlog-texting,TBD,unqueried backlog; Google autocomplete: how long to wait before double texting a,80
how long to wait before sending a second text,backlog-texting,TBD,unqueried backlog; Google autocomplete: how long to wait before double texting a,80
how long to wait for text after second date,backlog-texting,TBD,unqueried backlog; Google autocomplete: how long to wait before double texting a,80
how long to wait before double texting hinge,backlog-texting,TBD,unqueried backlog; Google autocomplete: how long to wait before double texting h,80
texting after first date but no plans,backlog-texting,TBD,unqueried backlog; Google autocomplete: texting after first date,80
texting after first date corey wayne,backlog-texting,TBD,unqueried backlog; Google autocomplete: texting after first date,80
texting after first date etiquette,backlog-texting,TBD,unqueried backlog; Google autocomplete: texting after first date,80
texting after first date hinge,backlog-texting,TBD,unqueried backlog; Google autocomplete: texting after first date,80
text after first date not interested,backlog-texting,TBD,unqueried backlog; Google autocomplete: texting after first date,80
text after first date then nothing,backlog-texting,TBD,unqueried backlog; Google autocomplete: texting after first date,80
texting first after a date,backlog-texting,TBD,unqueried backlog; Google autocomplete: texting after first date a,80
texting a girl after first date,backlog-texting,TBD,unqueried backlog; Google autocomplete: texting after first date a,80
texting a lot after first date,backlog-texting,TBD,unqueried backlog; Google autocomplete: texting after first date a,80
texting a week after first date,backlog-texting,TBD,unqueried backlog; Google autocomplete: texting after first date a,80
texting a guy after first date,backlog-texting,TBD,unqueried backlog; Google autocomplete: texting after first date a,80
texting after a good first date,backlog-texting,TBD,unqueried backlog; Google autocomplete: texting after first date a,80
texting her after first date,backlog-texting,TBD,unqueried backlog; Google autocomplete: texting after first date h,80
texting him after first date,backlog-texting,TBD,unqueried backlog; Google autocomplete: texting after first date h,80
flirty text after first date for him,backlog-texting,TBD,unqueried backlog; Google autocomplete: texting after first date h,80
after first date he texts less,backlog-texting,TBD,unqueried backlog; Google autocomplete: texting after first date h,80
how much texting after first date,backlog-texting,TBD,unqueried backlog; Google autocomplete: texting after first date h,80
how often texting after first date,backlog-texting,TBD,unqueried backlog; Google autocomplete: texting after first date h,80
texting everyday after second date,backlog-texting,TBD,unqueried backlog; Google autocomplete: texting after second date,80
texting after a second date,backlog-texting,TBD,unqueried backlog; Google autocomplete: texting after second date a,80
texting a girl after second date,backlog-texting,TBD,unqueried backlog; Google autocomplete: texting after second date a,80
should i text after second date,backlog-texting,TBD,unqueried backlog; Google autocomplete: texting after second date a,80
after second date he stopped texting,backlog-texting,TBD,unqueried backlog; Google autocomplete: texting after second date h,80
how much texting after second date,backlog-texting,TBD,unqueried backlog; Google autocomplete: texting after second date h,80
how often texting after second date,backlog-texting,TBD,unqueried backlog; Google autocomplete: texting after second date h,80
how long after second date should he text,backlog-texting,TBD,unqueried backlog; Google autocomplete: texting after second date h,80
when to text someone after a first date,backlog-texting,TBD,unqueried backlog; Google autocomplete: when to text after a first date,80
when to text after a good first date,backlog-texting,TBD,unqueried backlog; Google autocomplete: when to text after a first date,80
when to text back after a first date,backlog-texting,TBD,unqueried backlog; Google autocomplete: when to text after a first date,80
when to text her after a first date,backlog-texting,TBD,unqueried backlog; Google autocomplete: when to text after a first date,80
when to text after first date corey wayne,backlog-texting,TBD,unqueried backlog; Google autocomplete: when to text after a first date,80
when to text after first date hinge,backlog-texting,TBD,unqueried backlog; Google autocomplete: when to text after a first date,80
when to text a guy after a first date,backlog-texting,TBD,unqueried backlog; Google autocomplete: when to text after a first date,80
when to text a girl after a first date,backlog-texting,TBD,unqueried backlog; Google autocomplete: when to text after a first date,80
when to text again after first date,backlog-texting,TBD,unqueried backlog; Google autocomplete: when to text after a first date a,80
when to text after the first date,backlog-texting,TBD,unqueried backlog; Google autocomplete: when to text after a first date a,80
when to expect a text after a first date,backlog-texting,TBD,unqueried backlog; Google autocomplete: when to text after a first date a,80
when to text her after the first date,backlog-texting,TBD,unqueried backlog; Google autocomplete: when to text after a first date a,80
when to text back after the first date,backlog-texting,TBD,unqueried backlog; Google autocomplete: when to text after a first date a,80
when to text a girl after a good first date,backlog-texting,TBD,unqueried backlog; Google autocomplete: when to text after a first date a,80
when should he text after a first date,backlog-texting,TBD,unqueried backlog; Google autocomplete: when to text after a first date h,80
when to text him after first date,backlog-texting,TBD,unqueried backlog; Google autocomplete: when to text after a first date h,80
how to text after a first date,backlog-texting,TBD,unqueried backlog; Google autocomplete: when to text after a first date h,80
how long should you wait to text after a date,backlog-texting,TBD,unqueried backlog; Google autocomplete: when to text after a first date h,80
good morning text meaning from a guy,backlog-texting,TBD,unqueried backlog; Google autocomplete: good morning texts meaning,80
good morning text meaning from a girl,backlog-texting,TBD,unqueried backlog; Google autocomplete: good morning texts meaning,80
good morning text meaning for her,backlog-texting,TBD,unqueried backlog; Google autocomplete: good morning texts meaning,80
good morning and goodnight texts meaning,backlog-texting,TBD,unqueried backlog; Google autocomplete: good morning texts meaning,80
do good morning texts mean anything,backlog-texting,TBD,unqueried backlog; Google autocomplete: good morning texts meaning a,80
what are the good morning text message,backlog-texting,TBD,unqueried backlog; Google autocomplete: good morning texts meaning a,80
what to say for good morning text,backlog-texting,TBD,unqueried backlog; Google autocomplete: good morning texts meaning a,80
what are cute good morning texts,backlog-texting,TBD,unqueried backlog; Google autocomplete: good morning texts meaning a,80
what is a good morning text,backlog-texting,TBD,unqueried backlog; Google autocomplete: good morning texts meaning h,80
what does a good morning text mean,backlog-texting,TBD,unqueried backlog; Google autocomplete: good morning texts meaning h,80
have a good night text meaning,backlog-texting,TBD,unqueried backlog; Google autocomplete: good night texts meaning,80
what are good night messages,backlog-texting,TBD,unqueried backlog; Google autocomplete: good night texts meaning a,80
should you text goodnight every night,backlog-texting,TBD,unqueried backlog; Google autocomplete: good night texts meaning a,80
he watches my stories but doesn t text me,backlog-texting,TBD,unqueried backlog; Google autocomplete: he watches my stories but doesnt text,80
he watches my stories but doesn't text,backlog-texting,TBD,unqueried backlog; Google autocomplete: he watches my stories but doesnt text,80
he watches my stories but doesn't text me back,backlog-texting,TBD,unqueried backlog; Google autocomplete: he watches my stories but doesnt text,80
he looks at my stories but doesn t text me,backlog-texting,TBD,unqueried backlog; Google autocomplete: he watches my stories but doesnt text,80
she watches my stories but doesn t text me,backlog-texting,TBD,unqueried backlog; Google autocomplete: he watches my stories but doesnt text,80
she doesn't text back but watches my stories,backlog-texting,TBD,unqueried backlog; Google autocomplete: he watches my stories but doesnt text,80
he watches all my stories but doesn t text me,backlog-texting,TBD,unqueried backlog; Google autocomplete: he watches my stories but doesnt text,80
he watches my instagram stories but doesn t text me,backlog-texting,TBD,unqueried backlog; Google autocomplete: he watches my stories but doesnt text,80
she looks at my stories but doesn t text me,backlog-texting,TBD,unqueried backlog; Google autocomplete: he watches my stories but doesnt text,80
he always watches my stories but doesn t text me,backlog-texting,TBD,unqueried backlog; Google autocomplete: he watches my stories but doesnt text a,80
she watches all my stories but doesn t text me,backlog-texting,TBD,unqueried backlog; Google autocomplete: he watches my stories but doesnt text a,80
why does he watch my stories but not text me,backlog-texting,TBD,unqueried backlog; Google autocomplete: he watches my stories but doesnt text a,80
he is online but not replying to me,backlog-texting,TBD,unqueried backlog; Google autocomplete: he is online but not replying,80
she is online but not replying,backlog-texting,TBD,unqueried backlog; Google autocomplete: he is online but not replying,80
he is online but not responding,backlog-texting,TBD,unqueried backlog; Google autocomplete: he is online but not replying,80
he's online but not replying to my text,backlog-texting,TBD,unqueried backlog; Google autocomplete: he is online but not replying,80
he is online on whatsapp but not replying,backlog-texting,TBD,unqueried backlog; Google autocomplete: he is online but not replying,80
signs a guy likes you but is hiding it,backlog-interest,TBD,unqueried backlog; Google autocomplete: signs a guy likes you,80
signs a guy likes you through text,backlog-interest,TBD,unqueried backlog; Google autocomplete: signs a guy likes you,80
signs a guy likes you but is intimidated,backlog-interest,TBD,unqueried backlog; Google autocomplete: signs a guy likes you,80
signs a guy likes you at the gym,backlog-interest,TBD,unqueried backlog; Google autocomplete: signs a guy likes you,80
signs a guy likes you but is shy,backlog-interest,TBD,unqueried backlog; Google autocomplete: signs a guy likes you,80
signs a guy likes you body language,backlog-interest,TBD,unqueried backlog; Google autocomplete: signs a guy likes you,80
signs a guy likes you as a friend,backlog-interest,TBD,unqueried backlog; Google autocomplete: signs a guy likes you a,80
signs a guy likes you after first date,backlog-interest,TBD,unqueried backlog; Google autocomplete: signs a guy likes you a,80
signs a guy likes you at first sight,backlog-interest,TBD,unqueried backlog; Google autocomplete: signs a guy likes you a,80
signs a guy likes you as a friend only,backlog-interest,TBD,unqueried backlog; Google autocomplete: signs a guy likes you a,80
signs if he likes you,backlog-interest,TBD,unqueried backlog; Google autocomplete: signs a guy likes you a,80
signs a guy likes you but hides it,backlog-interest,TBD,unqueried backlog; Google autocomplete: signs a guy likes you h,80
how to know if a guy likes you signs,backlog-interest,TBD,unqueried backlog; Google autocomplete: signs a guy likes you h,80
signs a guy loves you but hiding it,backlog-interest,TBD,unqueried backlog; Google autocomplete: signs a guy likes you h,80
how to know if someone likes you hinge,backlog-interest,TBD,unqueried backlog; Google autocomplete: signs a guy likes you h,80
signs a white guy likes you but is hiding it,backlog-interest,TBD,unqueried backlog; Google autocomplete: signs a guy likes you h,80
signs he likes you but is hiding it psychology,backlog-interest,TBD,unqueried backlog; Google autocomplete: signs he likes you but is hiding it,80
signs he likes you but is hiding it over text,backlog-interest,TBD,unqueried backlog; Google autocomplete: signs he likes you but is hiding it,80
signs he likes you but is hiding it online,backlog-interest,TBD,unqueried backlog; Google autocomplete: signs he likes you but is hiding it,80
signs he still loves you but is hiding it after,backlog-interest,TBD,unqueried backlog; Google autocomplete: signs he likes you but is hiding it a,80
what are signs someone likes you but is hiding it,backlog-interest,TBD,unqueried backlog; Google autocomplete: signs he likes you but is hiding it a,80
signs he likes you but he is hiding it,backlog-interest,TBD,unqueried backlog; Google autocomplete: signs he likes you but is hiding it h,80
how to know she likes you but is hiding it,backlog-interest,TBD,unqueried backlog; Google autocomplete: signs he likes you but is hiding it h,80
signs he secretly likes you but is hiding it,backlog-interest,TBD,unqueried backlog; Google autocomplete: signs he secretly likes you,80
signs he secretly likes you more than a friend,backlog-interest,TBD,unqueried backlog; Google autocomplete: signs he secretly likes you,80
signs he secretly likes you but is scared,backlog-interest,TBD,unqueried backlog; Google autocomplete: signs he secretly likes you,80
signs he secretly likes you body language,backlog-interest,TBD,unqueried backlog; Google autocomplete: signs he secretly likes you,80
signs he secretly likes you through text,backlog-interest,TBD,unqueried backlog; Google autocomplete: signs he secretly likes you,80
signs he secretly loves you but is scared,backlog-interest,TBD,unqueried backlog; Google autocomplete: signs he secretly likes you,80
signs he secretly wants you,backlog-interest,TBD,unqueried backlog; Google autocomplete: signs he secretly likes you,80
signs he secretly wants you but is hiding it,backlog-interest,TBD,unqueried backlog; Google autocomplete: signs he secretly likes you h,80
signs a guy secretly likes you but is hiding,backlog-interest,TBD,unqueried backlog; Google autocomplete: signs he secretly likes you h,80
signs someone secretly likes you but is hiding it,backlog-interest,TBD,unqueried backlog; Google autocomplete: signs he secretly likes you h,80
signs he secretly loves you but is hiding it,backlog-interest,TBD,unqueried backlog; Google autocomplete: signs he secretly likes you h,80
hidden signs he secretly likes you,backlog-interest,TBD,unqueried backlog; Google autocomplete: signs he secretly likes you h,80
7 hidden signs she secretly likes you,backlog-interest,TBD,unqueried backlog; Google autocomplete: signs he secretly likes you h,80
7 hidden signs he secretly likes you over text,backlog-interest,TBD,unqueried backlog; Google autocomplete: signs he secretly likes you h,80
signs someone secretly loves you but is hiding it,backlog-interest,TBD,unqueried backlog; Google autocomplete: signs he secretly likes you h,80
signs he likes you more than a friend lgbt,backlog-interest,TBD,unqueried backlog; Google autocomplete: signs he likes you more than a friend,80
signs he likes you more than a friend through text,backlog-interest,TBD,unqueried backlog; Google autocomplete: signs he likes you more than a friend,80
signs she likes you more than a friend,backlog-interest,TBD,unqueried backlog; Google autocomplete: signs he likes you more than a friend,80
signs someone likes you more than a friend,backlog-interest,TBD,unqueried backlog; Google autocomplete: signs he likes you more than a friend,80
signs she likes you more than a friend over text,backlog-interest,TBD,unqueried backlog; Google autocomplete: signs he likes you more than a friend,80
signs she likes you more than a friend wlw,backlog-interest,TBD,unqueried backlog; Google autocomplete: signs he likes you more than a friend,80
signs he loves you more than a friend,backlog-interest,TBD,unqueried backlog; Google autocomplete: signs he likes you more than a friend,80
signs he likes you as more than a friend,backlog-interest,TBD,unqueried backlog; Google autocomplete: signs he likes you more than a friend a,80
signs she likes you as more than a friend,backlog-interest,TBD,unqueried backlog; Google autocomplete: signs he likes you more than a friend a,80
signs someone likes you as more than a friend,backlog-interest,TBD,unqueried backlog; Google autocomplete: signs he likes you more than a friend a,80
signs a lesbian likes you more than a friend,backlog-interest,TBD,unqueried backlog; Google autocomplete: signs he likes you more than a friend a,80
signs a girl likes you more than a friend,backlog-interest,TBD,unqueried backlog; Google autocomplete: signs he likes you more than a friend a,80
signs a friend likes you more than a friend,backlog-interest,TBD,unqueried backlog; Google autocomplete: signs he likes you more than a friend a,80
signs a woman likes you more than a friend,backlog-interest,TBD,unqueried backlog; Google autocomplete: signs he likes you more than a friend a,80
signs he is not interested in you,backlog-interest,TBD,unqueried backlog; Google autocomplete: signs he is not interested,80
signs he is not interested in you anymore,backlog-interest,TBD,unqueried backlog; Google autocomplete: signs he is not interested,80
signs he is not interested anymore,backlog-interest,TBD,unqueried backlog; Google autocomplete: signs he is not interested,80
signs he is not interested in you after first date,backlog-interest,TBD,unqueried backlog; Google autocomplete: signs he is not interested,80
signs he is not interested in you through text,backlog-interest,TBD,unqueried backlog; Google autocomplete: signs he is not interested,80
signs he's not interested in a relationship,backlog-interest,TBD,unqueried backlog; Google autocomplete: signs he is not interested,80
signs a guy is not interested in you,backlog-interest,TBD,unqueried backlog; Google autocomplete: signs he is not interested,80
signs a guy is not interested,backlog-interest,TBD,unqueried backlog; Google autocomplete: signs he is not interested,80
signs he is not interested after first date,backlog-interest,TBD,unqueried backlog; Google autocomplete: signs he is not interested a,80
signs he's not into you anymore,backlog-interest,TBD,unqueried backlog; Google autocomplete: signs he is not interested a,80
signs he's not interested after second date,backlog-interest,TBD,unqueried backlog; Google autocomplete: signs he is not interested a,80
signs he's not interested anymore through text,backlog-interest,TBD,unqueried backlog; Google autocomplete: signs he is not interested a,80
signs he's just not that into you,backlog-interest,TBD,unqueried backlog; Google autocomplete: signs he is just not that into you,80
signs she is just not that into you,backlog-interest,TBD,unqueried backlog; Google autocomplete: signs he is just not that into you,80
signs a man is just not that into you,backlog-interest,TBD,unqueried backlog; Google autocomplete: signs he is just not that into you,80
signs he's just not that into you anymore,backlog-interest,TBD,unqueried backlog; Google autocomplete: signs he is just not that into you,80
signs he's just not that into you after first date,backlog-interest,TBD,unqueried backlog; Google autocomplete: signs he is just not that into you,80
how to tell if he's just not that into you,backlog-interest,TBD,unqueried backlog; Google autocomplete: signs he is just not that into you,80
10 signs he's just not that into you,backlog-interest,TBD,unqueried backlog; Google autocomplete: signs he is just not that into you,80
subtle signs he's just not that into you,backlog-interest,TBD,unqueried backlog; Google autocomplete: signs he is just not that into you,80
what are signs he's just not that into you,backlog-interest,TBD,unqueried backlog; Google autocomplete: signs he is just not that into you a,80
how to know he's just not that into you,backlog-interest,TBD,unqueried backlog; Google autocomplete: signs he is just not that into you h,80
signs he is using you for money,backlog-interest,TBD,unqueried backlog; Google autocomplete: signs he is using you,80
signs he is using you for your body,backlog-interest,TBD,unqueried backlog; Google autocomplete: signs he is using you,80
signs he is using you for convenience,backlog-interest,TBD,unqueried backlog; Google autocomplete: signs he is using you,80
signs he is using you for his ego,backlog-interest,TBD,unqueried backlog; Google autocomplete: signs he is using you,80
signs a guy is using you emotionally,backlog-interest,TBD,unqueried backlog; Google autocomplete: signs he is using you,80
signs a man is using you for money,backlog-interest,TBD,unqueried backlog; Google autocomplete: signs he is using you,80
signs a man is using you,backlog-interest,TBD,unqueried backlog; Google autocomplete: signs he is using you,80
signs a man is using you for money over text,backlog-interest,TBD,unqueried backlog; Google autocomplete: signs he is using you,80
signs he's using you to fill a void,backlog-interest,TBD,unqueried backlog; Google autocomplete: signs he is using you a,80
what are the signs he is using you,backlog-interest,TBD,unqueried backlog; Google autocomplete: signs he is using you a,80
does he love me i wanna know,backlog-interest,TBD,unqueried backlog; Google autocomplete: does he love me,80
does he love me as much as i love him,backlog-interest,TBD,unqueried backlog; Google autocomplete: does he love me a,80
does he love me ace of cups,backlog-interest,TBD,unqueried backlog; Google autocomplete: does he love me a,80
is she loves me a musical,backlog-interest,TBD,unqueried backlog; Google autocomplete: does he love me a,80
what does he love about me,backlog-interest,TBD,unqueried backlog; Google autocomplete: does he love me a,80
what does he like about me,backlog-interest,TBD,unqueried backlog; Google autocomplete: does he love me a,80
what is she loves me about,backlog-interest,TBD,unqueried backlog; Google autocomplete: does he love me a,80
he loves me how do i know,backlog-interest,TBD,unqueried backlog; Google autocomplete: does he love me h,80
does he miss me as much as i miss him,backlog-interest,TBD,unqueried backlog; Google autocomplete: does he miss me,80
does he miss me at all,backlog-interest,TBD,unqueried backlog; Google autocomplete: does he miss me,80
does he miss me like i miss him,backlog-interest,TBD,unqueried backlog; Google autocomplete: does he miss me,80
does he miss me after a breakup,backlog-interest,TBD,unqueried backlog; Google autocomplete: does he miss me,80
does he miss me ace of swords,backlog-interest,TBD,unqueried backlog; Google autocomplete: does he miss me a,80
does he miss me after i broke up with him,backlog-interest,TBD,unqueried backlog; Google autocomplete: does he miss me a,80
does he miss me ace of pentacles,backlog-interest,TBD,unqueried backlog; Google autocomplete: does he miss me a,80
does he miss me ace of wands,backlog-interest,TBD,unqueried backlog; Google autocomplete: does he miss me a,80
does he miss me ace of cups,backlog-interest,TBD,unqueried backlog; Google autocomplete: does he miss me a,80
will he miss me after going back to his ex,backlog-interest,TBD,unqueried backlog; Google autocomplete: does he miss me a,80
does she miss me after breakup,backlog-interest,TBD,unqueried backlog; Google autocomplete: does he miss me a,80
does he miss me when i miss him,backlog-interest,TBD,unqueried backlog; Google autocomplete: does he miss me h,80
does miss me have plus size jeans,backlog-interest,TBD,unqueried backlog; Google autocomplete: does he miss me h,80
how much does he miss me,backlog-interest,TBD,unqueried backlog; Google autocomplete: does he miss me h,80
how does a guy feel when he misses you,backlog-interest,TBD,unqueried backlog; Google autocomplete: does he miss me h,80
will distance make him miss me,backlog-interest,TBD,unqueried backlog; Google autocomplete: does he miss me h,80
does he really care about me,backlog-interest,TBD,unqueried backlog; Google autocomplete: does he care about me,80
does he even care about me,backlog-interest,TBD,unqueried backlog; Google autocomplete: does he care about me,80
does he still care about me,backlog-interest,TBD,unqueried backlog; Google autocomplete: does he care about me,80
how does he know about me,backlog-interest,TBD,unqueried backlog; Google autocomplete: does he care about me h,80
is he played me a true story,backlog-interest,TBD,unqueried backlog; Google autocomplete: is he playing me,80
is he using me for money,backlog-interest,TBD,unqueried backlog; Google autocomplete: is he playing me,80
is he playing me for a fool,backlog-interest,TBD,unqueried backlog; Google autocomplete: is he playing me a,80
he is playing much better than me alcaraz,backlog-interest,TBD,unqueried backlog; Google autocomplete: is he playing me a,80
where is he calls me daughter playing at,backlog-interest,TBD,unqueried backlog; Google autocomplete: is he playing me a,80
is he flirting with me or just playing around,backlog-interest,TBD,unqueried backlog; Google autocomplete: is he playing me a,80
is it led or lead me on,backlog-interest,TBD,unqueried backlog; Google autocomplete: is he leading me on,80
am i being led on by a girl,backlog-interest,TBD,unqueried backlog; Google autocomplete: am i being led on,80
am i being led on by her,backlog-interest,TBD,unqueried backlog; Google autocomplete: am i being led on,80
was i being led on,backlog-interest,TBD,unqueried backlog; Google autocomplete: am i being led on,80
signs i am being led on,backlog-interest,TBD,unqueried backlog; Google autocomplete: am i being led on,80
how to know if you're being led on,backlog-interest,TBD,unqueried backlog; Google autocomplete: am i being led on,80
how to tell if i am being led on,backlog-interest,TBD,unqueried backlog; Google autocomplete: am i being led on h,80
is he stringing me along or taking it slow,backlog-interest,TBD,unqueried backlog; Google autocomplete: is he stringing me along,80
is he just stringing me along,backlog-interest,TBD,unqueried backlog; Google autocomplete: is he stringing me along,80
why does he string me along,backlog-interest,TBD,unqueried backlog; Google autocomplete: is he stringing me along,80
does he like me or is he stringing me along,backlog-interest,TBD,unqueried backlog; Google autocomplete: is he stringing me along h,80
signs he wants a relationship but is scared,backlog-interest,TBD,unqueried backlog; Google autocomplete: signs he wants a relationship,80
signs she wants a relationship but is scared,backlog-interest,TBD,unqueried backlog; Google autocomplete: signs he wants a relationship,80
signs she wants a relationship with you,backlog-interest,TBD,unqueried backlog; Google autocomplete: signs he wants a relationship,80
how to tell if he wants a relationship,backlog-interest,TBD,unqueried backlog; Google autocomplete: signs he wants a relationship,80
signs she wants a relationship,backlog-interest,TBD,unqueried backlog; Google autocomplete: signs he wants a relationship,80
signs he actually wants a relationship,backlog-interest,TBD,unqueried backlog; Google autocomplete: signs he wants a relationship a,80
signs he doesn't want the relationship anymore,backlog-interest,TBD,unqueried backlog; Google autocomplete: signs he wants a relationship a,80
signs he wants the relationship to end,backlog-interest,TBD,unqueried backlog; Google autocomplete: signs he wants a relationship a,80
signs he wants an open relationship,backlog-interest,TBD,unqueried backlog; Google autocomplete: signs he wants a relationship a,80
signs he likes you and wants a relationship,backlog-interest,TBD,unqueried backlog; Google autocomplete: signs he wants a relationship a,80
what are signs he wants a relationship,backlog-interest,TBD,unqueried backlog; Google autocomplete: signs he wants a relationship a,80
signs she wants an open relationship,backlog-interest,TBD,unqueried backlog; Google autocomplete: signs he wants a relationship a,80
signs he wants an emotional connection,backlog-interest,TBD,unqueried backlog; Google autocomplete: signs he wants a relationship a,80
signs he wants to have a relationship with you,backlog-interest,TBD,unqueried backlog; Google autocomplete: signs he wants a relationship h,80
signs he wants something serious with you,backlog-interest,TBD,unqueried backlog; Google autocomplete: signs he wants something serious,80
signs she wants something serious,backlog-interest,TBD,unqueried backlog; Google autocomplete: signs he wants something serious,80
signs he wants something more serious,backlog-interest,TBD,unqueried backlog; Google autocomplete: signs he wants something serious,80
signs he doesn't want something serious,backlog-interest,TBD,unqueried backlog; Google autocomplete: signs he wants something serious,80
signs he wants serious relationship,backlog-interest,TBD,unqueried backlog; Google autocomplete: signs he wants something serious,80
signs he wants a serious relationship,backlog-interest,TBD,unqueried backlog; Google autocomplete: signs he wants something serious a,80
signs he wants a serious relationship with you through text,backlog-interest,TBD,unqueried backlog; Google autocomplete: signs he wants something serious a,80
signs he is emotionally invested in you,backlog-interest,TBD,unqueried backlog; Google autocomplete: signs he is emotionally invested,80
signs a man is emotionally invested,backlog-interest,TBD,unqueried backlog; Google autocomplete: signs he is emotionally invested,80
signs a man is emotionally invested in you,backlog-interest,TBD,unqueried backlog; Google autocomplete: signs he is emotionally invested,80
signs someone is emotionally invested in you,backlog-interest,TBD,unqueried backlog; Google autocomplete: signs he is emotionally invested,80
signs someone is emotionally invested,backlog-interest,TBD,unqueried backlog; Google autocomplete: signs he is emotionally invested,80
signs she is emotionally invested,backlog-interest,TBD,unqueried backlog; Google autocomplete: signs he is emotionally invested,80
signs he is emotionally attached to you,backlog-interest,TBD,unqueried backlog; Google autocomplete: signs he is emotionally invested,80
signs he is not emotionally invested,backlog-interest,TBD,unqueried backlog; Google autocomplete: signs he is emotionally invested,80
signs she is emotionally attached to you,backlog-interest,TBD,unqueried backlog; Google autocomplete: signs he is emotionally invested,80
signs he's catching feelings for you,backlog-interest,TBD,unqueried backlog; Google autocomplete: signs he is catching feelings,80
signs he's catching feelings for me,backlog-interest,TBD,unqueried backlog; Google autocomplete: signs he is catching feelings,80
signs she is catching feelings,backlog-interest,TBD,unqueried backlog; Google autocomplete: signs he is catching feelings,80
signs she is catching feelings for you,backlog-interest,TBD,unqueried backlog; Google autocomplete: signs he is catching feelings,80
how to tell if he's catching feelings,backlog-interest,TBD,unqueried backlog; Google autocomplete: signs he is catching feelings,80
signs a guy is catching feelings for a girl,backlog-interest,TBD,unqueried backlog; Google autocomplete: signs he is catching feelings,80
signs he's catching feelings for you over text,backlog-interest,TBD,unqueried backlog; Google autocomplete: signs he is catching feelings,80
is he flirting or just being nice,backlog-interest,TBD,unqueried backlog; Google autocomplete: is he flirting,80
is he flirting or just joking around,backlog-interest,TBD,unqueried backlog; Google autocomplete: is he flirting,80
is she flirting or just being friendly,backlog-interest,TBD,unqueried backlog; Google autocomplete: is he flirting,80
is he flirting or am i delusional,backlog-interest,TBD,unqueried backlog; Google autocomplete: is he flirting a,80
is it flirting when a girl calls you sir,backlog-interest,TBD,unqueried backlog; Google autocomplete: is he flirting a,80
is it flirting when a girl hits you,backlog-interest,TBD,unqueried backlog; Google autocomplete: is he flirting a,80
is it flirting when a guy teases you,backlog-interest,TBD,unqueried backlog; Google autocomplete: is he flirting a,80
he is flirting with another girl,backlog-interest,TBD,unqueried backlog; Google autocomplete: is he flirting a,80
is it flirting if a guy calls you short,backlog-interest,TBD,unqueried backlog; Google autocomplete: is he flirting a,80
why is he always flirting with me,backlog-interest,TBD,unqueried backlog; Google autocomplete: is he flirting a,80
he is flirting with his secretary,backlog-interest,TBD,unqueried backlog; Google autocomplete: is he flirting h,80
is she flirting with him,backlog-interest,TBD,unqueried backlog; Google autocomplete: is he flirting h,80
why is he flirting but has a girlfriend,backlog-interest,TBD,unqueried backlog; Google autocomplete: is he flirting h,80
is he flirting or is he just being nice,backlog-interest,TBD,unqueried backlog; Google autocomplete: is he flirting h,80
is he flirting or is he gay,backlog-interest,TBD,unqueried backlog; Google autocomplete: is he flirting h,80
he is flirting with me but has a girlfriend,backlog-interest,TBD,unqueried backlog; Google autocomplete: is he flirting h,80
he is flirting with me when he has a girlfriend,backlog-interest,TBD,unqueried backlog; Google autocomplete: is he flirting h,80
flirting over text with a guy,backlog-interest,TBD,unqueried backlog; Google autocomplete: flirting over text,80
flirting over text with a girl,backlog-interest,TBD,unqueried backlog; Google autocomplete: flirting over text,80
flirting over text before first date,backlog-interest,TBD,unqueried backlog; Google autocomplete: flirting over text,80
flirting over text to a guy,backlog-interest,TBD,unqueried backlog; Google autocomplete: flirting over text a,80
flirting over text to a girl,backlog-interest,TBD,unqueried backlog; Google autocomplete: flirting over text a,80
flirty jokes over text to make her laugh,backlog-interest,TBD,unqueried backlog; Google autocomplete: flirting over text a,80
flirty jokes over text to make him laugh,backlog-interest,TBD,unqueried backlog; Google autocomplete: flirting over text a,80
flirting with a woman over text,backlog-interest,TBD,unqueried backlog; Google autocomplete: flirting over text a,80
flirting with a boy over text,backlog-interest,TBD,unqueried backlog; Google autocomplete: flirting over text a,80
flirting with a girl over text examples,backlog-interest,TBD,unqueried backlog; Google autocomplete: flirting over text a,80
flirty texts to make her laugh,backlog-interest,TBD,unqueried backlog; Google autocomplete: flirty texts,80
flirty texts to make him laugh,backlog-interest,TBD,unqueried backlog; Google autocomplete: flirty texts,80
flirty texts to make him blush,backlog-interest,TBD,unqueried backlog; Google autocomplete: flirty texts,80
flirty texts to make him laugh at night,backlog-interest,TBD,unqueried backlog; Google autocomplete: flirty texts,80
flirty texts to make her blush,backlog-interest,TBD,unqueried backlog; Google autocomplete: flirty texts,80
flirty texts to make him laugh over text,backlog-interest,TBD,unqueried backlog; Google autocomplete: flirty texts,80
flirty text how was your day,backlog-interest,TBD,unqueried backlog; Google autocomplete: flirty texts h,80
flirty text how are you doing,backlog-interest,TBD,unqueried backlog; Google autocomplete: flirty texts h,80
flirty text messages to send him,backlog-interest,TBD,unqueried backlog; Google autocomplete: flirty text messages,80
flirty text messages to make her smile,backlog-interest,TBD,unqueried backlog; Google autocomplete: flirty text messages,80
flirty text messages for her long distance,backlog-interest,TBD,unqueried backlog; Google autocomplete: flirty text messages,80
flirty text messages to make him smile,backlog-interest,TBD,unqueried backlog; Google autocomplete: flirty text messages,80
flirty text messages to send a girl,backlog-interest,TBD,unqueried backlog; Google autocomplete: flirty text messages,80
flirty text messages for a crush,backlog-interest,TBD,unqueried backlog; Google autocomplete: flirty text messages,80
flirty text messages after first date,backlog-interest,TBD,unqueried backlog; Google autocomplete: flirty text messages a,80
flirty text messages for a guy you like,backlog-interest,TBD,unqueried backlog; Google autocomplete: flirty text messages a,80
flirty text messages to a girl,backlog-interest,TBD,unqueried backlog; Google autocomplete: flirty text messages a,80
flirty text messages to a man,backlog-interest,TBD,unqueried backlog; Google autocomplete: flirty text messages a,80
flirty text messages for a new girl,backlog-interest,TBD,unqueried backlog; Google autocomplete: flirty text messages a,80
flirty text messages to a guy,backlog-interest,TBD,unqueried backlog; Google autocomplete: flirty text messages a,80
flirty text messages for her to make her smile,backlog-interest,TBD,unqueried backlog; Google autocomplete: flirty text messages h,80
flirty text messages for him to make him smile,backlog-interest,TBD,unqueried backlog; Google autocomplete: flirty text messages h,80
flirty text messages for him long distance,backlog-interest,TBD,unqueried backlog; Google autocomplete: flirty text messages h,80
flirty text messages for him examples,backlog-interest,TBD,unqueried backlog; Google autocomplete: flirty text messages h,80
flirty text messages for her in the morning,backlog-interest,TBD,unqueried backlog; Google autocomplete: flirty text messages h,80
flirty text messages for him to fall in love,backlog-interest,TBD,unqueried backlog; Google autocomplete: flirty text messages h,80
how to flirt over text with a girl,backlog-interest,TBD,unqueried backlog; Google autocomplete: how to flirt over text,80
how to flirt over text with a guy,backlog-interest,TBD,unqueried backlog; Google autocomplete: how to flirt over text,80
how to flirt over text examples,backlog-interest,TBD,unqueried backlog; Google autocomplete: how to flirt over text,80
how to flirt over text wikihow,backlog-interest,TBD,unqueried backlog; Google autocomplete: how to flirt over text,80
how to flirt over text without being creepy,backlog-interest,TBD,unqueried backlog; Google autocomplete: how to flirt over text,80
how to flirt over text long distance,backlog-interest,TBD,unqueried backlog; Google autocomplete: how to flirt over text,80
how to flirt over text wlw,backlog-interest,TBD,unqueried backlog; Google autocomplete: how to flirt over text,80
how to flirt over text with a girl examples,backlog-interest,TBD,unqueried backlog; Google autocomplete: how to flirt over text,80
how to flirt over text as a guy,backlog-interest,TBD,unqueried backlog; Google autocomplete: how to flirt over text a,80
how to flirt over text after first date,backlog-interest,TBD,unqueried backlog; Google autocomplete: how to flirt over text a,80
how to flirt over a text,backlog-interest,TBD,unqueried backlog; Google autocomplete: how to flirt over text a,80
how to flirt over text as a girl,backlog-interest,TBD,unqueried backlog; Google autocomplete: how to flirt over text a,80
how to flirt over text as a lesbian,backlog-interest,TBD,unqueried backlog; Google autocomplete: how to flirt over text a,80
how to flirt over text dating app,backlog-interest,TBD,unqueried backlog; Google autocomplete: how to flirt over text a,80
how to flirt over text with an older woman,backlog-interest,TBD,unqueried backlog; Google autocomplete: how to flirt over text a,80
how to flirt over text like a pro,backlog-interest,TBD,unqueried backlog; Google autocomplete: how to flirt over text a,80
how to flirt over text as a teen,backlog-interest,TBD,unqueried backlog; Google autocomplete: how to flirt over text a,80
how to flirt with a girl over text at night,backlog-interest,TBD,unqueried backlog; Google autocomplete: how to flirt over text a,80
how to flirt over text hinge,backlog-interest,TBD,unqueried backlog; Google autocomplete: how to flirt over text h,80
how to flirt over text with husband,backlog-interest,TBD,unqueried backlog; Google autocomplete: how to flirt over text h,80
how to flirt over text examples for him,backlog-interest,TBD,unqueried backlog; Google autocomplete: how to flirt over text h,80
how to flirt her over text,backlog-interest,TBD,unqueried backlog; Google autocomplete: how to flirt over text h,80
how to flirt him over text,backlog-interest,TBD,unqueried backlog; Google autocomplete: how to flirt over text h,80
how to flirt hard over text,backlog-interest,TBD,unqueried backlog; Google autocomplete: how to flirt over text h,80
flirting vs being friendly how to tell the difference,backlog-interest,TBD,unqueried backlog; Google autocomplete: flirting vs being friendly,80
one sided relationship meaning,backlog-effort,TBD,unqueried backlog; Google autocomplete: one sided relationship,80
one sided relationship name,backlog-effort,TBD,unqueried backlog; Google autocomplete: one sided relationship,80
one sided relationship called,backlog-effort,TBD,unqueried backlog; Google autocomplete: one sided relationship,80
one sided relationship word,backlog-effort,TBD,unqueried backlog; Google autocomplete: one sided relationship,80
one sided relationship another word,backlog-effort,TBD,unqueried backlog; Google autocomplete: one sided relationship a,80
one sided love affair,backlog-effort,TBD,unqueried backlog; Google autocomplete: one sided relationship a,80
one sided love always hurts,backlog-effort,TBD,unqueried backlog; Google autocomplete: one sided relationship a,80
one sided relationship how to fix,backlog-effort,TBD,unqueried backlog; Google autocomplete: one sided relationship h,80
one sided love heart emoji,backlog-effort,TBD,unqueried backlog; Google autocomplete: one sided relationship h,80
one sided love heart colour,backlog-effort,TBD,unqueried backlog; Google autocomplete: one sided relationship h,80
one sided love hits different,backlog-effort,TBD,unqueried backlog; Google autocomplete: one sided relationship h,80
one sided love signs,backlog-effort,TBD,unqueried backlog; Google autocomplete: one sided relationship signs,80
what does a one sided relationship look like,backlog-effort,TBD,unqueried backlog; Google autocomplete: one sided relationship signs,80
what is a one sided relationship,backlog-effort,TBD,unqueried backlog; Google autocomplete: one sided relationship signs,80
why does my relationship feel one sided,backlog-effort,TBD,unqueried backlog; Google autocomplete: one sided relationship signs,80
signs of a one sided relationship,backlog-effort,TBD,unqueried backlog; Google autocomplete: one sided relationship signs a,80
signs your in a one sided relationship,backlog-effort,TBD,unqueried backlog; Google autocomplete: one sided relationship signs a,80
signs you are in one sided relationship,backlog-effort,TBD,unqueried backlog; Google autocomplete: one sided relationship signs a,80
11 signs of a one sided relationship,backlog-effort,TBD,unqueried backlog; Google autocomplete: one sided relationship signs a,80
one sided relationship means,backlog-effort,TBD,unqueried backlog; Google autocomplete: one sided relationship signs a,80
one sided love meaning,backlog-effort,TBD,unqueried backlog; Google autocomplete: one sided love,80
one sided love word,backlog-effort,TBD,unqueried backlog; Google autocomplete: one sided love,80
one sided love called,backlog-effort,TBD,unqueried backlog; Google autocomplete: one sided love,80
one sided love poems for him,backlog-effort,TBD,unqueried backlog; Google autocomplete: one sided love,80
one sided love affair elvis,backlog-effort,TBD,unqueried backlog; Google autocomplete: one sided love a,80
unbalanced effort in relationship,backlog-effort,TBD,unqueried backlog; Google autocomplete: unequal effort in a relationship,80
signs of an unequal relationship,backlog-effort,TBD,unqueried backlog; Google autocomplete: unequal effort in a relationship,80
lack of effort in relationship examples,backlog-effort,TBD,unqueried backlog; Google autocomplete: lack of effort in a relationship,80
lack of effort in relationship meaning,backlog-effort,TBD,unqueried backlog; Google autocomplete: lack of effort in a relationship,80
signs of lack of effort in a relationship,backlog-effort,TBD,unqueried backlog; Google autocomplete: lack of effort in a relationship,80
what does lack of effort in a relationship look like,backlog-effort,TBD,unqueried backlog; Google autocomplete: lack of effort in a relationship,80
what does lack of effort in a relationship mean,backlog-effort,TBD,unqueried backlog; Google autocomplete: lack of effort in a relationship,80
lack of effort kills a relationship,backlog-effort,TBD,unqueried backlog; Google autocomplete: lack of effort in a relationship,80
how to address lack of effort in a relationship,backlog-effort,TBD,unqueried backlog; Google autocomplete: lack of effort in a relationship,80
what is a lack of effort in a relationship,backlog-effort,TBD,unqueried backlog; Google autocomplete: lack of effort in a relationship a,80
lack of effort from boyfriend,backlog-effort,TBD,unqueried backlog; Google autocomplete: lack of effort in a relationship a,80
examples of effort in a relationship,backlog-effort,TBD,unqueried backlog; Google autocomplete: lack of effort in a relationship a,80
what is effort in a relationship,backlog-effort,TBD,unqueried backlog; Google autocomplete: lack of effort in a relationship a,80
his lack of effort in relationship,backlog-effort,TBD,unqueried backlog; Google autocomplete: lack of effort in a relationship h,80
bare minimum in a relationship meaning,backlog-effort,TBD,unqueried backlog; Google autocomplete: bare minimum in a relationship,80
bare minimum in a relationship examples,backlog-effort,TBD,unqueried backlog; Google autocomplete: bare minimum in a relationship,80
bare minimum in a relationship for men,backlog-effort,TBD,unqueried backlog; Google autocomplete: bare minimum in a relationship,80
bare minimum in a relationship list,backlog-effort,TBD,unqueried backlog; Google autocomplete: bare minimum in a relationship,80
bare minimum in a relationship for girls,backlog-effort,TBD,unqueried backlog; Google autocomplete: bare minimum in a relationship,80
bare minimum actions in a relationship,backlog-effort,TBD,unqueried backlog; Google autocomplete: bare minimum in a relationship a,80
bare minimum in a relationship for a man,backlog-effort,TBD,unqueried backlog; Google autocomplete: bare minimum in a relationship a,80
what is bare minimum in a relationship and princess treatment,backlog-effort,TBD,unqueried backlog; Google autocomplete: bare minimum in a relationship a,80
above bare minimum in a relationship,backlog-effort,TBD,unqueried backlog; Google autocomplete: bare minimum in a relationship a,80
accepting bare minimum in a relationship,backlog-effort,TBD,unqueried backlog; Google autocomplete: bare minimum in a relationship a,80
bare minimum in the relationship,backlog-effort,TBD,unqueried backlog; Google autocomplete: bare minimum in a relationship a,80
what is bare minimum in a relationship for a woman,backlog-effort,TBD,unqueried backlog; Google autocomplete: bare minimum in a relationship a,80
asking for bare minimum in a relationship,backlog-effort,TBD,unqueried backlog; Google autocomplete: bare minimum in a relationship a,80
are flowers bare minimum in a relationship,backlog-effort,TBD,unqueried backlog; Google autocomplete: bare minimum in a relationship a,80
bare minimum in a healthy relationship,backlog-effort,TBD,unqueried backlog; Google autocomplete: bare minimum in a relationship h,80
how to give bare minimum in a relationship,backlog-effort,TBD,unqueried backlog; Google autocomplete: bare minimum in a relationship h,80
how to deal with bare minimum in a relationship,backlog-effort,TBD,unqueried backlog; Google autocomplete: bare minimum in a relationship h,80
how to stop doing the bare minimum in a relationship,backlog-effort,TBD,unqueried backlog; Google autocomplete: bare minimum in a relationship h,80
how to not do the bare minimum in a relationship,backlog-effort,TBD,unqueried backlog; Google autocomplete: bare minimum in a relationship h,80
how to do more than bare minimum in a relationship,backlog-effort,TBD,unqueried backlog; Google autocomplete: bare minimum in a relationship h,80
how to give more than bare minimum in a relationship,backlog-effort,TBD,unqueried backlog; Google autocomplete: bare minimum in a relationship h,80
how to go above the bare minimum in a relationship,backlog-effort,TBD,unqueried backlog; Google autocomplete: bare minimum in a relationship h,80
reciprocity in relationships meaning,backlog-effort,TBD,unqueried backlog; Google autocomplete: reciprocity in relationships,80
reciprocity in relationships psychology,backlog-effort,TBD,unqueried backlog; Google autocomplete: reciprocity in relationships,80
emotional reciprocity in relationships,backlog-effort,TBD,unqueried backlog; Google autocomplete: reciprocity in relationships,80
reciprocity in romantic relationships,backlog-effort,TBD,unqueried backlog; Google autocomplete: reciprocity in relationships,80
reciprocity in family relationships,backlog-effort,TBD,unqueried backlog; Google autocomplete: reciprocity in relationships,80
negative reciprocity in relationships,backlog-effort,TBD,unqueried backlog; Google autocomplete: reciprocity in relationships,80
reciprocity principle in relationships,backlog-effort,TBD,unqueried backlog; Google autocomplete: reciprocity in relationships,80
reciprocity in a relationship,backlog-effort,TBD,unqueried backlog; Google autocomplete: reciprocity in relationships a,80
reciprocity in a relationship meaning,backlog-effort,TBD,unqueried backlog; Google autocomplete: reciprocity in relationships a,80
examples of reciprocity in relationships,backlog-effort,TBD,unqueried backlog; Google autocomplete: reciprocity in relationships a,80
is reciprocity important in relationships,backlog-effort,TBD,unqueried backlog; Google autocomplete: reciprocity in relationships a,80
reciprocity in healthy relationships,backlog-effort,TBD,unqueried backlog; Google autocomplete: reciprocity in relationships h,80
hollow reciprocity in relationships,backlog-effort,TBD,unqueried backlog; Google autocomplete: reciprocity in relationships h,80
how important is reciprocity in relationships,backlog-effort,TBD,unqueried backlog; Google autocomplete: reciprocity in relationships h,80
what are reciprocal relationships,backlog-effort,TBD,unqueried backlog; Google autocomplete: reciprocity in relationships h,80
is it wrong to expect reciprocity in a relationship,backlog-effort,TBD,unqueried backlog; Google autocomplete: reciprocity in relationships h,80
emotional availability vs emotional intelligence,backlog-effort,TBD,unqueried backlog; Google autocomplete: emotional availability,80
emotional availability in a relationship,backlog-effort,TBD,unqueried backlog; Google autocomplete: emotional availability,80
emotional availability in friendship,backlog-effort,TBD,unqueried backlog; Google autocomplete: emotional availability,80
emotional availability in marriage,backlog-effort,TBD,unqueried backlog; Google autocomplete: emotional availability,80
emotional availability and intelligence,backlog-effort,TBD,unqueried backlog; Google autocomplete: emotional availability a,80
emotional availability and maturity,backlog-effort,TBD,unqueried backlog; Google autocomplete: emotional availability a,80
emotionally available and grounded,backlog-effort,TBD,unqueried backlog; Google autocomplete: emotional availability a,80
emotionally available and grounded meaning,backlog-effort,TBD,unqueried backlog; Google autocomplete: emotional availability a,80
signs of emotional availability,backlog-effort,TBD,unqueried backlog; Google autocomplete: emotional availability h,80
emotional intelligence vs emotional availability,backlog-effort,TBD,unqueried backlog; Google autocomplete: emotional availability h,80
what is emotional availability in relationships,backlog-effort,TBD,unqueried backlog; Google autocomplete: emotional availability h,80
lack of emotional availability,backlog-effort,TBD,unqueried backlog; Google autocomplete: emotional availability h,80
examples of being emotionally available,backlog-effort,TBD,unqueried backlog; Google autocomplete: emotional availability h,80
emotionally unavailable men signs,backlog-effort,TBD,unqueried backlog; Google autocomplete: emotionally unavailable men,80
emotionally unavailable men meaning,backlog-effort,TBD,unqueried backlog; Google autocomplete: emotionally unavailable men,80
emotionally unavailable men in relationships,backlog-effort,TBD,unqueried backlog; Google autocomplete: emotionally unavailable men,80
emotionally unavailable men traits,backlog-effort,TBD,unqueried backlog; Google autocomplete: emotionally unavailable men,80
emotionally unavailable men attractive,backlog-effort,TBD,unqueried backlog; Google autocomplete: emotionally unavailable men a,80
emotionally unavailable men after breakup,backlog-effort,TBD,unqueried backlog; Google autocomplete: emotionally unavailable men a,80
emotionally unavailable men and women,backlog-effort,TBD,unqueried backlog; Google autocomplete: emotionally unavailable men a,80
emotionally unavailable people are selfish,backlog-effort,TBD,unqueried backlog; Google autocomplete: emotionally unavailable men a,80
emotionally unavailable people are,backlog-effort,TBD,unqueried backlog; Google autocomplete: emotionally unavailable men a,80
emotionally unavailable men lipstick alley,backlog-effort,TBD,unqueried backlog; Google autocomplete: emotionally unavailable men a,80
how emotionally unavailable men act,backlog-effort,TBD,unqueried backlog; Google autocomplete: emotionally unavailable men a,80
do emotionally unavailable people attract each other,backlog-effort,TBD,unqueried backlog; Google autocomplete: emotionally unavailable men a,80
emotionally unavailable men on dating apps,backlog-effort,TBD,unqueried backlog; Google autocomplete: emotionally unavailable men a,80
are emotionally unavailable men narcissists,backlog-effort,TBD,unqueried backlog; Google autocomplete: emotionally unavailable men a,80
do emotionally unavailable men have feelings,backlog-effort,TBD,unqueried backlog; Google autocomplete: emotionally unavailable men h,80
are emotionally unavailable men happy,backlog-effort,TBD,unqueried backlog; Google autocomplete: emotionally unavailable men h,80
are emotionally unavailable people happy,backlog-effort,TBD,unqueried backlog; Google autocomplete: emotionally unavailable men h,80
do emotionally unavailable people have feelings,backlog-effort,TBD,unqueried backlog; Google autocomplete: emotionally unavailable men h,80
do emotionally unavailable people have friends,backlog-effort,TBD,unqueried backlog; Google autocomplete: emotionally unavailable men h,80
do emotionally unavailable people have empathy,backlog-effort,TBD,unqueried backlog; Google autocomplete: emotionally unavailable men h,80
how emotionally unavailable men show love,backlog-effort,TBD,unqueried backlog; Google autocomplete: emotionally unavailable men h,80
how emotionally unavailable men fall in love,backlog-effort,TBD,unqueried backlog; Google autocomplete: emotionally unavailable men h,80
emotionally unavailable partner signs,backlog-effort,TBD,unqueried backlog; Google autocomplete: emotionally unavailable partner,80
emotionally unavailable partner during pregnancy,backlog-effort,TBD,unqueried backlog; Google autocomplete: emotionally unavailable partner,80
emotionally unavailable partner meaning,backlog-effort,TBD,unqueried backlog; Google autocomplete: emotionally unavailable partner,80
emotionally unavailable partner what to do,backlog-effort,TBD,unqueried backlog; Google autocomplete: emotionally unavailable partner,80
emotionally unavailable partners and the highly sensitive person,backlog-effort,TBD,unqueried backlog; Google autocomplete: emotionally unavailable partner,80
having an emotionally unavailable partner,backlog-effort,TBD,unqueried backlog; Google autocomplete: emotionally unavailable partner a,80
emotionally and physically unavailable partner,backlog-effort,TBD,unqueried backlog; Google autocomplete: emotionally unavailable partner a,80
can an emotionally unavailable partner change,backlog-effort,TBD,unqueried backlog; Google autocomplete: emotionally unavailable partner a,80
how to handle emotionally unavailable partner,backlog-effort,TBD,unqueried backlog; Google autocomplete: emotionally unavailable partner h,80
how to help emotionally unavailable partner,backlog-effort,TBD,unqueried backlog; Google autocomplete: emotionally unavailable partner h,80
hyper independent and emotionally unavailable partner,backlog-effort,TBD,unqueried backlog; Google autocomplete: emotionally unavailable partner h,80
how to fix emotionally unavailable partner,backlog-effort,TBD,unqueried backlog; Google autocomplete: emotionally unavailable partner h,80
is my spouse emotionally unavailable,backlog-effort,TBD,unqueried backlog; Google autocomplete: emotionally unavailable partner h,80
what to do if my partner is emotionally unavailable,backlog-effort,TBD,unqueried backlog; Google autocomplete: emotionally unavailable partner h,80
what is an emotionally unavailable partner,backlog-effort,TBD,unqueried backlog; Google autocomplete: emotionally unavailable partner h,80
emotional connection in a relationship,backlog-effort,TBD,unqueried backlog; Google autocomplete: emotional connection,80
emotional connection in marriage,backlog-effort,TBD,unqueried backlog; Google autocomplete: emotional connection,80
emotional connection questions for couples,backlog-effort,TBD,unqueried backlog; Google autocomplete: emotional connection,80
emotional connection vs love,backlog-effort,TBD,unqueried backlog; Google autocomplete: emotional connection,80
emotional connection and physical connection,backlog-effort,TBD,unqueried backlog; Google autocomplete: emotional connection a,80
emotional connection and physical attraction,backlog-effort,TBD,unqueried backlog; Google autocomplete: emotional connection a,80
emotional intimacy in marriage,backlog-effort,TBD,unqueried backlog; Google autocomplete: emotional intimacy,80
emotional intimacy in a relationship,backlog-effort,TBD,unqueried backlog; Google autocomplete: emotional intimacy,80
emotional intimacy vs physical intimacy,backlog-effort,TBD,unqueried backlog; Google autocomplete: emotional intimacy,80
emotional intimacy in friendship,backlog-effort,TBD,unqueried backlog; Google autocomplete: emotional intimacy,80
emotional intimacy questions for married couples,backlog-effort,TBD,unqueried backlog; Google autocomplete: emotional intimacy,80
emotional intimacy activities for couples,backlog-effort,TBD,unqueried backlog; Google autocomplete: emotional intimacy a,80
emotional intimacy and physical intimacy,backlog-effort,TBD,unqueried backlog; Google autocomplete: emotional intimacy a,80
emotional intimacy and appreciation,backlog-effort,TBD,unqueried backlog; Google autocomplete: emotional intimacy a,80
emotional intimacy how to build,backlog-effort,TBD,unqueried backlog; Google autocomplete: emotional intimacy h,80
emotional intimacy how to,backlog-effort,TBD,unqueried backlog; Google autocomplete: emotional intimacy h,80
emotional intimacy kya hota hai,backlog-effort,TBD,unqueried backlog; Google autocomplete: emotional intimacy h,80
signs of emotional distance in a relationship,backlog-effort,TBD,unqueried backlog; Google autocomplete: emotional distance in a relationship,80
what causes emotional distance in a relationship,backlog-effort,TBD,unqueried backlog; Google autocomplete: emotional distance in a relationship,80
emotional distance in a long distance relationship,backlog-effort,TBD,unqueried backlog; Google autocomplete: emotional distance in a relationship,80
how to fix emotional distance in a relationship,backlog-effort,TBD,unqueried backlog; Google autocomplete: emotional distance in a relationship,80
how to overcome emotional distance in a relationship,backlog-effort,TBD,unqueried backlog; Google autocomplete: emotional distance in a relationship,80
how to create emotional distance in a relationship,backlog-effort,TBD,unqueried backlog; Google autocomplete: emotional distance in a relationship,80
meaning of emotional distance,backlog-effort,TBD,unqueried backlog; Google autocomplete: emotional distance in a relationship a,80
how to fix emotional distance in a relationship psychology,backlog-effort,TBD,unqueried backlog; Google autocomplete: emotional distance in a relationship h,80
how to handle emotional distance in a relationship,backlog-effort,TBD,unqueried backlog; Google autocomplete: emotional distance in a relationship h,80
how to maintain emotional distance in a relationship,backlog-effort,TBD,unqueried backlog; Google autocomplete: emotional distance in a relationship h,80
how to close emotional distance in a relationship,backlog-effort,TBD,unqueried backlog; Google autocomplete: emotional distance in a relationship h,80
how to fix emotional distance in a long distance relationship,backlog-effort,TBD,unqueried backlog; Google autocomplete: emotional distance in a relationship h,80
emotional needs in a relationship examples,backlog-effort,TBD,unqueried backlog; Google autocomplete: emotional needs in a relationship,80
emotional needs in a relationship meaning,backlog-effort,TBD,unqueried backlog; Google autocomplete: emotional needs in a relationship,80
psychological needs in a relationship,backlog-effort,TBD,unqueried backlog; Google autocomplete: emotional needs in a relationship,80
10 emotional needs in a relationship,backlog-effort,TBD,unqueried backlog; Google autocomplete: emotional needs in a relationship,80
unmet emotional needs in a relationship,backlog-effort,TBD,unqueried backlog; Google autocomplete: emotional needs in a relationship,80
women's emotional needs in a relationship,backlog-effort,TBD,unqueried backlog; Google autocomplete: emotional needs in a relationship,80
what are emotional needs in a relationship,backlog-effort,TBD,unqueried backlog; Google autocomplete: emotional needs in a relationship a,80
emotional and physical needs in a relationship,backlog-effort,TBD,unqueried backlog; Google autocomplete: emotional needs in a relationship a,80
what are emotional needs in a relationship examples,backlog-effort,TBD,unqueried backlog; Google autocomplete: emotional needs in a relationship a,80
emotional wants and needs in a relationship,backlog-effort,TBD,unqueried backlog; Google autocomplete: emotional needs in a relationship a,80
emotional needs of a woman in a relationship,backlog-effort,TBD,unqueried backlog; Google autocomplete: emotional needs in a relationship a,80
emotional needs of a man in a relationship,backlog-effort,TBD,unqueried backlog; Google autocomplete: emotional needs in a relationship a,80
what are some emotional needs in a relationship,backlog-effort,TBD,unqueried backlog; Google autocomplete: emotional needs in a relationship a,80
what are my emotional needs in a relationship,backlog-effort,TBD,unqueried backlog; Google autocomplete: emotional needs in a relationship a,80
what are common emotional needs in a relationship,backlog-effort,TBD,unqueried backlog; Google autocomplete: emotional needs in a relationship a,80
what are realistic emotional needs in a relationship,backlog-effort,TBD,unqueried backlog; Google autocomplete: emotional needs in a relationship a,80
healthy emotional needs in a relationship,backlog-effort,TBD,unqueried backlog; Google autocomplete: emotional needs in a relationship h,80
how many emotional needs in a relationship,backlog-effort,TBD,unqueried backlog; Google autocomplete: emotional needs in a relationship h,80
how to meet emotional needs in a relationship,backlog-effort,TBD,unqueried backlog; Google autocomplete: emotional needs in a relationship h,80
how to communicate emotional needs in a relationship,backlog-effort,TBD,unqueried backlog; Google autocomplete: emotional needs in a relationship h,80
how to identify emotional needs in a relationship,backlog-effort,TBD,unqueried backlog; Google autocomplete: emotional needs in a relationship h,80
how to get emotional needs met in a relationship,backlog-effort,TBD,unqueried backlog; Google autocomplete: emotional needs in a relationship h,80
how many emotional needs do you have in a relationship,backlog-effort,TBD,unqueried backlog; Google autocomplete: emotional needs in a relationship h,80
list of emotional needs in a relationship,backlog-effort,TBD,unqueried backlog; Google autocomplete: emotional needs in a relationship h,80
what is emotional needs in a relationship,backlog-effort,TBD,unqueried backlog; Google autocomplete: emotional needs in a relationship h,80
what are the emotional needs of a person,backlog-effort,TBD,unqueried backlog; Google autocomplete: emotional needs in a relationship h,80
uncertainty relationship for classical waves,backlog-effort,TBD,unqueried backlog; Google autocomplete: relationship uncertainty,80
relationship doubts and anxiety,backlog-effort,TBD,unqueried backlog; Google autocomplete: relationship uncertainty a,80
relationship doubts after 6 months,backlog-effort,TBD,unqueried backlog; Google autocomplete: relationship uncertainty a,80
relationship doubts after 3 months,backlog-effort,TBD,unqueried backlog; Google autocomplete: relationship uncertainty a,80
relationship doubts after 2 years,backlog-effort,TBD,unqueried backlog; Google autocomplete: relationship uncertainty a,80
relationship doubts after 5 years,backlog-effort,TBD,unqueried backlog; Google autocomplete: relationship uncertainty a,80
relationship between uncertainty and standard deviation,backlog-effort,TBD,unqueried backlog; Google autocomplete: relationship uncertainty a,80
relationship between uncertainty and accuracy,backlog-effort,TBD,unqueried backlog; Google autocomplete: relationship uncertainty a,80
relationship between uncertainty and risk,backlog-effort,TBD,unqueried backlog; Google autocomplete: relationship uncertainty a,80
gb relationship clarity advisory,backlog-effort,TBD,unqueried backlog; Google autocomplete: relationship clarity a,80
relationship between water clarity and kelp productivity,backlog-effort,TBD,unqueried backlog; Google autocomplete: relationship clarity a,80
relationship between water clarity and urchin survival,backlog-effort,TBD,unqueried backlog; Google autocomplete: relationship clarity a,80
relationship between water clarity and orca survival,backlog-effort,TBD,unqueried backlog; Google autocomplete: relationship clarity a,80
relationship between water clarity and otter survival,backlog-effort,TBD,unqueried backlog; Google autocomplete: relationship clarity a,80
clarity after a relationship,backlog-effort,TBD,unqueried backlog; Google autocomplete: relationship clarity a,80
what is clarity in effective communication,backlog-effort,TBD,unqueried backlog; Google autocomplete: relationship clarity h,80
relationship and communication coach,backlog-effort,TBD,unqueried backlog; Google autocomplete: relationship communication a,80
relationship and communication issues,backlog-effort,TBD,unqueried backlog; Google autocomplete: relationship communication a,80
healthy relationship communication skills,backlog-effort,TBD,unqueried backlog; Google autocomplete: relationship communication h,80
communication issues in relationships,backlog-effort,TBD,unqueried backlog; Google autocomplete: communication problems in relationships,80
communication issues in relationships examples,backlog-effort,TBD,unqueried backlog; Google autocomplete: communication problems in relationships,80
communication barriers in relationships,backlog-effort,TBD,unqueried backlog; Google autocomplete: communication problems in relationships,80
communication challenges in relationships,backlog-effort,TBD,unqueried backlog; Google autocomplete: communication problems in relationships,80
communication difficulties in relationships,backlog-effort,TBD,unqueried backlog; Google autocomplete: communication problems in relationships,80
common communication problems in relationships,backlog-effort,TBD,unqueried backlog; Google autocomplete: communication problems in relationships,80
communication problems in romantic relationships,backlog-effort,TBD,unqueried backlog; Google autocomplete: communication problems in relationships,80
resolving communication issues in relationships,backlog-effort,TBD,unqueried backlog; Google autocomplete: communication problems in relationships,80
communication problems in a relationship,backlog-effort,TBD,unqueried backlog; Google autocomplete: communication problems in relationships a,80
communication problems in a relationship examples,backlog-effort,TBD,unqueried backlog; Google autocomplete: communication problems in relationships a,80
communication issues in a relationship,backlog-effort,TBD,unqueried backlog; Google autocomplete: communication problems in relationships a,80
communication barriers in a relationship,backlog-effort,TBD,unqueried backlog; Google autocomplete: communication problems in relationships a,80
communication challenges in a relationship,backlog-effort,TBD,unqueried backlog; Google autocomplete: communication problems in relationships a,80
solving communication problems in a relationship,backlog-effort,TBD,unqueried backlog; Google autocomplete: communication problems in relationships a,80
dealing with communication problems in a relationship,backlog-effort,TBD,unqueried backlog; Google autocomplete: communication problems in relationships a,80
what causes communication problems in a relationship,backlog-effort,TBD,unqueried backlog; Google autocomplete: communication problems in relationships a,80
communication issues early in a relationship,backlog-effort,TBD,unqueried backlog; Google autocomplete: communication problems in relationships a,80
having communication problems in relationship,backlog-effort,TBD,unqueried backlog; Google autocomplete: communication problems in relationships h,80
healthy communication in relationships examples,backlog-effort,TBD,unqueried backlog; Google autocomplete: healthy communication in relationships,80
effective communication in relationships,backlog-effort,TBD,unqueried backlog; Google autocomplete: healthy communication in relationships,80
good communication in relationships,backlog-effort,TBD,unqueried backlog; Google autocomplete: healthy communication in relationships,80
healthy communication in a relationship,backlog-effort,TBD,unqueried backlog; Google autocomplete: healthy communication in relationships a,80
good communication in a relationship,backlog-effort,TBD,unqueried backlog; Google autocomplete: healthy communication in relationships a,80
effective communication in a relationship,backlog-effort,TBD,unqueried backlog; Google autocomplete: healthy communication in relationships a,80
good communication in a relationship meaning,backlog-effort,TBD,unqueried backlog; Google autocomplete: healthy communication in relationships a,80
relationship check in questions gottman,backlog-effort,TBD,unqueried backlog; Google autocomplete: relationship check in questions,80
relationship check in questions weekly,backlog-effort,TBD,unqueried backlog; Google autocomplete: relationship check in questions,80
relationship check in questions monthly,backlog-effort,TBD,unqueried backlog; Google autocomplete: relationship check in questions,80
relationship check in questions polyamory,backlog-effort,TBD,unqueried backlog; Google autocomplete: relationship check in questions,80
relationship check in questions at 3 months,backlog-effort,TBD,unqueried backlog; Google autocomplete: relationship check in questions a,80
relationship check in questions anniversary,backlog-effort,TBD,unqueried backlog; Google autocomplete: relationship check in questions a,80
relationship check in questions to ask,backlog-effort,TBD,unqueried backlog; Google autocomplete: relationship check in questions a,80
annual relationship check in questions,backlog-effort,TBD,unqueried backlog; Google autocomplete: relationship check in questions a,80
relationship anarchy check in questions,backlog-effort,TBD,unqueried backlog; Google autocomplete: relationship check in questions a,80
what are good relationship check in questions,backlog-effort,TBD,unqueried backlog; Google autocomplete: relationship check in questions a,80
check in questions for a relationship,backlog-effort,TBD,unqueried backlog; Google autocomplete: relationship check in questions a,80
questions to ask during relationship check in,backlog-effort,TBD,unqueried backlog; Google autocomplete: relationship check in questions a,80
questions for a weekly relationship check in,backlog-effort,TBD,unqueried backlog; Google autocomplete: relationship check in questions a,80
healthy relationship check in questions,backlog-effort,TBD,unqueried backlog; Google autocomplete: relationship check in questions h,80
questions to ask during a relationship check in,backlog-effort,TBD,unqueried backlog; Google autocomplete: relationship check in questions h,80
questions to check in with your partner,backlog-effort,TBD,unqueried backlog; Google autocomplete: relationship check in questions h,80
do you know me questions for couples,backlog-effort,TBD,unqueried backlog; Google autocomplete: relationship check in questions h,80
how to get to know your partner better questions,backlog-effort,TBD,unqueried backlog; Google autocomplete: relationship check in questions h,80
relationship expectations and boundaries,backlog-effort,TBD,unqueried backlog; Google autocomplete: relationship expectations a,80
relationship expectations always hurt,backlog-effort,TBD,unqueried backlog; Google autocomplete: relationship expectations a,80
dating expectations after 4 months,backlog-effort,TBD,unqueried backlog; Google autocomplete: relationship expectations a,80
relationship expectations in a friendship,backlog-effort,TBD,unqueried backlog; Google autocomplete: relationship expectations a,80
relationship expectations and relationship quality,backlog-effort,TBD,unqueried backlog; Google autocomplete: relationship expectations a,80
relationship expectations too high,backlog-effort,TBD,unqueried backlog; Google autocomplete: relationship expectations h,80
should a relationship have expectations,backlog-effort,TBD,unqueried backlog; Google autocomplete: relationship expectations h,80
do expectations ruin relationships,backlog-effort,TBD,unqueried backlog; Google autocomplete: relationship expectations h,80
how expectations ruin relationships,backlog-effort,TBD,unqueried backlog; Google autocomplete: relationship expectations h,80
what are some good expectations in a relationship,backlog-effort,TBD,unqueried backlog; Google autocomplete: relationship expectations h,80
relationship boundaries list examples,backlog-effort,TBD,unqueried backlog; Google autocomplete: relationship boundaries,80
relationship boundaries list examples for couples,backlog-effort,TBD,unqueried backlog; Google autocomplete: relationship boundaries,80
relationship boundaries and expectations,backlog-effort,TBD,unqueried backlog; Google autocomplete: relationship boundaries a,80
relationship boundaries and rules,backlog-effort,TBD,unqueried backlog; Google autocomplete: relationship boundaries a,80
relationship boundaries and respect,backlog-effort,TBD,unqueried backlog; Google autocomplete: relationship boundaries a,80
relationship map account plan salesforce,backlog-effort,TBD,unqueried backlog; Google autocomplete: relationship boundaries a,80
relationship boundaries to have,backlog-effort,TBD,unqueried backlog; Google autocomplete: relationship boundaries h,80
relationship boundaries to have before hand,backlog-effort,TBD,unqueried backlog; Google autocomplete: relationship boundaries h,80
should relationship have boundaries,backlog-effort,TBD,unqueried backlog; Google autocomplete: relationship boundaries h,80
every relationship has boundaries,backlog-effort,TBD,unqueried backlog; Google autocomplete: relationship boundaries h,80
does relationship have boundaries,backlog-effort,TBD,unqueried backlog; Google autocomplete: relationship boundaries h,80
healthy relationship boundaries examples,backlog-effort,TBD,unqueried backlog; Google autocomplete: relationship boundaries h,80
red flags in a relationship with a man,backlog-signals,TBD,unqueried backlog; Google autocomplete: red flags in a relationship,80
red flags in a relationship with a woman,backlog-signals,TBD,unqueried backlog; Google autocomplete: red flags in a relationship,80
red flags in a relationship examples,backlog-signals,TBD,unqueried backlog; Google autocomplete: red flags in a relationship,80
red flags in a relationship list,backlog-signals,TBD,unqueried backlog; Google autocomplete: red flags in a relationship,80
red flags in a relationship for guys,backlog-signals,TBD,unqueried backlog; Google autocomplete: red flags in a relationship,80
red flags in a relationship meaning,backlog-signals,TBD,unqueried backlog; Google autocomplete: red flags in a relationship,80
red flags in a dating app,backlog-signals,TBD,unqueried backlog; Google autocomplete: red flags in a relationship a,80
red flags in a relationship with a girl,backlog-signals,TBD,unqueried backlog; Google autocomplete: red flags in a relationship a,80
red flags in any relationship,backlog-signals,TBD,unqueried backlog; Google autocomplete: red flags in a relationship a,80
red flags in relationships and friendships,backlog-signals,TBD,unqueried backlog; Google autocomplete: red flags in a relationship a,80
red flags about a relationship,backlog-signals,TBD,unqueried backlog; Google autocomplete: red flags in a relationship a,80
red flags in a healthy relationship,backlog-signals,TBD,unqueried backlog; Google autocomplete: red flags in a relationship h,80
huge red flags in a relationship,backlog-signals,TBD,unqueried backlog; Google autocomplete: red flags in a relationship h,80
hidden red flags in a relationship,backlog-signals,TBD,unqueried backlog; Google autocomplete: red flags in a relationship h,80
red flags to have in a relationship,backlog-signals,TBD,unqueried backlog; Google autocomplete: red flags in a relationship h,80
how to identify red flags in a relationship,backlog-signals,TBD,unqueried backlog; Google autocomplete: red flags in a relationship h,80
green flags in a relationship with a man,backlog-signals,TBD,unqueried backlog; Google autocomplete: green flags in a relationship,80
green flags in a relationship examples,backlog-signals,TBD,unqueried backlog; Google autocomplete: green flags in a relationship,80
green flags in a relationship with a woman,backlog-signals,TBD,unqueried backlog; Google autocomplete: green flags in a relationship,80
green flags in a relationship list,backlog-signals,TBD,unqueried backlog; Google autocomplete: green flags in a relationship,80
green flags in a relationship meaning,backlog-signals,TBD,unqueried backlog; Google autocomplete: green flags in a relationship,80
green flags in dating apps,backlog-signals,TBD,unqueried backlog; Google autocomplete: green flags in a relationship a,80
green flags in a girl in a relationship,backlog-signals,TBD,unqueried backlog; Google autocomplete: green flags in a relationship a,80
are green flags in a relationship,backlog-signals,TBD,unqueried backlog; Google autocomplete: green flags in a relationship a,80
green flags in a guy in a relationship,backlog-signals,TBD,unqueried backlog; Google autocomplete: green flags in a relationship a,80
green flags in an early relationship,backlog-signals,TBD,unqueried backlog; Google autocomplete: green flags in a relationship a,80
red and green flags in a relationship,backlog-signals,TBD,unqueried backlog; Google autocomplete: green flags in a relationship a,80
green flags in a relationship hinge,backlog-signals,TBD,unqueried backlog; Google autocomplete: green flags in a relationship h,80
green flags in a healthy relationship,backlog-signals,TBD,unqueried backlog; Google autocomplete: green flags in a relationship h,80
green flags to have in a relationship,backlog-signals,TBD,unqueried backlog; Google autocomplete: green flags in a relationship h,80
how to identify green flags in a relationship,backlog-signals,TBD,unqueried backlog; Google autocomplete: green flags in a relationship h,80
red flags in men when dating,backlog-signals,TBD,unqueried backlog; Google autocomplete: red flags in men,80
red flags in men list,backlog-signals,TBD,unqueried backlog; Google autocomplete: red flags in men,80
red flags in men examples,backlog-signals,TBD,unqueried backlog; Google autocomplete: red flags in men,80
red flags in men early dating,backlog-signals,TBD,unqueried backlog; Google autocomplete: red flags in men,80
red flags in men relationships,backlog-signals,TBD,unqueried backlog; Google autocomplete: red flags in men,80
red flags in men on a first date,backlog-signals,TBD,unqueried backlog; Google autocomplete: red flags in men,80
red flags in men at the beginning of a relationship,backlog-signals,TBD,unqueried backlog; Google autocomplete: red flags in men a,80
red flags in men and women,backlog-signals,TBD,unqueried backlog; Google autocomplete: red flags in men a,80
red flags in men app,backlog-signals,TBD,unqueried backlog; Google autocomplete: red flags in men a,80
red flags in a men,backlog-signals,TBD,unqueried backlog; Google autocomplete: red flags in men a,80
red flags in arab men,backlog-signals,TBD,unqueried backlog; Google autocomplete: red flags in men a,80
red flags in guys and girls,backlog-signals,TBD,unqueried backlog; Google autocomplete: red flags in men a,80
red flags men have for women,backlog-signals,TBD,unqueried backlog; Google autocomplete: red flags in men h,80
red flags in a guys house,backlog-signals,TBD,unqueried backlog; Google autocomplete: red flags in men h,80
huge red flags in men,backlog-signals,TBD,unqueried backlog; Google autocomplete: red flags in men h,80
hidden red flags in men,backlog-signals,TBD,unqueried backlog; Google autocomplete: red flags in men h,80
common red flags men have for women,backlog-signals,TBD,unqueried backlog; Google autocomplete: red flags in men h,80
red flag man kya hota hai,backlog-signals,TBD,unqueried backlog; Google autocomplete: red flags in men h,80
steve harvey red flags in men,backlog-signals,TBD,unqueried backlog; Google autocomplete: red flags in men h,80
green flags in men list,backlog-signals,TBD,unqueried backlog; Google autocomplete: green flags in men,80
green flags in men relationships,backlog-signals,TBD,unqueried backlog; Google autocomplete: green flags in men,80
green flags in men when dating,backlog-signals,TBD,unqueried backlog; Google autocomplete: green flags in men,80
green flags in men examples,backlog-signals,TBD,unqueried backlog; Google autocomplete: green flags in men,80
green flags in men first date,backlog-signals,TBD,unqueried backlog; Google autocomplete: green flags in men,80
green flags in men hinge,backlog-signals,TBD,unqueried backlog; Google autocomplete: green flags in men,80
green flags in a men,backlog-signals,TBD,unqueried backlog; Google autocomplete: green flags in men a,80
green flags in guys apartment,backlog-signals,TBD,unqueried backlog; Google autocomplete: green flags in men a,80
green flags in a man when dating,backlog-signals,TBD,unqueried backlog; Google autocomplete: green flags in men a,80
green flags in a man list,backlog-signals,TBD,unqueried backlog; Google autocomplete: green flags in men a,80
green flag in a man meaning,backlog-signals,TBD,unqueried backlog; Google autocomplete: green flags in men a,80
green flags in a guys house,backlog-signals,TBD,unqueried backlog; Google autocomplete: green flags in men a,80
best green flags in a man,backlog-signals,TBD,unqueried backlog; Google autocomplete: green flags in men a,80
biggest green flags in a man,backlog-signals,TBD,unqueried backlog; Google autocomplete: green flags in men a,80
green flag man kya hota hai,backlog-signals,TBD,unqueried backlog; Google autocomplete: green flags in men h,80
what are relationship green flags,backlog-signals,TBD,unqueried backlog; Google autocomplete: green flags in men h,80
what are the green flags,backlog-signals,TBD,unqueried backlog; Google autocomplete: green flags in men h,80
texting red flags before first date,backlog-signals,TBD,unqueried backlog; Google autocomplete: texting red flags,80
red flags texting a guy,backlog-signals,TBD,unqueried backlog; Google autocomplete: texting red flags,80
is bad texting a red flag,backlog-signals,TBD,unqueried backlog; Google autocomplete: texting red flags,80
is texting too much a red flag,backlog-signals,TBD,unqueried backlog; Google autocomplete: texting red flags,80
is double texting a red flag,backlog-signals,TBD,unqueried backlog; Google autocomplete: texting red flags,80
red flags in texting a girl,backlog-signals,TBD,unqueried backlog; Google autocomplete: texting red flags a,80
red flags when texting a new guy,backlog-signals,TBD,unqueried backlog; Google autocomplete: texting red flags a,80
is being a bad texter a red flag,backlog-signals,TBD,unqueried backlog; Google autocomplete: texting red flags a,80
is not texting back a red flag,backlog-signals,TBD,unqueried backlog; Google autocomplete: texting red flags a,80
love bombing after a fight,backlog-signals,TBD,unqueried backlog; Google autocomplete: love bombing a,80
love bombing after a breakup,backlog-signals,TBD,unqueried backlog; Google autocomplete: love bombing a,80
love bombing and future faking,backlog-signals,TBD,unqueried backlog; Google autocomplete: love bombing a,80
love bombing after an argument,backlog-signals,TBD,unqueried backlog; Google autocomplete: love bombing a,80
love bombing how to stop,backlog-signals,TBD,unqueried backlog; Google autocomplete: love bombing h,80
love bombing how to respond,backlog-signals,TBD,unqueried backlog; Google autocomplete: love bombing h,80
love bombing how long does it last,backlog-signals,TBD,unqueried backlog; Google autocomplete: love bombing h,80
love bombing how to deal with it,backlog-signals,TBD,unqueried backlog; Google autocomplete: love bombing h,80
love bombing how to recognize,backlog-signals,TBD,unqueried backlog; Google autocomplete: love bombing h,80
love bombing how to know,backlog-signals,TBD,unqueried backlog; Google autocomplete: love bombing h,80
love bombing signs in a relationship,backlog-signals,TBD,unqueried backlog; Google autocomplete: love bombing signs,80
love bombing signs from a man,backlog-signals,TBD,unqueried backlog; Google autocomplete: love bombing signs,80
love bombing signs vs genuine,backlog-signals,TBD,unqueried backlog; Google autocomplete: love bombing signs,80
love bombing signs from a woman,backlog-signals,TBD,unqueried backlog; Google autocomplete: love bombing signs,80
love bombing signs over text,backlog-signals,TBD,unqueried backlog; Google autocomplete: love bombing signs,80
love bombing signs first date,backlog-signals,TBD,unqueried backlog; Google autocomplete: love bombing signs,80
love bombing a sign of,backlog-signals,TBD,unqueried backlog; Google autocomplete: love bombing signs a,80
love bombing meaning and signs,backlog-signals,TBD,unqueried backlog; Google autocomplete: love bombing signs a,80
signs he's love bombing you,backlog-signals,TBD,unqueried backlog; Google autocomplete: love bombing signs h,80
how do you know if it's love bombing,backlog-signals,TBD,unqueried backlog; Google autocomplete: love bombing signs h,80
love bombing examples in relationships,backlog-signals,TBD,unqueried backlog; Google autocomplete: love bombing examples,80
love bombing examples in real life,backlog-signals,TBD,unqueried backlog; Google autocomplete: love bombing examples,80
love bombing examples in marriage,backlog-signals,TBD,unqueried backlog; Google autocomplete: love bombing examples,80
love bombing examples text for him,backlog-signals,TBD,unqueried backlog; Google autocomplete: love bombing examples,80
love bombing definition and examples,backlog-signals,TBD,unqueried backlog; Google autocomplete: love bombing examples a,80
examples of love bombing in a relationship,backlog-signals,TBD,unqueried backlog; Google autocomplete: love bombing examples a,80
love bombing in a sentence examples,backlog-signals,TBD,unqueried backlog; Google autocomplete: love bombing examples a,80
examples of love bombing from a guy,backlog-signals,TBD,unqueried backlog; Google autocomplete: love bombing examples a,80
love bombing and gaslighting examples,backlog-signals,TBD,unqueried backlog; Google autocomplete: love bombing examples a,80
love bombing vs genuine interest examples,backlog-signals,TBD,unqueried backlog; Google autocomplete: love bombing vs genuine interest,80
love bombing vs genuine interest psychology,backlog-signals,TBD,unqueried backlog; Google autocomplete: love bombing vs genuine interest,80
love bombing or genuine interest,backlog-signals,TBD,unqueried backlog; Google autocomplete: love bombing vs genuine interest,80
love bombing vs real interest,backlog-signals,TBD,unqueried backlog; Google autocomplete: love bombing vs genuine interest,80
signs of love bombing vs genuine interest,backlog-signals,TBD,unqueried backlog; Google autocomplete: love bombing vs genuine interest,80
is he love bombing or genuinely interested,backlog-signals,TBD,unqueried backlog; Google autocomplete: love bombing vs genuine interest,80
future faking in long-term relationship,backlog-signals,TBD,unqueried backlog; Google autocomplete: future faking,80
future faking examples in relationships,backlog-signals,TBD,unqueried backlog; Google autocomplete: future faking examples,80
hot and cold behavior psychology,backlog-signals,TBD,unqueried backlog; Google autocomplete: hot and cold behavior,80
hot and cold behavior from girl,backlog-signals,TBD,unqueried backlog; Google autocomplete: hot and cold behavior,80
hot and cold behavior from a guy,backlog-signals,TBD,unqueried backlog; Google autocomplete: hot and cold behavior,80
hot and cold behavior in women,backlog-signals,TBD,unqueried backlog; Google autocomplete: hot and cold behavior,80
hot and cold behavior in men,backlog-signals,TBD,unqueried backlog; Google autocomplete: hot and cold behavior,80
hot and cold behavior in relationships,backlog-signals,TBD,unqueried backlog; Google autocomplete: hot and cold behavior,80
hot and cold behavior meaning,backlog-signals,TBD,unqueried backlog; Google autocomplete: hot and cold behavior,80
hot and cold behavior from ex,backlog-signals,TBD,unqueried backlog; Google autocomplete: hot and cold behavior,80
hot and cold behavior after breakup,backlog-signals,TBD,unqueried backlog; Google autocomplete: hot and cold behavior a,80
hot and cold behavior in a relationship,backlog-signals,TBD,unqueried backlog; Google autocomplete: hot and cold behavior a,80
is hot and cold behavior a red flag,backlog-signals,TBD,unqueried backlog; Google autocomplete: hot and cold behavior a,80
hot and cold behavior from a girl,backlog-signals,TBD,unqueried backlog; Google autocomplete: hot and cold behavior a,80
hot and cold behavior from a woman,backlog-signals,TBD,unqueried backlog; Google autocomplete: hot and cold behavior a,80
hot and cold behavior from an ex,backlog-signals,TBD,unqueried backlog; Google autocomplete: hot and cold behavior a,80
husband hot and cold behavior,backlog-signals,TBD,unqueried backlog; Google autocomplete: hot and cold behavior h,80
how to handle hot and cold behavior,backlog-signals,TBD,unqueried backlog; Google autocomplete: hot and cold behavior h,80
how to stop hot and cold behavior,backlog-signals,TBD,unqueried backlog; Google autocomplete: hot and cold behavior h,80
tired of his hot and cold behavior,backlog-signals,TBD,unqueried backlog; Google autocomplete: hot and cold behavior h,80
how to confront hot and cold behavior,backlog-signals,TBD,unqueried backlog; Google autocomplete: hot and cold behavior h,80
how to respond to hot and cold behavior,backlog-signals,TBD,unqueried backlog; Google autocomplete: hot and cold behavior h,80
push and pull relationship examples,backlog-signals,TBD,unqueried backlog; Google autocomplete: push pull relationship,80
push pull in a relationship,backlog-signals,TBD,unqueried backlog; Google autocomplete: push pull relationship a,80
push and pull relationship meaning,backlog-signals,TBD,unqueried backlog; Google autocomplete: push pull relationship a,80
push and pull relationship psychology,backlog-signals,TBD,unqueried backlog; Google autocomplete: push pull relationship a,80
push and pull relationship dynamic,backlog-signals,TBD,unqueried backlog; Google autocomplete: push pull relationship a,80
how to end push pull relationship,backlog-signals,TBD,unqueried backlog; Google autocomplete: push pull relationship h,80
how to fix push pull relationship,backlog-signals,TBD,unqueried backlog; Google autocomplete: push pull relationship h,80
how to stop push pull relationship,backlog-signals,TBD,unqueried backlog; Google autocomplete: push pull relationship h,80
what causes push pull relationships,backlog-signals,TBD,unqueried backlog; Google autocomplete: push pull relationship h,80
signs of a push pull relationship,backlog-signals,TBD,unqueried backlog; Google autocomplete: push pull relationship h,80
signs of benching in dating,backlog-signals,TBD,unqueried backlog; Google autocomplete: benching in dating,80
what is orbiting in dating,backlog-signals,TBD,unqueried backlog; Google autocomplete: orbiting meaning dating,80
what happened to craigslist dating,backlog-signals,TBD,unqueried backlog; Google autocomplete: paperclipping dating,80
what is caspering in dating,backlog-signals,TBD,unqueried backlog; Google autocomplete: zombieing dating,80
what is zombieing in dating,backlog-signals,TBD,unqueried backlog; Google autocomplete: zombieing dating a,80
signs situationship is catching feelings,backlog-signals,TBD,unqueried backlog; Google autocomplete: situationship signs,80
how do you know if you are in a situationship,backlog-signals,TBD,unqueried backlog; Google autocomplete: situationship signs,80
signs a situationship will come back,backlog-signals,TBD,unqueried backlog; Google autocomplete: situationship signs a,80
how do you know if you're in a situationship,backlog-signals,TBD,unqueried backlog; Google autocomplete: situationship signs a,80
situationship vs friends with benefits psychology,backlog-signals,TBD,unqueried backlog; Google autocomplete: situationship vs friends with benefits,80
situationship vs friends with benefits meaning,backlog-signals,TBD,unqueried backlog; Google autocomplete: situationship vs friends with benefits,80
situationship vs friends with benefits whats the difference,backlog-signals,TBD,unqueried backlog; Google autocomplete: situationship vs friends with benefits,80
situationship and friends with benefits,backlog-signals,TBD,unqueried backlog; Google autocomplete: situationship vs friends with benefits,80
situationship vs relationship vs friends with benefits,backlog-signals,TBD,unqueried backlog; Google autocomplete: situationship vs friends with benefits,80
is situationship and friends with benefits the same,backlog-signals,TBD,unqueried backlog; Google autocomplete: situationship vs friends with benefits,80
are situationships and friends with benefits the same thing,backlog-signals,TBD,unqueried backlog; Google autocomplete: situationship vs friends with benefits a,80
what is a situationship vs friends with benefits,backlog-signals,TBD,unqueried backlog; Google autocomplete: situationship vs friends with benefits a,80
is friends with benefits better than a relationship,backlog-signals,TBD,unqueried backlog; Google autocomplete: situationship vs friends with benefits a,80
difference between situationship and friends with benefits,backlog-signals,TBD,unqueried backlog; Google autocomplete: situationship vs friends with benefits a,80
how to end a situationship over text,backlog-signals,TBD,unqueried backlog; Google autocomplete: how to end a situationship,80
how to end a situationship over text examples for her,backlog-signals,TBD,unqueried backlog; Google autocomplete: how to end a situationship,80
how to end a situationship with a guy,backlog-signals,TBD,unqueried backlog; Google autocomplete: how to end a situationship,80
how to end a situationship nicely,backlog-signals,TBD,unqueried backlog; Google autocomplete: how to end a situationship,80
how to end a situationship over text with a guy,backlog-signals,TBD,unqueried backlog; Google autocomplete: how to end a situationship,80
how to end a situationship over text examples,backlog-signals,TBD,unqueried backlog; Google autocomplete: how to end a situationship,80
how to end a situationship and stay friends,backlog-signals,TBD,unqueried backlog; Google autocomplete: how to end a situationship,80
how to end a situationship and stay friends psychology,backlog-signals,TBD,unqueried backlog; Google autocomplete: how to end a situationship a,80
how to end a situationship and stay friends over text,backlog-signals,TBD,unqueried backlog; Google autocomplete: how to end a situationship a,80
how to end a situationship with a girl,backlog-signals,TBD,unqueried backlog; Google autocomplete: how to end a situationship a,80
how to end a situationship with a friend,backlog-signals,TBD,unqueried backlog; Google autocomplete: how to end a situationship a,80
how to end a situationship over text examples for him,backlog-signals,TBD,unqueried backlog; Google autocomplete: how to end a situationship h,80
how to handle the end of a situationship,backlog-signals,TBD,unqueried backlog; Google autocomplete: how to end a situationship h,80
how do you end a situationship,backlog-signals,TBD,unqueried backlog; Google autocomplete: how to end a situationship h,80
what to say to end a situationship,backlog-signals,TBD,unqueried backlog; Google autocomplete: how to end a situationship h,80
how to get over a situationship without closure,backlog-signals,TBD,unqueried backlog; Google autocomplete: how to get over a situationship,80
how to get over a situationship breakup,backlog-signals,TBD,unqueried backlog; Google autocomplete: how to get over a situationship,80
how to get over a situationship fast,backlog-signals,TBD,unqueried backlog; Google autocomplete: how to get over a situationship,80
how to get over a situationship that ghosted you,backlog-signals,TBD,unqueried backlog; Google autocomplete: how to get over a situationship,80
how to get over a situationship with a friend,backlog-signals,TBD,unqueried backlog; Google autocomplete: how to get over a situationship a,80
how to get over a situationship with a guy,backlog-signals,TBD,unqueried backlog; Google autocomplete: how to get over a situationship a,80
how to get out of a situationship with a guy,backlog-signals,TBD,unqueried backlog; Google autocomplete: how to get over a situationship a,80
how to get out of a situationship with a friend,backlog-signals,TBD,unqueried backlog; Google autocomplete: how to get over a situationship a,80
how to get out of a situationship with a girl,backlog-signals,TBD,unqueried backlog; Google autocomplete: how to get over a situationship a,80
how to get over a situationship heartbreak,backlog-signals,TBD,unqueried backlog; Google autocomplete: how to get over a situationship h,80
how to get out of a situationship without hurting them,backlog-signals,TBD,unqueried backlog; Google autocomplete: how to get over a situationship h,80
how to have a healthy situationship,backlog-signals,TBD,unqueried backlog; Google autocomplete: how to get over a situationship h,80
how long does it take to get over a situationship,backlog-signals,TBD,unqueried backlog; Google autocomplete: how to get over a situationship h,80
how to heal from a situationship,backlog-signals,TBD,unqueried backlog; Google autocomplete: how to get over a situationship h,80
what to do about a situationship,backlog-signals,TBD,unqueried backlog; Google autocomplete: how to get over a situationship h,80
how long can a situationship last,backlog-signals,TBD,unqueried backlog; Google autocomplete: how to get over a situationship h,80
how to turn a situationship into a relationship psychology,backlog-signals,TBD,unqueried backlog; Google autocomplete: how to turn a situationship into a relationship,80
how to make a situationship into a relationship,backlog-signals,TBD,unqueried backlog; Google autocomplete: how to turn a situationship into a relationship,80
how does a situationship turn into a relationship,backlog-signals,TBD,unqueried backlog; Google autocomplete: how to turn a situationship into a relationship,80
how often does a situationship turn into a relationship,backlog-signals,TBD,unqueried backlog; Google autocomplete: how to turn a situationship into a relationship,80
is it possible to turn a situationship into a relationship,backlog-signals,TBD,unqueried backlog; Google autocomplete: how to turn a situationship into a relationship,80
can a situationship turn into a relationship,backlog-signals,TBD,unqueried backlog; Google autocomplete: how to turn a situationship into a relationship,80
no contact rule after breakup to get her back,backlog-ex,TBD,unqueried backlog; Google autocomplete: no contact rule a,80
no contact rule after breakup to get him back,backlog-ex,TBD,unqueried backlog; Google autocomplete: no contact rule a,80
no contact rule how long should i wait,backlog-ex,TBD,unqueried backlog; Google autocomplete: no contact rule h,80
no contact rule will he come back,backlog-ex,TBD,unqueried backlog; Google autocomplete: no contact rule h,80
no contact rule after breakup how long,backlog-ex,TBD,unqueried backlog; Google autocomplete: no contact rule after breakup,80
3 days no contact rule after breakup,backlog-ex,TBD,unqueried backlog; Google autocomplete: no contact rule after breakup,80
benefits of no contact rule after a breakup,backlog-ex,TBD,unqueried backlog; Google autocomplete: no contact rule after breakup a,80
no contact rule after a bad break up,backlog-ex,TBD,unqueried backlog; Google autocomplete: no contact rule after breakup a,80
how effective is the no contact rule after a breakup,backlog-ex,TBD,unqueried backlog; Google autocomplete: no contact rule after breakup a,80
how long is the no contact rule after a breakup,backlog-ex,TBD,unqueried backlog; Google autocomplete: no contact rule after breakup a,80
what does no contact do after a breakup,backlog-ex,TBD,unqueried backlog; Google autocomplete: no contact rule after breakup h,80
what is no contact rule after breakup,backlog-ex,TBD,unqueried backlog; Google autocomplete: no contact rule after breakup h,80
is no contact after a breakup necessary,backlog-ex,TBD,unqueried backlog; Google autocomplete: no contact rule after breakup h,80
does no contact rule help you get your ex back,backlog-ex,TBD,unqueried backlog; Google autocomplete: does no contact work h,80
what to do when your ex texts you happy birthday,backlog-ex,TBD,unqueried backlog; Google autocomplete: what to do when your ex texts you,80
what to do when your ex texts you after years,backlog-ex,TBD,unqueried backlog; Google autocomplete: what to do when your ex texts you,80
what to do when your ex messages you,backlog-ex,TBD,unqueried backlog; Google autocomplete: what to do when your ex texts you,80
what to do when your toxic ex texts you,backlog-ex,TBD,unqueried backlog; Google autocomplete: what to do when your ex texts you,80
what to do when your ex sends you a message,backlog-ex,TBD,unqueried backlog; Google autocomplete: what to do when your ex texts you a,80
what to do if your ex texts you happy birthday,backlog-ex,TBD,unqueried backlog; Google autocomplete: what to do when your ex texts you h,80
what to do when your ex husband keeps texting you,backlog-ex,TBD,unqueried backlog; Google autocomplete: what to do when your ex texts you h,80
what to say when your ex texts you happy birthday,backlog-ex,TBD,unqueried backlog; Google autocomplete: what to do when your ex texts you h,80
what to say when your ex texts you hey,backlog-ex,TBD,unqueried backlog; Google autocomplete: what to do when your ex texts you h,80
how to respond to an ex who hurt you text,backlog-ex,TBD,unqueried backlog; Google autocomplete: how to respond to an ex,80
how to respond to an ex who hurt you psychology,backlog-ex,TBD,unqueried backlog; Google autocomplete: how to respond to an ex,80
how to respond to an ex checking up on you,backlog-ex,TBD,unqueried backlog; Google autocomplete: how to respond to an ex,80
how to respond to an ex saying i miss you,backlog-ex,TBD,unqueried backlog; Google autocomplete: how to respond to an ex,80
how to respond to an ex parte motion in california,backlog-ex,TBD,unqueried backlog; Google autocomplete: how to respond to an ex,80
how to respond to an ex asking how you are,backlog-ex,TBD,unqueried backlog; Google autocomplete: how to respond to an ex,80
how to respond to an ex who hurt you,backlog-ex,TBD,unqueried backlog; Google autocomplete: how to respond to an ex,80
how to respond to an ex asking for money,backlog-ex,TBD,unqueried backlog; Google autocomplete: how to respond to an ex a,80
how to respond to an ex after no contact,backlog-ex,TBD,unqueried backlog; Google autocomplete: how to respond to an ex a,80
how to respond to an ex apologizing,backlog-ex,TBD,unqueried backlog; Google autocomplete: how to respond to an ex a,80
how to reply to an ex after no contact,backlog-ex,TBD,unqueried backlog; Google autocomplete: how to respond to an ex a,80
how to respond to an ex saying happy birthday,backlog-ex,TBD,unqueried backlog; Google autocomplete: how to respond to an ex h,80
how to respond to an ex saying hi,backlog-ex,TBD,unqueried backlog; Google autocomplete: how to respond to an ex h,80
ex texts you out of the blue,backlog-ex,TBD,unqueried backlog; Google autocomplete: ex texts out of the blue,80
ex boyfriend texts out of the blue,backlog-ex,TBD,unqueried backlog; Google autocomplete: ex texts out of the blue,80
ex girlfriend texts out of the blue,backlog-ex,TBD,unqueried backlog; Google autocomplete: ex texts out of the blue,80
ex text me out of the blue,backlog-ex,TBD,unqueried backlog; Google autocomplete: ex texts out of the blue,80
ex sends text out of the blue,backlog-ex,TBD,unqueried backlog; Google autocomplete: ex texts out of the blue,80
why do ex text out of the blue,backlog-ex,TBD,unqueried backlog; Google autocomplete: ex texts out of the blue,80
ex boyfriend text me out of the blue,backlog-ex,TBD,unqueried backlog; Google autocomplete: ex texts out of the blue,80
ex girlfriend text me out of the blue,backlog-ex,TBD,unqueried backlog; Google autocomplete: ex texts out of the blue,80
an ex texts you out of the blue,backlog-ex,TBD,unqueried backlog; Google autocomplete: ex texts out of the blue a,80
ex wants to meet up after years,backlog-ex,TBD,unqueried backlog; Google autocomplete: ex wants to meet up,80
ex wants to meet up after no contact,backlog-ex,TBD,unqueried backlog; Google autocomplete: ex wants to meet up,80
ex wants to meet up after a week,backlog-ex,TBD,unqueried backlog; Google autocomplete: ex wants to meet up,80
ex wants to meet up for closure,backlog-ex,TBD,unqueried backlog; Google autocomplete: ex wants to meet up,80
ex wants to meet up and talk,backlog-ex,TBD,unqueried backlog; Google autocomplete: ex wants to meet up,80
ex wants to meet up as friends,backlog-ex,TBD,unqueried backlog; Google autocomplete: ex wants to meet up,80
ex wants to meet up for coffee,backlog-ex,TBD,unqueried backlog; Google autocomplete: ex wants to meet up,80
ex wants to catch up as friends,backlog-ex,TBD,unqueried backlog; Google autocomplete: ex wants to meet up a,80
my boyfriend's ex wants to meet up with him,backlog-ex,TBD,unqueried backlog; Google autocomplete: ex wants to meet up h,80
how to respond when ex wants to meet up,backlog-ex,TBD,unqueried backlog; Google autocomplete: ex wants to meet up h,80
how to respond when ex wants to meet up text,backlog-ex,TBD,unqueried backlog; Google autocomplete: ex wants to meet up h,80
my boyfriend wants to meet up with his ex,backlog-ex,TBD,unqueried backlog; Google autocomplete: ex wants to meet up h,80
my girlfriend wants to meet up with her ex,backlog-ex,TBD,unqueried backlog; Google autocomplete: ex wants to meet up h,80
my gf wants to meet up with her ex,backlog-ex,TBD,unqueried backlog; Google autocomplete: ex wants to meet up h,80
my ex said happy birthday to me,backlog-ex,TBD,unqueried backlog; Google autocomplete: ex says happy birthday,80
when an ex says happy birthday,backlog-ex,TBD,unqueried backlog; Google autocomplete: ex says happy birthday a,80
can i wish my ex happy birthday,backlog-ex,TBD,unqueried backlog; Google autocomplete: ex says happy birthday a,80
reaching out to your ex for closure,backlog-ex,TBD,unqueried backlog; Google autocomplete: ex reaching out for closure,80
reaching out to an ex for closure,backlog-ex,TBD,unqueried backlog; Google autocomplete: ex reaching out for closure a,80
what is closure after a breakup,backlog-ex,TBD,unqueried backlog; Google autocomplete: closure after breakup h,80
why is my ex giving me mixed signals,backlog-ex,TBD,unqueried backlog; Google autocomplete: mixed signals from ex a,80
how to respond to mixed signals from ex,backlog-ex,TBD,unqueried backlog; Google autocomplete: mixed signals from ex h,80
signs your ex still loves you but is scared,backlog-ex,TBD,unqueried backlog; Google autocomplete: signs your ex still loves you,80
signs your ex still loves you but is hiding it,backlog-ex,TBD,unqueried backlog; Google autocomplete: signs your ex still loves you,80
signs your ex still loves you after a breakup,backlog-ex,TBD,unqueried backlog; Google autocomplete: signs your ex still loves you,80
signs your ex still loves you after years,backlog-ex,TBD,unqueried backlog; Google autocomplete: signs your ex still loves you,80
signs your ex still loves you and wants you back,backlog-ex,TBD,unqueried backlog; Google autocomplete: signs your ex still loves you a,80
what are signs your ex still loves you,backlog-ex,TBD,unqueried backlog; Google autocomplete: signs your ex still loves you a,80
what are signs your ex still likes you,backlog-ex,TBD,unqueried backlog; Google autocomplete: signs your ex still loves you a,80
signs you and your ex still love each other,backlog-ex,TBD,unqueried backlog; Google autocomplete: signs your ex still loves you a,80
signs your ex husband still loves you,backlog-ex,TBD,unqueried backlog; Google autocomplete: signs your ex still loves you h,80
signs your ex husband still loves you but is scared,backlog-ex,TBD,unqueried backlog; Google autocomplete: signs your ex still loves you h,80
signs that my ex still loves me,backlog-ex,TBD,unqueried backlog; Google autocomplete: signs your ex still loves you h,80
signs your ex misses you during no contact,backlog-ex,TBD,unqueried backlog; Google autocomplete: signs your ex misses you,80
signs your ex misses you but won t admit it,backlog-ex,TBD,unqueried backlog; Google autocomplete: signs your ex misses you,80
signs your ex misses you and wants you back,backlog-ex,TBD,unqueried backlog; Google autocomplete: signs your ex misses you,80
signs your ex misses you deeply,backlog-ex,TBD,unqueried backlog; Google autocomplete: signs your ex misses you,80
signs your ex misses you but is hiding it,backlog-ex,TBD,unqueried backlog; Google autocomplete: signs your ex misses you,80
signs your ex misses you on social media,backlog-ex,TBD,unqueried backlog; Google autocomplete: signs your ex misses you,80
signs your ex misses you during no contact psychology,backlog-ex,TBD,unqueried backlog; Google autocomplete: signs your ex misses you,80
signs your ex misses you after no contact,backlog-ex,TBD,unqueried backlog; Google autocomplete: signs your ex misses you a,80
spiritual signs your ex misses you after no contact,backlog-ex,TBD,unqueried backlog; Google autocomplete: signs your ex misses you a,80
signs your ex misses you after a breakup,backlog-ex,TBD,unqueried backlog; Google autocomplete: signs your ex misses you a,80
psychic signs your ex misses you after no contact,backlog-ex,TBD,unqueried backlog; Google autocomplete: signs your ex misses you a,80
psychic signs your ex misses you after years,backlog-ex,TBD,unqueried backlog; Google autocomplete: signs your ex misses you a,80
what are signs your ex misses you,backlog-ex,TBD,unqueried backlog; Google autocomplete: signs your ex misses you a,80
signs your ex girlfriend misses you but won't admit it,backlog-ex,TBD,unqueried backlog; Google autocomplete: signs your ex misses you a,80
can you feel when your ex misses you,backlog-ex,TBD,unqueried backlog; Google autocomplete: signs your ex misses you h,80
signs your ex has moved on for good,backlog-ex,TBD,unqueried backlog; Google autocomplete: signs your ex has moved on,80
how to know if your ex has moved on,backlog-ex,TBD,unqueried backlog; Google autocomplete: signs your ex has moved on,80
signs your ex girlfriend has moved on,backlog-ex,TBD,unqueried backlog; Google autocomplete: signs your ex has moved on,80
signs your ex has not moved on,backlog-ex,TBD,unqueried backlog; Google autocomplete: signs your ex has moved on,80
how can you tell if your ex moved on,backlog-ex,TBD,unqueried backlog; Google autocomplete: signs your ex has moved on,80
what are signs your ex has moved on,backlog-ex,TBD,unqueried backlog; Google autocomplete: signs your ex has moved on a,80
signs your ex has a new boyfriend,backlog-ex,TBD,unqueried backlog; Google autocomplete: signs your ex has moved on a,80
how to know if your ex has a new girlfriend,backlog-ex,TBD,unqueried backlog; Google autocomplete: signs your ex has moved on a,80
signs your ex husband has moved on,backlog-ex,TBD,unqueried backlog; Google autocomplete: signs your ex has moved on h,80
should i text my ex happy birthday,backlog-ex,TBD,unqueried backlog; Google autocomplete: should i text my ex,80
should i text my ex i miss him,backlog-ex,TBD,unqueried backlog; Google autocomplete: should i text my ex,80
should i text my ex i miss her,backlog-ex,TBD,unqueried backlog; Google autocomplete: should i text my ex,80
should i text my ex after 2 years,backlog-ex,TBD,unqueried backlog; Google autocomplete: should i text my ex,80
should i text my ex best friend,backlog-ex,TBD,unqueried backlog; Google autocomplete: should i text my ex,80
should i text my ex after 3 years,backlog-ex,TBD,unqueried backlog; Google autocomplete: should i text my ex,80
should i text my ex after a year,backlog-ex,TBD,unqueried backlog; Google autocomplete: should i text my ex a,80
should i text my ex after 6 months,backlog-ex,TBD,unqueried backlog; Google autocomplete: should i text my ex a,80
should i text my ex after 3 months,backlog-ex,TBD,unqueried backlog; Google autocomplete: should i text my ex a,80
should i text my ex after a month,backlog-ex,TBD,unqueried backlog; Google autocomplete: should i text my ex a,80
should i text my ex after a breakup,backlog-ex,TBD,unqueried backlog; Google autocomplete: should i text my ex a,80
should i text my ex after no contact,backlog-ex,TBD,unqueried backlog; Google autocomplete: should i text my ex a,80
should i text my ex after 5 years,backlog-ex,TBD,unqueried backlog; Google autocomplete: should i text my ex a,80
should i text my ex after 4 years,backlog-ex,TBD,unqueried backlog; Google autocomplete: should i text my ex a,80
should i text my ex happy birthday during no contact,backlog-ex,TBD,unqueried backlog; Google autocomplete: should i text my ex h,80
should i text my ex husband happy birthday,backlog-ex,TBD,unqueried backlog; Google autocomplete: should i text my ex h,80
should i text my ex happy fathers day,backlog-ex,TBD,unqueried backlog; Google autocomplete: should i text my ex h,80
should i text my ex happy new year,backlog-ex,TBD,unqueried backlog; Google autocomplete: should i text my ex h,80
should i text my ex happy thanksgiving,backlog-ex,TBD,unqueried backlog; Google autocomplete: should i text my ex h,80
should i text my ex happy valentine's day,backlog-ex,TBD,unqueried backlog; Google autocomplete: should i text my ex h,80
should i text my ex happy mother's day,backlog-ex,TBD,unqueried backlog; Google autocomplete: should i text my ex h,80
should i get back with my ex yes or no,backlog-ex,TBD,unqueried backlog; Google autocomplete: should i get back with my ex,80
should i get back with my ex wife,backlog-ex,TBD,unqueried backlog; Google autocomplete: should i get back with my ex,80
should i get back with my ex boyfriend,backlog-ex,TBD,unqueried backlog; Google autocomplete: should i get back with my ex,80
should i get back with my ex husband,backlog-ex,TBD,unqueried backlog; Google autocomplete: should i get back with my ex,80
should i get back with my ex who dumped me,backlog-ex,TBD,unqueried backlog; Google autocomplete: should i get back with my ex,80
should i try and get back with my ex,backlog-ex,TBD,unqueried backlog; Google autocomplete: should i get back with my ex a,80
should i get back at my ex,backlog-ex,TBD,unqueried backlog; Google autocomplete: should i get back with my ex a,80
i got back with my ex and it feels weird,backlog-ex,TBD,unqueried backlog; Google autocomplete: should i get back with my ex a,80
is getting back with an ex a good idea,backlog-ex,TBD,unqueried backlog; Google autocomplete: should i get back with my ex a,80
is it worth getting back with an ex,backlog-ex,TBD,unqueried backlog; Google autocomplete: should i get back with my ex a,80
is it smart to get back with your ex,backlog-ex,TBD,unqueried backlog; Google autocomplete: should i get back with my ex a,80
how should i get back with my ex,backlog-ex,TBD,unqueried backlog; Google autocomplete: should i get back with my ex h,80
how do i get back with my ex,backlog-ex,TBD,unqueried backlog; Google autocomplete: should i get back with my ex h,80
how do i get back with my ex girlfriend,backlog-ex,TBD,unqueried backlog; Google autocomplete: should i get back with my ex h,80
how do i get back with my ex boyfriend,backlog-ex,TBD,unqueried backlog; Google autocomplete: should i get back with my ex h,80
how do i get back with an ex,backlog-ex,TBD,unqueried backlog; Google autocomplete: should i get back with my ex h,80
how can i get back together with my ex,backlog-ex,TBD,unqueried backlog; Google autocomplete: should i get back with my ex h,80
long distance relationship activities online free,backlog-long-distance,TBD,unqueried backlog; Google autocomplete: long distance relationship a,80
long distance relationship how often do you text,backlog-long-distance,TBD,unqueried backlog; Google autocomplete: long distance relationship h,80
long distance relationship how to keep the spark,backlog-long-distance,TBD,unqueried backlog; Google autocomplete: long distance relationship h,80
long distance relationship how often do you talk,backlog-long-distance,TBD,unqueried backlog; Google autocomplete: long distance relationship h,80
long distance relationship how much communication,backlog-long-distance,TBD,unqueried backlog; Google autocomplete: long distance relationship communication h,80
long distance relationship texting too much,backlog-long-distance,TBD,unqueried backlog; Google autocomplete: long distance relationship texting,80
long distance boyfriend not texting as much,backlog-long-distance,TBD,unqueried backlog; Google autocomplete: long distance relationship texting a,80
long distance boyfriend bad at texting,backlog-long-distance,TBD,unqueried backlog; Google autocomplete: long distance relationship texting a,80
texting rules in a long distance relationship,backlog-long-distance,TBD,unqueried backlog; Google autocomplete: long distance relationship texting a,80
texting rules in a long distance relationship with a girl,backlog-long-distance,TBD,unqueried backlog; Google autocomplete: long distance relationship texting a,80
texting rules in a long distance relationship with a man,backlog-long-distance,TBD,unqueried backlog; Google autocomplete: long distance relationship texting a,80
only texting in a long distance relationship,backlog-long-distance,TBD,unqueried backlog; Google autocomplete: long distance relationship texting a,80
less texting in a long distance relationship,backlog-long-distance,TBD,unqueried backlog; Google autocomplete: long distance relationship texting a,80
texting rules in a long distance relationship examples,backlog-long-distance,TBD,unqueried backlog; Google autocomplete: long distance relationship texting a,80
long distance relationship texts for him,backlog-long-distance,TBD,unqueried backlog; Google autocomplete: long distance relationship texting h,80
long distance relationship text for her,backlog-long-distance,TBD,unqueried backlog; Google autocomplete: long distance relationship texting h,80
long distance love text for her,backlog-long-distance,TBD,unqueried backlog; Google autocomplete: long distance relationship texting h,80
long distance love texts for him,backlog-long-distance,TBD,unqueried backlog; Google autocomplete: long distance relationship texting h,80
long distance relationship text message for her,backlog-long-distance,TBD,unqueried backlog; Google autocomplete: long distance relationship texting h,80
long distance relationship text messages for him,backlog-long-distance,TBD,unqueried backlog; Google autocomplete: long distance relationship texting h,80
red flags in a long distance relationship with a man,backlog-long-distance,TBD,unqueried backlog; Google autocomplete: long distance relationship red flags,80
red flags in a long distance relationship,backlog-long-distance,TBD,unqueried backlog; Google autocomplete: long distance relationship red flags a,80
long distance relationship questions for him,backlog-long-distance,TBD,unqueried backlog; Google autocomplete: long distance relationship questions,80
long distance relationship questions to ask,backlog-long-distance,TBD,unqueried backlog; Google autocomplete: long distance relationship questions,80
long distance relationship questions for couples,backlog-long-distance,TBD,unqueried backlog; Google autocomplete: long distance relationship questions,80
long distance relationship questions to ask your girlfriend,backlog-long-distance,TBD,unqueried backlog; Google autocomplete: long distance relationship questions,80
long distance relationship questions on the phone,backlog-long-distance,TBD,unqueried backlog; Google autocomplete: long distance relationship questions,80
long distance relationship questions for her,backlog-long-distance,TBD,unqueried backlog; Google autocomplete: long distance relationship questions,80
long distance relationship questions to ask your partner,backlog-long-distance,TBD,unqueried backlog; Google autocomplete: long distance relationship questions,80
long distance relationship problems and solutions,backlog-long-distance,TBD,unqueried backlog; Google autocomplete: long distance relationship questions a,80
long distance relationship questions and answers,backlog-long-distance,TBD,unqueried backlog; Google autocomplete: long distance relationship questions a,80
long distance relationship questions to ask each other,backlog-long-distance,TBD,unqueried backlog; Google autocomplete: long distance relationship questions a,80
long distance relationship questions to ask her,backlog-long-distance,TBD,unqueried backlog; Google autocomplete: long distance relationship questions a,80
long term relationship questions to ask,backlog-long-distance,TBD,unqueried backlog; Google autocomplete: long distance relationship questions a,80
long distance dating questions to ask,backlog-long-distance,TBD,unqueried backlog; Google autocomplete: long distance relationship questions a,80
long distance relationship questions on the phone for him,backlog-long-distance,TBD,unqueried backlog; Google autocomplete: long distance relationship questions h,80
fun questions for long distance relationships,backlog-long-distance,TBD,unqueried backlog; Google autocomplete: long distance relationship questions h,80
long distance relationship she losing interest,backlog-long-distance,TBD,unqueried backlog; Google autocomplete: long distance relationship losing interest,80
is my long distance boyfriend losing interest,backlog-long-distance,TBD,unqueried backlog; Google autocomplete: long distance relationship losing interest,80
is my long distance boyfriend losing interest in me,backlog-long-distance,TBD,unqueried backlog; Google autocomplete: long distance relationship losing interest,80
losing interest in a long distance relationship,backlog-long-distance,TBD,unqueried backlog; Google autocomplete: long distance relationship losing interest a,80
losing feelings for long distance boyfriend,backlog-long-distance,TBD,unqueried backlog; Google autocomplete: long distance relationship losing interest a,80
how often should long distance couples talk on the phone,backlog-long-distance,TBD,unqueried backlog; Google autocomplete: how often should long distance couples talk,80
how often do long distance couples talk,backlog-long-distance,TBD,unqueried backlog; Google autocomplete: how often should long distance couples talk,80
how much should long distance couples talk,backlog-long-distance,TBD,unqueried backlog; Google autocomplete: how often should long distance couples talk,80
how often do long distance couples talk on the phone,backlog-long-distance,TBD,unqueried backlog; Google autocomplete: how often should long distance couples talk,80
how often should long distance relationships talk,backlog-long-distance,TBD,unqueried backlog; Google autocomplete: how often should long distance couples talk,80
how much do long distance couples talk,backlog-long-distance,TBD,unqueried backlog; Google autocomplete: how often should long distance couples talk,80
how often long distance relationship talk,backlog-long-distance,TBD,unqueried backlog; Google autocomplete: how often should long distance couples talk,80
how often should you talk long distance relationship,backlog-long-distance,TBD,unqueried backlog; Google autocomplete: how often should long distance couples talk,80
how often should long distance couples call,backlog-long-distance,TBD,unqueried backlog; Google autocomplete: how often should long distance couples talk,80
how often should a long distance couple talk,backlog-long-distance,TBD,unqueried backlog; Google autocomplete: how often should long distance couples talk a,80
how much should a long distance couple talk,backlog-long-distance,TBD,unqueried backlog; Google autocomplete: how often should long distance couples talk a,80
boyfriend stopped texting me good morning,backlog-long-distance,TBD,unqueried backlog; Google autocomplete: boyfriend stopped texting,80
boyfriend stops texting me at night,backlog-long-distance,TBD,unqueried backlog; Google autocomplete: boyfriend stopped texting,80
he stopped texting after first date,backlog-long-distance,TBD,unqueried backlog; Google autocomplete: boyfriend stopped texting a,80
he stopped texting and calling me,backlog-long-distance,TBD,unqueried backlog; Google autocomplete: boyfriend stopped texting a,80
he stopped texting after second date,backlog-long-distance,TBD,unqueried backlog; Google autocomplete: boyfriend stopped texting a,80
why has my boyfriend stopped texting me,backlog-long-distance,TBD,unqueried backlog; Google autocomplete: boyfriend stopped texting h,80
boyfriend ignoring my texts but snsering others,backlog-long-distance,TBD,unqueried backlog; Google autocomplete: boyfriend ignoring texts,80
boyfriend ignoring my texts and calls,backlog-long-distance,TBD,unqueried backlog; Google autocomplete: boyfriend ignoring texts,80
what to do when your boyfriend ignores your messages,backlog-long-distance,TBD,unqueried backlog; Google autocomplete: boyfriend ignoring texts a,80
why does my boyfriend ignore my texts,backlog-long-distance,TBD,unqueried backlog; Google autocomplete: boyfriend ignoring texts a,80
how to ask someone where a relationship is going,backlog-long-distance,TBD,unqueried backlog; Google autocomplete: how to ask where a relationship is going,80
how to ask if a relationship is going anywhere,backlog-long-distance,TBD,unqueried backlog; Google autocomplete: how to ask where a relationship is going,80
how to ask boyfriend when relationship is going,backlog-long-distance,TBD,unqueried backlog; Google autocomplete: how to ask where a relationship is going,80
how to ask guy where relationship is going,backlog-long-distance,TBD,unqueried backlog; Google autocomplete: how to ask where a relationship is going,80
how to ask a girl where the relationship is going,backlog-long-distance,TBD,unqueried backlog; Google autocomplete: how to ask where a relationship is going,80
how to ask where the relationship is going,backlog-long-distance,TBD,unqueried backlog; Google autocomplete: how to ask where a relationship is going a,80
how to ask someone where the relationship is going,backlog-long-distance,TBD,unqueried backlog; Google autocomplete: how to ask where a relationship is going a,80
how to ask a man where the relationship is going,backlog-long-distance,TBD,unqueried backlog; Google autocomplete: how to ask where a relationship is going a,80
how to ask your boyfriend where the relationship is going,backlog-long-distance,TBD,unqueried backlog; Google autocomplete: how to ask where a relationship is going a,80
how to ask how a relationship is going,backlog-long-distance,TBD,unqueried backlog; Google autocomplete: how to ask where a relationship is going h,80
ai chat analyzer relationship,backlog-tools,TBD,unqueried backlog; Google autocomplete: ai chat analyzer,95
ai chat analyzer instagram,backlog-tools,TBD,unqueried backlog; Google autocomplete: ai chat analyzer,95
ai chat analyzer online,backlog-tools,TBD,unqueried backlog; Google autocomplete: ai chat analyzer,95
what is ai based chatbot,backlog-tools,TBD,unqueried backlog; Google autocomplete: ai chat analyzer a,80
what is ai chat,backlog-tools,TBD,unqueried backlog; Google autocomplete: ai chat analyzer a,80
ai chat history analysis,backlog-tools,TBD,unqueried backlog; Google autocomplete: ai chat analyzer h,95
difference between chatbot and ai chatbot,backlog-tools,TBD,unqueried backlog; Google autocomplete: ai chat analyzer h,80
ai text message analysis,backlog-tools,TBD,unqueried backlog; Google autocomplete: ai text message analyzer,95
ai relationship advice free,backlog-tools,TBD,unqueried backlog; Google autocomplete: ai relationship advice,80
ai relationship advice app,backlog-tools,TBD,unqueried backlog; Google autocomplete: ai relationship advice,80
ai relationship advice chat,backlog-tools,TBD,unqueried backlog; Google autocomplete: ai relationship advice,80
ai relationship advice chatbot,backlog-tools,TBD,unqueried backlog; Google autocomplete: ai relationship advice,80
ai relationship advice app free,backlog-tools,TBD,unqueried backlog; Google autocomplete: ai relationship advice,80
best ai relationship advice app,backlog-tools,TBD,unqueried backlog; Google autocomplete: ai relationship advice a,80
ask ai relationship advice,backlog-tools,TBD,unqueried backlog; Google autocomplete: ai relationship advice a,80
best ai for relationship advice and psychology,backlog-tools,TBD,unqueried backlog; Google autocomplete: ai relationship advice a,80
ask ai relationship advice free,backlog-tools,TBD,unqueried backlog; Google autocomplete: ai relationship advice a,80
is using ai for relationship advice a bad idea,backlog-tools,TBD,unqueried backlog; Google autocomplete: ai relationship advice a,80
how good is ai relationship advice,backlog-tools,TBD,unqueried backlog; Google autocomplete: ai relationship advice h,80
ai that helps with relationship advice,backlog-tools,TBD,unqueried backlog; Google autocomplete: ai relationship advice h,80
how accurate is ai relationship advice,backlog-tools,TBD,unqueried backlog; Google autocomplete: ai relationship advice h,80
relationship advice ai free,backlog-tools,TBD,unqueried backlog; Google autocomplete: relationship advice ai,80
relationship advice ai chat,backlog-tools,TBD,unqueried backlog; Google autocomplete: relationship advice ai,80
relationship advice ai app,backlog-tools,TBD,unqueried backlog; Google autocomplete: relationship advice ai,80
relationship advice ai chat free,backlog-tools,TBD,unqueried backlog; Google autocomplete: relationship advice ai,80
relationship advice ai chatbot,backlog-tools,TBD,unqueried backlog; Google autocomplete: relationship advice ai,80
relationship advice ai by tars,backlog-tools,TBD,unqueried backlog; Google autocomplete: relationship advice ai,80
best relationship advice ai app,backlog-tools,TBD,unqueried backlog; Google autocomplete: relationship advice ai a,80
ask relationship advice ai,backlog-tools,TBD,unqueried backlog; Google autocomplete: relationship advice ai a,80
is there a relationship advice ai,backlog-tools,TBD,unqueried backlog; Google autocomplete: relationship advice ai a,80
can an ai fall in love,backlog-tools,TBD,unqueried backlog; Google autocomplete: relationship advice ai a,80
crush calculator text analysis,backlog-tools,TBD,unqueried backlog; Google autocomplete: crush calculator a,95
crush crush 20000 lifetime dates,backlog-tools,TBD,unqueried backlog; Google autocomplete: crush calculator a,80
how to figure crush and run,backlog-tools,TBD,unqueried backlog; Google autocomplete: crush calculator h,80
is messaging and texting the same thing,backlog-tools,TBD,unqueried backlog; Google autocomplete: texting compatibility,80
texting app compatible with imessage,backlog-tools,TBD,unqueried backlog; Google autocomplete: texting compatibility a,80
relationship and compatibility questions,backlog-tools,TBD,unqueried backlog; Google autocomplete: relationship compatibility a,80
chatgpt relationship advice free,backlog-tools,TBD,unqueried backlog; Google autocomplete: chatgpt relationship advice,80
chatgpt relationship advice bad,backlog-tools,TBD,unqueried backlog; Google autocomplete: chatgpt relationship advice,80
is chatgpt relationship advice accurate,backlog-tools,TBD,unqueried backlog; Google autocomplete: chatgpt relationship advice a,80
chatgpt and relationship advice,backlog-tools,TBD,unqueried backlog; Google autocomplete: chatgpt relationship advice a,80
asking chatgpt relationship advice,backlog-tools,TBD,unqueried backlog; Google autocomplete: chatgpt relationship advice a,80
relationship advice ai chatgpt,backlog-tools,TBD,unqueried backlog; Google autocomplete: chatgpt relationship advice a,80
chatgpt alternative for relationship advice,backlog-tools,TBD,unqueried backlog; Google autocomplete: chatgpt relationship advice a,80
is using chatgpt for relationship advice a good idea,backlog-tools,TBD,unqueried backlog; Google autocomplete: chatgpt relationship advice a,80
asking chatgpt for relationship advice,backlog-tools,TBD,unqueried backlog; Google autocomplete: chatgpt relationship advice a,80
chatgpt giving relationship advice how reliable is it,backlog-tools,TBD,unqueried backlog; Google autocomplete: chatgpt relationship advice h,80
is asking chat gpt for relationship advice healthy,backlog-tools,TBD,unqueried backlog; Google autocomplete: chatgpt relationship advice h,80
how accurate is chatgpt relationship advice,backlog-tools,TBD,unqueried backlog; Google autocomplete: chatgpt relationship advice h,80
how good is chatgpt relationship advice,backlog-tools,TBD,unqueried backlog; Google autocomplete: chatgpt relationship advice h,80
chatgpt text analysis free,backlog-tools,TBD,unqueried backlog; Google autocomplete: chatgpt text analysis,95
how to analyse texts,backlog-tools,TBD,unqueried backlog; Google autocomplete: chatgpt text analysis h,95
can apple read your imessages,backlog-tools,TBD,unqueried backlog; Google autocomplete: imessage analyzer,80
imessage group chat statistics,backlog-tools,TBD,unqueried backlog; Google autocomplete: imessage chat statistics,95
imessage group chat limit,backlog-tools,TBD,unqueried backlog; Google autocomplete: imessage chat statistics,80
text message statistics app,backlog-tools,TBD,unqueried backlog; Google autocomplete: text message statistics,95
text from statistics canada,backlog-tools,TBD,unqueried backlog; Google autocomplete: text message statistics,95
conversation analysis ai free,backlog-tools,TBD,unqueried backlog; Google autocomplete: conversation analysis ai,95
conversation analysis and ai,backlog-tools,TBD,unqueried backlog; Google autocomplete: conversation analysis ai a,95
using ai to analyze text,backlog-tools,TBD,unqueried backlog; Google autocomplete: conversation analysis ai a,95
what is ai analysis,backlog-tools,TBD,unqueried backlog; Google autocomplete: conversation analysis ai a,95
red flag account limit,backlog-tools,TBD,unqueried backlog; Google autocomplete: relationship red flag checker,80
text decoder from image,backlog-tools,TBD,unqueried backlog; Google autocomplete: text message decoder,95
number to text decoder,backlog-tools,TBD,unqueried backlog; Google autocomplete: text message decoder,95
what does this text mean ai,backlog-tools,TBD,unqueried backlog; Google autocomplete: what does this text mean,80
what does this text mean in english,backlog-tools,TBD,unqueried backlog; Google autocomplete: what does this text mean,80
what does this text mean from a girl,backlog-tools,TBD,unqueried backlog; Google autocomplete: what does this text mean,80
what does this text mean 3,backlog-tools,TBD,unqueried backlog; Google autocomplete: what does this text mean,80
what does this mean text message,backlog-tools,TBD,unqueried backlog; Google autocomplete: what does this text mean,80
what is this text mean,backlog-tools,TBD,unqueried backlog; Google autocomplete: what does this text mean,80
what does text atm mean,backlog-tools,TBD,unqueried backlog; Google autocomplete: what does this text mean a,80
what does text alr mean,backlog-tools,TBD,unqueried backlog; Google autocomplete: what does this text mean a,80
what does text atp mean,backlog-tools,TBD,unqueried backlog; Google autocomplete: what does this text mean a,80
what does a text mean when it's green,backlog-tools,TBD,unqueried backlog; Google autocomplete: what does this text mean a,80
what does text asf mean,backlog-tools,TBD,unqueried backlog; Google autocomplete: what does this text mean a,80
what does text afk mean,backlog-tools,TBD,unqueried backlog; Google autocomplete: what does this text mean a,80
what does a text mean when it's encrypted,backlog-tools,TBD,unqueried backlog; Google autocomplete: what does this text mean a,80
what does text and mean,backlog-tools,TBD,unqueried backlog; Google autocomplete: what does this text mean a,80
what do text hearts mean,backlog-tools,TBD,unqueried backlog; Google autocomplete: what does this text mean h,80
what does a text heyyy mean,backlog-tools,TBD,unqueried backlog; Google autocomplete: what does this text mean h,80
what does the text hbu mean,backlog-tools,TBD,unqueried backlog; Google autocomplete: what does this text mean h,80
what does purple text heart mean,backlog-tools,TBD,unqueried backlog; Google autocomplete: what does this text mean h,80
ai text tone analyzer,backlog-tools,TBD,unqueried backlog; Google autocomplete: text tone analyzer,95
junia ai text tone analyzer,backlog-tools,TBD,unqueried backlog; Google autocomplete: text tone analyzer,95
what is the tone of a text,backlog-tools,TBD,unqueried backlog; Google autocomplete: text tone analyzer,80
signs he likes you over text but is hiding it,backlog-backlog-interest,/does-he-like-me-text-analyzer,unqueried backlog; unqueried first-round backlog; Google autocomplete: signs he likes you over text,80
signs he likes you more than a friend over text,backlog-backlog-interest,/does-he-like-me-text-analyzer,unqueried backlog; unqueried first-round backlog; Google autocomplete: signs he likes you over text a,80
how to tell if he is flirting or being friendly,backlog-backlog-interest,/does-he-like-me-text-analyzer,unqueried backlog; unqueried first-round backlog; Google autocomplete: is he flirting or being friendly h,80
how to tell if a guy likes you through text,backlog-backlog-interest,/does-he-like-me-text-analyzer,unqueried backlog; unqueried first-round backlog; Google autocomplete: how to tell if a guy likes you over text,80
how to tell if a man likes you over text,backlog-backlog-interest,/does-he-like-me-text-analyzer,unqueried backlog; unqueried first-round backlog; Google autocomplete: how to tell if a guy likes you over text,80
how to tell if a guy loves you over text,backlog-backlog-interest,/does-he-like-me-text-analyzer,unqueried backlog; unqueried first-round backlog; Google autocomplete: how to tell if a guy likes you over text,80
why is he interested in me all of a sudden,backlog-backlog-interest,/does-he-like-me-text-analyzer,unqueried backlog; unqueried first-round backlog; Google autocomplete: is he interested in me a,80
how to know if a guy is interested through text,backlog-backlog-interest,/does-he-like-me-text-analyzer,unqueried backlog; unqueried first-round backlog; Google autocomplete: signs a guy is interested through text,80
how to tell if a guy is interested over text,backlog-backlog-interest,/does-he-like-me-text-analyzer,unqueried backlog; unqueried first-round backlog; Google autocomplete: signs a guy is interested through text a,80
how do you know a guy is interested through text,backlog-backlog-interest,/does-he-like-me-text-analyzer,unqueried backlog; unqueried first-round backlog; Google autocomplete: signs a guy is interested through text h,80
how to know a guy is into you through text,backlog-backlog-interest,/does-he-like-me-text-analyzer,unqueried backlog; unqueried first-round backlog; Google autocomplete: signs a guy is interested through text h,80
is he just being nice or does he like me,backlog-backlog-interest,/does-he-like-me-text-analyzer,unqueried backlog; unqueried first-round backlog; Google autocomplete: is he just being nice h,80
is he just being nice or is he into me,backlog-backlog-interest,/does-he-like-me-text-analyzer,unqueried backlog; unqueried first-round backlog; Google autocomplete: is he just being nice h,80
is he losing interest or am i overthinking,backlog-backlog-losing,/is-he-losing-interest,unqueried backlog; unqueried first-round backlog; Google autocomplete: is he losing interest,80
is he losing interest or just comfortable,backlog-backlog-losing,/is-he-losing-interest,unqueried backlog; unqueried first-round backlog; Google autocomplete: is he losing interest,80
is he losing interest or am i just anxious,backlog-backlog-losing,/is-he-losing-interest,unqueried backlog; unqueried first-round backlog; Google autocomplete: is he losing interest a,80
is he losing interest or am i paranoid,backlog-backlog-losing,/is-he-losing-interest,unqueried backlog; unqueried first-round backlog; Google autocomplete: is he losing interest a,80
signs he's losing interest in a relationship,backlog-backlog-losing,/is-he-losing-interest,unqueried backlog; unqueried first-round backlog; Google autocomplete: is he losing interest a,80
is he pulling away or losing interest,backlog-backlog-losing,/is-he-losing-interest,unqueried backlog; unqueried first-round backlog; Google autocomplete: is he losing interest a,80
is he losing interest or is he just busy,backlog-backlog-losing,/is-he-losing-interest,unqueried backlog; unqueried first-round backlog; Google autocomplete: is he losing interest h,80
how to know he's losing interest in you,backlog-backlog-losing,/is-he-losing-interest,unqueried backlog; unqueried first-round backlog; Google autocomplete: is he losing interest h,80
what to do when he's losing interest,backlog-backlog-losing,/is-he-losing-interest,unqueried backlog; unqueried first-round backlog; Google autocomplete: is he losing interest w,80
why is he losing interest in me,backlog-backlog-losing,/is-he-losing-interest,unqueried backlog; unqueried first-round backlog; Google autocomplete: is he losing interest w,80
signs he's losing interest in the relationship,backlog-backlog-losing,/is-he-losing-interest,unqueried backlog; unqueried first-round backlog; Google autocomplete: signs he is losing interest,80
signs he is losing interest in a long distance relationship,backlog-backlog-losing,/is-he-losing-interest,unqueried backlog; unqueried first-round backlog; Google autocomplete: signs he is losing interest a,80
signs he is losing interest in the relationship,backlog-backlog-losing,/is-he-losing-interest,unqueried backlog; unqueried first-round backlog; Google autocomplete: signs he is losing interest a,80
how can you tell when a guy is losing interest,backlog-backlog-losing,/is-he-losing-interest,unqueried backlog; unqueried first-round backlog; Google autocomplete: signs he is losing interest a,80
signs when a guy is losing interest,backlog-backlog-losing,/is-he-losing-interest,unqueried backlog; unqueried first-round backlog; Google autocomplete: signs he is losing interest w,80
why is he texting less after first date,backlog-backlog-losing,/is-he-losing-interest,unqueried backlog; unqueried first-round backlog; Google autocomplete: why is he texting less,80
why is he texting me less now,backlog-backlog-losing,/is-he-losing-interest,unqueried backlog; unqueried first-round backlog; Google autocomplete: why is he texting less,80
why is he suddenly texting me less,backlog-backlog-losing,/is-he-losing-interest,unqueried backlog; unqueried first-round backlog; Google autocomplete: why is he texting less,80
why is he texting me less and less,backlog-backlog-losing,/is-he-losing-interest,unqueried backlog; unqueried first-round backlog; Google autocomplete: why is he texting less a,80
signs he is pulling away from you,backlog-backlog-losing,/is-he-losing-interest,unqueried backlog; unqueried first-round backlog; Google autocomplete: signs he is pulling away,80
signs someone is pulling away from you,backlog-backlog-losing,/is-he-losing-interest,unqueried backlog; unqueried first-round backlog; Google autocomplete: signs he is pulling away,80
signs someone is pulling away in a relationship,backlog-backlog-losing,/is-he-losing-interest,unqueried backlog; unqueried first-round backlog; Google autocomplete: signs he is pulling away,80
signs he's pulling away from a relationship,backlog-backlog-losing,/is-he-losing-interest,unqueried backlog; unqueried first-round backlog; Google autocomplete: signs he is pulling away a,80
signs he is coming back after pulling away,backlog-backlog-losing,/is-he-losing-interest,unqueried backlog; unqueried first-round backlog; Google autocomplete: signs he is pulling away a,80
how to tell if someone is pulling away,backlog-backlog-losing,/is-he-losing-interest,unqueried backlog; unqueried first-round backlog; Google autocomplete: signs he is pulling away a,80
he used to text me everyday but stopped,backlog-backlog-losing,/is-he-losing-interest,unqueried backlog; unqueried first-round backlog; Google autocomplete: he used to text me everyday,80
he used to text me good morning everyday,backlog-backlog-losing,/is-he-losing-interest,unqueried backlog; unqueried first-round backlog; Google autocomplete: he used to text me everyday,80
guy used to text me everyday but not anymore,backlog-backlog-losing,/is-he-losing-interest,unqueried backlog; unqueried first-round backlog; Google autocomplete: he used to text me everyday,80
why does he keep texting me everyday,backlog-backlog-losing,/is-he-losing-interest,unqueried backlog; unqueried first-round backlog; Google autocomplete: he used to text me everyday a,80
is it normal for a guy to text you everyday,backlog-backlog-losing,/is-he-losing-interest,unqueried backlog; unqueried first-round backlog; Google autocomplete: he used to text me everyday w,80
why is he being distant all of a sudden,backlog-backlog-losing,/is-he-losing-interest,unqueried backlog; unqueried first-round backlog; Google autocomplete: why is he being distant,80
why is he being distant after the first date,backlog-backlog-losing,/is-he-losing-interest,unqueried backlog; unqueried first-round backlog; Google autocomplete: why is he being distant,80
why is he being distant after we kissed,backlog-backlog-losing,/is-he-losing-interest,unqueried backlog; unqueried first-round backlog; Google autocomplete: why is he being distant,80
why is he acting distant all of a sudden,backlog-backlog-losing,/is-he-losing-interest,unqueried backlog; unqueried first-round backlog; Google autocomplete: why is he being distant,80
why is he being cold all of a sudden,backlog-backlog-losing,/is-he-losing-interest,unqueried backlog; unqueried first-round backlog; Google autocomplete: why is he being distant,80
what does it mean when a guy becomes distant,backlog-backlog-losing,/is-he-losing-interest,unqueried backlog; unqueried first-round backlog; Google autocomplete: why is he being distant a,80
why does he take long to reply,backlog-backlog-losing,/is-he-losing-interest,unqueried backlog; unqueried first-round backlog; Google autocomplete: he takes longer to reply,80
why is he taking long to reply,backlog-backlog-losing,/is-he-losing-interest,unqueried backlog; unqueried first-round backlog; Google autocomplete: he takes longer to reply,80
he is tired of me what should i do,backlog-backlog-losing,/is-he-losing-interest,unqueried backlog; unqueried first-round backlog; Google autocomplete: is he bored of me,80
one word reply to how are you,backlog-backlog-losing,/is-he-losing-interest,unqueried backlog; unqueried first-round backlog; Google autocomplete: one word replies h,80
my boyfriend never asks me questions about my life,backlog-backlog-losing,/is-he-losing-interest,unqueried backlog; unqueried first-round backlog; Google autocomplete: he never asks me questions,80
when he stops making plans with you,backlog-backlog-losing,/is-he-losing-interest,unqueried backlog; unqueried first-round backlog; Google autocomplete: he stopped making plans,80
is it normal to not text after a first date,backlog-backlog-losing,/is-he-losing-interest,unqueried backlog; unqueried first-round backlog; Google autocomplete: he texts less after first date,80
how to deal with mixed signals from a guy,backlog-backlog-mixed,/mixed-signals-text-analyzer,unqueried backlog; unqueried first-round backlog; Google autocomplete: mixed signals from a guy h,80
how to respond to mixed signals from a guy,backlog-backlog-mixed,/mixed-signals-text-analyzer,unqueried backlog; unqueried first-round backlog; Google autocomplete: mixed signals from a guy h,80
what is hot and cold at the same time,backlog-backlog-mixed,/mixed-signals-text-analyzer,unqueried backlog; unqueried first-round backlog; Google autocomplete: hot and cold texting h,80
why is he so hot and cold with texting,backlog-backlog-mixed,/mixed-signals-text-analyzer,unqueried backlog; unqueried first-round backlog; Google autocomplete: hot and cold texting w,80
how to be hot and cold with a guy,backlog-backlog-mixed,/mixed-signals-text-analyzer,unqueried backlog; unqueried first-round backlog; Google autocomplete: hot and cold texting w,80
he texts me every day but never makes plans,backlog-backlog-mixed,/mixed-signals-text-analyzer,unqueried backlog; unqueried first-round backlog; Google autocomplete: he texts me but never makes plans,80
why do guys act interested then not follow through,backlog-backlog-mixed,/mixed-signals-text-analyzer,unqueried backlog; unqueried first-round backlog; Google autocomplete: he acts interested then disappears,80
we text everyday but he never asks me out,backlog-backlog-mixed,/mixed-signals-text-analyzer,unqueried backlog; unqueried first-round backlog; Google autocomplete: he texts everyday but never asks me out,80
do i like him or am i just lonely,backlog-backlog-mixed,/mixed-signals-text-analyzer,unqueried backlog; unqueried first-round backlog; Google autocomplete: is he interested or just lonely,80
he left me on delivered for a whole day,backlog-backlog-mixed,/mixed-signals-text-analyzer,unqueried backlog; unqueried first-round backlog; Google autocomplete: he leaves me on delivered a,80
why does he leave me on delivered but is active,backlog-backlog-mixed,/mixed-signals-text-analyzer,unqueried backlog; unqueried first-round backlog; Google autocomplete: he leaves me on delivered w,80
why does he ignore my texts if he likes me,backlog-backlog-mixed,/mixed-signals-text-analyzer,unqueried backlog; unqueried first-round backlog; Google autocomplete: why does he ignore my texts,80
why is he ignoring my texts all of a sudden,backlog-backlog-mixed,/mixed-signals-text-analyzer,unqueried backlog; unqueried first-round backlog; Google autocomplete: why does he ignore my texts,80
why is he ignoring my texts but not blocking me,backlog-backlog-mixed,/mixed-signals-text-analyzer,unqueried backlog; unqueried first-round backlog; Google autocomplete: why does he ignore my texts,80
why is he's ignoring my texts after a fight,backlog-backlog-mixed,/mixed-signals-text-analyzer,unqueried backlog; unqueried first-round backlog; Google autocomplete: why does he ignore my texts,80
why is he ignoring my texts on purpose,backlog-backlog-mixed,/mixed-signals-text-analyzer,unqueried backlog; unqueried first-round backlog; Google autocomplete: why does he ignore my texts,80
why is he ignoring my texts and calls,backlog-backlog-mixed,/mixed-signals-text-analyzer,unqueried backlog; unqueried first-round backlog; Google autocomplete: why does he ignore my texts,80
why does he ignore my texts but watches my stories,backlog-backlog-mixed,/mixed-signals-text-analyzer,unqueried backlog; unqueried first-round backlog; Google autocomplete: why does he ignore my texts w,80
am i in a situationship with my friend,backlog-backlog-situationship,/situationship-analyzer,unqueried backlog; unqueried first-round backlog; Google autocomplete: am i in a situationship,80
am i in a situationship with my ex,backlog-backlog-situationship,/situationship-analyzer,unqueried backlog; unqueried first-round backlog; Google autocomplete: am i in a situationship,80
am i in a situationship or are we just friends,backlog-backlog-situationship,/situationship-analyzer,unqueried backlog; unqueried first-round backlog; Google autocomplete: am i in a situationship a,80
am i in a relationship or a situationship,backlog-backlog-situationship,/situationship-analyzer,unqueried backlog; unqueried first-round backlog; Google autocomplete: am i in a situationship a,80
why am i always in a situationship,backlog-backlog-situationship,/situationship-analyzer,unqueried backlog; unqueried first-round backlog; Google autocomplete: am i in a situationship a,80
how should i act in a situationship,backlog-backlog-situationship,/situationship-analyzer,unqueried backlog; unqueried first-round backlog; Google autocomplete: am i in a situationship a,80
how to know you are in a situationship,backlog-backlog-situationship,/situationship-analyzer,unqueried backlog; unqueried first-round backlog; Google autocomplete: am i in a situationship a,80
how to know if i am in a situationship,backlog-backlog-situationship,/situationship-analyzer,unqueried backlog; unqueried first-round backlog; Google autocomplete: am i in a situationship h,80
am i in a situationship or friends with benefits,backlog-backlog-situationship,/situationship-analyzer,unqueried backlog; unqueried first-round backlog; Google autocomplete: am i in a situationship w,80
i am in a situationship what should i do,backlog-backlog-situationship,/situationship-analyzer,unqueried backlog; unqueried first-round backlog; Google autocomplete: am i in a situationship w,80
why am i stuck in a situationship,backlog-backlog-situationship,/situationship-analyzer,unqueried backlog; unqueried first-round backlog; Google autocomplete: am i in a situationship w,80
what are the signs of a situationship in a relationship,backlog-backlog-situationship,/situationship-analyzer,unqueried backlog; unqueried first-round backlog; Google autocomplete: signs of a situationship a,80
when should you walk away from a situationship,backlog-backlog-situationship,/situationship-analyzer,unqueried backlog; unqueried first-round backlog; Google autocomplete: signs of a situationship a,80
is my situationship in love with me,backlog-backlog-situationship,/situationship-analyzer,unqueried backlog; unqueried first-round backlog; Google autocomplete: does my situationship like me w,80
why won't he commit to a relationship,backlog-backlog-situationship,/situationship-analyzer,unqueried backlog; unqueried first-round backlog; Google autocomplete: why wont he commit,80
why won t he commit to marriage,backlog-backlog-situationship,/situationship-analyzer,unqueried backlog; unqueried first-round backlog; Google autocomplete: why wont he commit,80
why won t he commit after 2 years,backlog-backlog-situationship,/situationship-analyzer,unqueried backlog; unqueried first-round backlog; Google autocomplete: why wont he commit,80
why he won t commit to you,backlog-backlog-situationship,/situationship-analyzer,unqueried backlog; unqueried first-round backlog; Google autocomplete: why wont he commit,80
why can t he commit to me,backlog-backlog-situationship,/situationship-analyzer,unqueried backlog; unqueried first-round backlog; Google autocomplete: why wont he commit,80
why won t he commit to a relationship,backlog-backlog-situationship,/situationship-analyzer,unqueried backlog; unqueried first-round backlog; Google autocomplete: why wont he commit a,80
if he loves me why won t he commit,backlog-backlog-situationship,/situationship-analyzer,unqueried backlog; unqueried first-round backlog; Google autocomplete: why wont he commit h,80
what are the red flag in a relationship,backlog-backlog-situationship,/situationship-analyzer,unqueried backlog; unqueried first-round backlog; Google autocomplete: situationship red flags,80
what does red flag in a relationship mean,backlog-backlog-situationship,/situationship-analyzer,unqueried backlog; unqueried first-round backlog; Google autocomplete: situationship red flags,80
how should communication be in a relationship,backlog-backlog-situationship,/situationship-analyzer,unqueried backlog; unqueried first-round backlog; Google autocomplete: situationship communication,80
what is a one sided relationship called,backlog-backlog-situationship,/situationship-analyzer,unqueried backlog; unqueried first-round backlog; Google autocomplete: one sided situationship a,80
how to set boundaries in a situationship,backlog-backlog-situationship,/situationship-analyzer,unqueried backlog; unqueried first-round backlog; Google autocomplete: situationship boundaries w,80
what is the highest relationship level in expedition 33,backlog-backlog-situationship,/situationship-analyzer,unqueried backlog; unqueried first-round backlog; Google autocomplete: define the relationship h,80
how to ask where is this relationship going,backlog-backlog-situationship,/situationship-analyzer,unqueried backlog; unqueried first-round backlog; Google autocomplete: where is this relationship going,80
where do you see this relationship going answer,backlog-backlog-situationship,/situationship-analyzer,unqueried backlog; unqueried first-round backlog; Google autocomplete: where is this relationship going a,80
why is my ex texting me after breakup,backlog-backlog-ex,/ex-text-analyzer,unqueried backlog; unqueried first-round backlog; Google autocomplete: why is my ex texting me,80
why is my ex texting me after months,backlog-backlog-ex,/ex-text-analyzer,unqueried backlog; unqueried first-round backlog; Google autocomplete: why is my ex texting me,80
why is my ex texting me everyday,backlog-backlog-ex,/ex-text-analyzer,unqueried backlog; unqueried first-round backlog; Google autocomplete: why is my ex texting me,80
why is my ex texting me after 5 years,backlog-backlog-ex,/ex-text-analyzer,unqueried backlog; unqueried first-round backlog; Google autocomplete: why is my ex texting me,80
why is my ex texting me after 2 years,backlog-backlog-ex,/ex-text-analyzer,unqueried backlog; unqueried first-round backlog; Google autocomplete: why is my ex texting me,80
why is my ex texting me after a year,backlog-backlog-ex,/ex-text-analyzer,unqueried backlog; unqueried first-round backlog; Google autocomplete: why is my ex texting me,80
why is my ex texting me random things,backlog-backlog-ex,/ex-text-analyzer,unqueried backlog; unqueried first-round backlog; Google autocomplete: why is my ex texting me,80
why is my ex texting me after 3 years,backlog-backlog-ex,/ex-text-analyzer,unqueried backlog; unqueried first-round backlog; Google autocomplete: why is my ex texting me a,80
why is my ex texting me after years,backlog-backlog-ex,/ex-text-analyzer,unqueried backlog; unqueried first-round backlog; Google autocomplete: why is my ex texting me a,80
why is my ex texting me after 4 years,backlog-backlog-ex,/ex-text-analyzer,unqueried backlog; unqueried first-round backlog; Google autocomplete: why is my ex texting me a,80
why is my ex texting me after 10 years,backlog-backlog-ex,/ex-text-analyzer,unqueried backlog; unqueried first-round backlog; Google autocomplete: why is my ex texting me a,80
why is my ex texting me after no contact,backlog-backlog-ex,/ex-text-analyzer,unqueried backlog; unqueried first-round backlog; Google autocomplete: why is my ex texting me a,80
why is my ex contacting me after 2 years,backlog-backlog-ex,/ex-text-analyzer,unqueried backlog; unqueried first-round backlog; Google autocomplete: why is my ex texting me a,80
why is my ex texting me happy birthday,backlog-backlog-ex,/ex-text-analyzer,unqueried backlog; unqueried first-round backlog; Google autocomplete: why is my ex texting me h,80
why is my ex texting me like nothing happened,backlog-backlog-ex,/ex-text-analyzer,unqueried backlog; unqueried first-round backlog; Google autocomplete: why is my ex texting me h,80
why is my ex husband texting me,backlog-backlog-ex,/ex-text-analyzer,unqueried backlog; unqueried first-round backlog; Google autocomplete: why is my ex texting me h,80
why did my ex text me happy new year,backlog-backlog-ex,/ex-text-analyzer,unqueried backlog; unqueried first-round backlog; Google autocomplete: why is my ex texting me h,80
why is my ex contacting me while in a relationship,backlog-backlog-ex,/ex-text-analyzer,unqueried backlog; unqueried first-round backlog; Google autocomplete: why is my ex texting me w,80
why does my ex text me when he's drunk,backlog-backlog-ex,/ex-text-analyzer,unqueried backlog; unqueried first-round backlog; Google autocomplete: why is my ex texting me w,80
does my ex want me back after no contact,backlog-backlog-ex,/ex-text-analyzer,unqueried backlog; unqueried first-round backlog; Google autocomplete: does my ex want me back,80
will my ex want me back after no contact,backlog-backlog-ex,/ex-text-analyzer,unqueried backlog; unqueried first-round backlog; Google autocomplete: does my ex want me back a,80
why does my ex want me back after 3 years,backlog-backlog-ex,/ex-text-analyzer,unqueried backlog; unqueried first-round backlog; Google autocomplete: does my ex want me back a,80
why does my ex want me back after a year,backlog-backlog-ex,/ex-text-analyzer,unqueried backlog; unqueried first-round backlog; Google autocomplete: does my ex want me back a,80
why does my ex want me back after dumping me,backlog-backlog-ex,/ex-text-analyzer,unqueried backlog; unqueried first-round backlog; Google autocomplete: does my ex want me back a,80
my ex apologized does he want me back,backlog-backlog-ex,/ex-text-analyzer,unqueried backlog; unqueried first-round backlog; Google autocomplete: does my ex want me back h,80
why do all my exes want me back,backlog-backlog-ex,/ex-text-analyzer,unqueried backlog; unqueried first-round backlog; Google autocomplete: does my ex want me back h,80
why does my ex want me back so bad,backlog-backlog-ex,/ex-text-analyzer,unqueried backlog; unqueried first-round backlog; Google autocomplete: does my ex want me back w,80
ex reached out to see how i was doing,backlog-backlog-ex,/ex-text-analyzer,unqueried backlog; unqueried first-round backlog; Google autocomplete: ex reaching out h,80
ex reached out to ask how i am,backlog-backlog-ex,/ex-text-analyzer,unqueried backlog; unqueried first-round backlog; Google autocomplete: ex reaching out h,80
ex reaches out while i'm seeing someone else,backlog-backlog-ex,/ex-text-analyzer,unqueried backlog; unqueried first-round backlog; Google autocomplete: ex reaching out w,80
ex reached out 2 weeks into no contact,backlog-backlog-ex,/ex-text-analyzer,unqueried backlog; unqueried first-round backlog; Google autocomplete: ex reaching out w,80
my ex reached out what should i do,backlog-backlog-ex,/ex-text-analyzer,unqueried backlog; unqueried first-round backlog; Google autocomplete: ex reaching out w,80
my ex reached out what do i say,backlog-backlog-ex,/ex-text-analyzer,unqueried backlog; unqueried first-round backlog; Google autocomplete: ex reaching out w,80
what to text when your ex texts you,backlog-backlog-ex,/ex-text-analyzer,unqueried backlog; unqueried first-round backlog; Google autocomplete: ex text messages h,80
what does it mean when your ex texts you,backlog-backlog-ex,/ex-text-analyzer,unqueried backlog; unqueried first-round backlog; Google autocomplete: ex text messages h,80
ex boyfriend sending hurtful texts after no contact,backlog-backlog-ex,/ex-text-analyzer,unqueried backlog; unqueried first-round backlog; Google autocomplete: ex texts after no contact,80
when your ex texts you after no contact,backlog-backlog-ex,/ex-text-analyzer,unqueried backlog; unqueried first-round backlog; Google autocomplete: ex texts after no contact,80
texts to send an ex after no contact,backlog-backlog-ex,/ex-text-analyzer,unqueried backlog; unqueried first-round backlog; Google autocomplete: ex texts after no contact a,80
will my ex text me after no contact,backlog-backlog-ex,/ex-text-analyzer,unqueried backlog; unqueried first-round backlog; Google autocomplete: ex texts after no contact h,80
does my ex miss me after 3 months,backlog-backlog-ex,/ex-text-analyzer,unqueried backlog; unqueried first-round backlog; Google autocomplete: does my ex miss me,80
does my ex miss me after 6 months,backlog-backlog-ex,/ex-text-analyzer,unqueried backlog; unqueried first-round backlog; Google autocomplete: does my ex miss me,80
does my ex miss me during no contact,backlog-backlog-ex,/ex-text-analyzer,unqueried backlog; unqueried first-round backlog; Google autocomplete: does my ex miss me,80
does my ex miss me after no contact,backlog-backlog-ex,/ex-text-analyzer,unqueried backlog; unqueried first-round backlog; Google autocomplete: does my ex miss me a,80
does my ex miss me after 4 months,backlog-backlog-ex,/ex-text-analyzer,unqueried backlog; unqueried first-round backlog; Google autocomplete: does my ex miss me a,80
does my ex miss me after 2 months,backlog-backlog-ex,/ex-text-analyzer,unqueried backlog; unqueried first-round backlog; Google autocomplete: does my ex miss me a,80
does my ex miss me after 2 years,backlog-backlog-ex,/ex-text-analyzer,unqueried backlog; unqueried first-round backlog; Google autocomplete: does my ex miss me a,80
does my ex miss me after 5 months,backlog-backlog-ex,/ex-text-analyzer,unqueried backlog; unqueried first-round backlog; Google autocomplete: does my ex miss me a,80
will my ex miss me after break up,backlog-backlog-ex,/ex-text-analyzer,unqueried backlog; unqueried first-round backlog; Google autocomplete: does my ex miss me a,80
will my ex miss me after no contact,backlog-backlog-ex,/ex-text-analyzer,unqueried backlog; unqueried first-round backlog; Google autocomplete: does my ex miss me a,80
will my ex miss me on his birthday,backlog-backlog-ex,/ex-text-analyzer,unqueried backlog; unqueried first-round backlog; Google autocomplete: does my ex miss me h,80
does my ex husband miss me after no contact,backlog-backlog-ex,/ex-text-analyzer,unqueried backlog; unqueried first-round backlog; Google autocomplete: does my ex miss me h,80
will my ex miss me if he's with someone else,backlog-backlog-ex,/ex-text-analyzer,unqueried backlog; unqueried first-round backlog; Google autocomplete: does my ex miss me h,80
does my ex miss me while in a rebound,backlog-backlog-ex,/ex-text-analyzer,unqueried backlog; unqueried first-round backlog; Google autocomplete: does my ex miss me w,80
why does my ex miss me all of a sudden,backlog-backlog-ex,/ex-text-analyzer,unqueried backlog; unqueried first-round backlog; Google autocomplete: does my ex miss me w,80
why does my ex miss me so much,backlog-backlog-ex,/ex-text-analyzer,unqueried backlog; unqueried first-round backlog; Google autocomplete: does my ex miss me w,80
when will my ex miss me during no contact,backlog-backlog-ex,/ex-text-analyzer,unqueried backlog; unqueried first-round backlog; Google autocomplete: does my ex miss me w,80
why is my ex checking in on me,backlog-backlog-ex,/ex-text-analyzer,unqueried backlog; unqueried first-round backlog; Google autocomplete: ex checking in w,80
ex says he misses me but is with someone else,backlog-backlog-ex,/ex-text-analyzer,unqueried backlog; unqueried first-round backlog; Google autocomplete: ex says he misses me,80
ex says he misses me but makes no effort,backlog-backlog-ex,/ex-text-analyzer,unqueried backlog; unqueried first-round backlog; Google autocomplete: ex says he misses me,80
my ex says he misses me during no contact,backlog-backlog-ex,/ex-text-analyzer,unqueried backlog; unqueried first-round backlog; Google autocomplete: ex says he misses me,80
my ex said he misses me after no contact,backlog-backlog-ex,/ex-text-analyzer,unqueried backlog; unqueried first-round backlog; Google autocomplete: ex says he misses me a,80
what does it mean when your ex misses you,backlog-backlog-ex,/ex-text-analyzer,unqueried backlog; unqueried first-round backlog; Google autocomplete: ex says he misses me a,80
what to say if my ex says he misses me,backlog-backlog-ex,/ex-text-analyzer,unqueried backlog; unqueried first-round backlog; Google autocomplete: ex says he misses me w,80
ex wants to be friends after no contact,backlog-backlog-ex,/ex-text-analyzer,unqueried backlog; unqueried first-round backlog; Google autocomplete: ex wants to be friends,80
ex wants to be friends after break up,backlog-backlog-ex,/ex-text-analyzer,unqueried backlog; unqueried first-round backlog; Google autocomplete: ex wants to be friends,80
ex wants to be friends but i still have feelings,backlog-backlog-ex,/ex-text-analyzer,unqueried backlog; unqueried first-round backlog; Google autocomplete: ex wants to be friends,80
ex wants to be friends but is distant,backlog-backlog-ex,/ex-text-analyzer,unqueried backlog; unqueried first-round backlog; Google autocomplete: ex wants to be friends,80
ex wants to be friends after 2 months,backlog-backlog-ex,/ex-text-analyzer,unqueried backlog; unqueried first-round backlog; Google autocomplete: ex wants to be friends,80
ex wants to be friends and see where it goes,backlog-backlog-ex,/ex-text-analyzer,unqueried backlog; unqueried first-round backlog; Google autocomplete: ex wants to be friends a,80
ex wants to be friends after 2 years,backlog-backlog-ex,/ex-text-analyzer,unqueried backlog; unqueried first-round backlog; Google autocomplete: ex wants to be friends a,80
ex wants to be friends but it hurts,backlog-backlog-ex,/ex-text-analyzer,unqueried backlog; unqueried first-round backlog; Google autocomplete: ex wants to be friends h,80
ex husband wants to be friends with benefits,backlog-backlog-ex,/ex-text-analyzer,unqueried backlog; unqueried first-round backlog; Google autocomplete: ex wants to be friends h,80
ex said he wants to be friends but ignores me,backlog-backlog-ex,/ex-text-analyzer,unqueried backlog; unqueried first-round backlog; Google autocomplete: ex wants to be friends h,80
ex said he wanted to be friends then ghosted me,backlog-backlog-ex,/ex-text-analyzer,unqueried backlog; unqueried first-round backlog; Google autocomplete: ex wants to be friends h,80
ex wants to be friends while dating someone else,backlog-backlog-ex,/ex-text-analyzer,unqueried backlog; unqueried first-round backlog; Google autocomplete: ex wants to be friends w,80
ex boyfriend wants to be friends with benefits,backlog-backlog-ex,/ex-text-analyzer,unqueried backlog; unqueried first-round backlog; Google autocomplete: ex wants to be friends w,80
ex just wants to be friends with benefits,backlog-backlog-ex,/ex-text-analyzer,unqueried backlog; unqueried first-round backlog; Google autocomplete: ex wants to be friends w,80
why is my ex hot and cold after no contact,backlog-backlog-ex,/ex-text-analyzer,unqueried backlog; unqueried first-round backlog; Google autocomplete: ex hot and cold a,80
why is an ex hot and cold,backlog-backlog-ex,/ex-text-analyzer,unqueried backlog; unqueried first-round backlog; Google autocomplete: ex hot and cold a,80
why is my ex hot and cold,backlog-backlog-ex,/ex-text-analyzer,unqueried backlog; unqueried first-round backlog; Google autocomplete: ex hot and cold h,80
why is my ex hot and cold with me,backlog-backlog-ex,/ex-text-analyzer,unqueried backlog; unqueried first-round backlog; Google autocomplete: ex hot and cold w,80
why is my ex boyfriend hot and cold with me,backlog-backlog-ex,/ex-text-analyzer,unqueried backlog; unqueried first-round backlog; Google autocomplete: ex hot and cold w,80
why does my ex text me then disappear,backlog-backlog-ex,/ex-text-analyzer,unqueried backlog; unqueried first-round backlog; Google autocomplete: ex texts then disappears,80
why is my ex drunk texting me,backlog-backlog-ex,/ex-text-analyzer,unqueried backlog; unqueried first-round backlog; Google autocomplete: ex drunk texting,80
what does it mean when an ex drunk texts you,backlog-backlog-ex,/ex-text-analyzer,unqueried backlog; unqueried first-round backlog; Google autocomplete: ex drunk texting,80
who starts a conversation like this i just sat down,backlog-backlog-initiation,/tools/who-texts-first,unqueried backlog; unqueried first-round backlog; Google autocomplete: who initiates conversation a,80
one sided friendship texting lack of care unsustainable,backlog-backlog-initiation,/tools/who-texts-first,unqueried backlog; unqueried first-round backlog; Google autocomplete: one sided texting,80
why do guys only respond to one text,backlog-backlog-initiation,/tools/who-texts-first,unqueried backlog; unqueried first-round backlog; Google autocomplete: one sided texting a,80
why can i only send text messages to one person,backlog-backlog-initiation,/tools/who-texts-first,unqueried backlog; unqueried first-round backlog; Google autocomplete: one sided texting a,80
when the conversation feels one sided when texting,backlog-backlog-initiation,/tools/who-texts-first,unqueried backlog; unqueried first-round backlog; Google autocomplete: one sided texting w,80
i always text him first and he responds quickly,backlog-backlog-initiation,/tools/who-texts-first,unqueried backlog; unqueried first-round backlog; Google autocomplete: i always text first a,80
as a guy should i always text first,backlog-backlog-initiation,/tools/who-texts-first,unqueried backlog; unqueried first-round backlog; Google autocomplete: i always text first a,80
i am always the one to text first,backlog-backlog-initiation,/tools/who-texts-first,unqueried backlog; unqueried first-round backlog; Google autocomplete: i always text first a,80
i am always the first to text him,backlog-backlog-initiation,/tools/who-texts-first,unqueried backlog; unqueried first-round backlog; Google autocomplete: i always text first a,80
why do i always text him first,backlog-backlog-initiation,/tools/who-texts-first,unqueried backlog; unqueried first-round backlog; Google autocomplete: i always text first w,80
what to do if i always text first,backlog-backlog-initiation,/tools/who-texts-first,unqueried backlog; unqueried first-round backlog; Google autocomplete: i always text first w,80
i stopped texting first and we never spoke again,backlog-backlog-initiation,/tools/who-texts-first,unqueried backlog; unqueried first-round backlog; Google autocomplete: should i stop texting first a,80
should i stop texting if i always text first,backlog-backlog-initiation,/tools/who-texts-first,unqueried backlog; unqueried first-round backlog; Google autocomplete: should i stop texting first a,80
should i stop texting someone who never texts first,backlog-backlog-initiation,/tools/who-texts-first,unqueried backlog; unqueried first-round backlog; Google autocomplete: should i stop texting first w,80
why do i always initiate conversation with him,backlog-backlog-initiation,/tools/who-texts-first,unqueried backlog; unqueried first-round backlog; Google autocomplete: why do i always initiate conversations,80
why do i always initiate conversation after a fight,backlog-backlog-initiation,/tools/who-texts-first,unqueried backlog; unqueried first-round backlog; Google autocomplete: why do i always initiate conversations,80
why do i always have to initiate conversations,backlog-backlog-initiation,/tools/who-texts-first,unqueried backlog; unqueried first-round backlog; Google autocomplete: why do i always initiate conversations,80
why do i always initiate the texting conversation,backlog-backlog-initiation,/tools/who-texts-first,unqueried backlog; unqueried first-round backlog; Google autocomplete: why do i always initiate conversations,80
why am i always the one initiating conversations,backlog-backlog-initiation,/tools/who-texts-first,unqueried backlog; unqueried first-round backlog; Google autocomplete: why do i always initiate conversations,80
why do people always start conversations with me,backlog-backlog-initiation,/tools/who-texts-first,unqueried backlog; unqueried first-round backlog; Google autocomplete: why do i always initiate conversations,80
why do i always initiate the conversation,backlog-backlog-initiation,/tools/who-texts-first,unqueried backlog; unqueried first-round backlog; Google autocomplete: why do i always initiate conversations a,80
why do i always start the conversation with him,backlog-backlog-initiation,/tools/who-texts-first,unqueried backlog; unqueried first-round backlog; Google autocomplete: why do i always initiate conversations a,80
why do i always have to start a conversation,backlog-backlog-initiation,/tools/who-texts-first,unqueried backlog; unqueried first-round backlog; Google autocomplete: why do i always initiate conversations a,80
why do people start conversations with me,backlog-backlog-initiation,/tools/who-texts-first,unqueried backlog; unqueried first-round backlog; Google autocomplete: why do i always initiate conversations w,80
why do people not initiate conversations with me,backlog-backlog-initiation,/tools/who-texts-first,unqueried backlog; unqueried first-round backlog; Google autocomplete: why do i always initiate conversations w,80
he replies to my texts but never initiates,backlog-backlog-initiation,/tools/who-texts-first,unqueried backlog; unqueried first-round backlog; Google autocomplete: he replies but never initiates,80
he replies quickly to my texts but never initiates,backlog-backlog-initiation,/tools/who-texts-first,unqueried backlog; unqueried first-round backlog; Google autocomplete: he replies but never initiates,80
why don't guys text back right away,backlog-backlog-initiation,/tools/who-texts-first,unqueried backlog; unqueried first-round backlog; Google autocomplete: he replies but never initiates,80
should i text him first after a date,backlog-backlog-initiation,/tools/who-texts-first,unqueried backlog; unqueried first-round backlog; Google autocomplete: should i text him first,80
should i text him first after a fight,backlog-backlog-initiation,/tools/who-texts-first,unqueried backlog; unqueried first-round backlog; Google autocomplete: should i text him first,80
should i text him first in the morning,backlog-backlog-initiation,/tools/who-texts-first,unqueried backlog; unqueried first-round backlog; Google autocomplete: should i text him first,80
should i text him first after no contact,backlog-backlog-initiation,/tools/who-texts-first,unqueried backlog; unqueried first-round backlog; Google autocomplete: should i text him first,80
should i text him first in talking stage,backlog-backlog-initiation,/tools/who-texts-first,unqueried backlog; unqueried first-round backlog; Google autocomplete: should i text him first,80
should i text him first after an argument,backlog-backlog-initiation,/tools/who-texts-first,unqueried backlog; unqueried first-round backlog; Google autocomplete: should i text him first,80
should i text him first after a week of silence,backlog-backlog-initiation,/tools/who-texts-first,unqueried backlog; unqueried first-round backlog; Google autocomplete: should i text him first,80
should i text him first after break up,backlog-backlog-initiation,/tools/who-texts-first,unqueried backlog; unqueried first-round backlog; Google autocomplete: should i text him first a,80
should i text him first after hanging out,backlog-backlog-initiation,/tools/who-texts-first,unqueried backlog; unqueried first-round backlog; Google autocomplete: should i text him first a,80
should i text him first after second date,backlog-backlog-initiation,/tools/who-texts-first,unqueried backlog; unqueried first-round backlog; Google autocomplete: should i text him first a,80
should i text him first or wait for him,backlog-backlog-initiation,/tools/who-texts-first,unqueried backlog; unqueried first-round backlog; Google autocomplete: should i text him first h,80
should i text him first or let him text me,backlog-backlog-initiation,/tools/who-texts-first,unqueried backlog; unqueried first-round backlog; Google autocomplete: should i text him first h,80
when should i text him after first date,backlog-backlog-initiation,/tools/who-texts-first,unqueried backlog; unqueried first-round backlog; Google autocomplete: should i text him first w,80
we had a fight should i text him first,backlog-backlog-initiation,/tools/who-texts-first,unqueried backlog; unqueried first-round backlog; Google autocomplete: should i text him first w,80
